%
(Header)
(Generated by gcodetools from Inkscape.)
(Using default header. To add your own header create file "header" in the output dir.)
M3
(Header end.)
G21 (All units in mm)

(Start cutting path id: path2)
(Change tool to Default tool)

G00 Z5.000000
G00 X26.187549 Y33.106881

G01 Z-1.000000 F100.0(Penetrate)
G01 X26.178900 Y33.103832 Z-1.000000 F3500.000000
G03 X26.149309 Y33.085177 Z-1.000000 I0.193829 J-0.340245
G03 X25.973717 Y32.942712 Z-1.000000 I0.866771 J-1.247761
G03 X25.886276 Y32.837130 Z-1.000000 I0.383301 J-0.406443
G02 X25.796948 Y32.746018 Z-1.000000 I-0.262261 J0.167782
G02 X25.710576 Y32.719824 Z-1.000000 I-0.086372 J0.129305
G01 X25.681217 Y32.753466 Z-1.000000
G02 X25.730726 Y32.866069 Z-1.000000 I0.221660 J-0.030275
G03 X25.793363 Y32.947552 Z-1.000000 I-1.057678 J0.877868
G01 X25.796876 Y32.964254 Z-1.000000
G01 X25.796359 Y32.964770 Z-1.000000
G01 X25.796359 Y32.965287 Z-1.000000
G01 X25.795842 Y32.965804 Z-1.000000
G01 X25.795842 Y32.966321 Z-1.000000
G01 X25.795326 Y32.966837 Z-1.000000
G01 X25.794809 Y32.967354 Z-1.000000
G01 X25.794292 Y32.967871 Z-1.000000
G01 X25.793775 Y32.968388 Z-1.000000
G01 X25.793259 Y32.968905 Z-1.000000
G01 X25.770638 Y32.968927 Z-1.000000
G03 X25.611874 Y32.902242 Z-1.000000 I1.036243 J-2.689419
G03 X25.266907 Y32.616547 Z-1.000000 I0.355623 J-0.780519
G03 X25.165390 Y32.268688 Z-1.000000 I0.455389 J-0.321640
G01 X25.166665 Y32.263189 Z-1.000000
G01 X25.168490 Y32.259898 Z-1.000000
G01 X25.168784 Y32.259620 Z-1.000000
G01 X25.169490 Y32.258868 Z-1.000000
G01 X25.170007 Y32.258352 Z-1.000000
G01 X25.170854 Y32.258061 Z-1.000000
G01 X25.171507 Y32.257835 Z-1.000000
G01 X25.197232 Y32.264589 Z-1.000000
G03 X25.306383 Y32.384959 Z-1.000000 I-0.619758 J0.671668
G02 X25.407681 Y32.511532 Z-1.000000 I2.310940 J-1.745665
G01 X25.428856 Y32.520351 Z-1.000000
G01 X25.429373 Y32.520351 Z-1.000000
G01 X25.429889 Y32.520351 Z-1.000000
G01 X25.430406 Y32.520351 Z-1.000000
G01 X25.431235 Y32.520102 Z-1.000000
G01 X25.431906 Y32.519835 Z-1.000000
G01 X25.443336 Y32.502788 Z-1.000000
G02 X25.452056 Y32.384959 Z-1.000000 I-1.670759 J-0.182885
G03 X25.479448 Y32.320455 Z-1.000000 I0.099021 J0.003982
G01 X25.508386 Y32.326048 Z-1.000000
G02 X25.576060 Y32.436985 Z-1.000000 I0.362738 J-0.145168
G02 X25.947635 Y32.832477 Z-1.000000 I5.202377 J-4.515472
G03 X26.179861 Y33.075785 Z-1.000000 I-3.743564 J3.805538
G01 X26.192065 Y33.103262 Z-1.000000
G01 X26.192065 Y33.103778 Z-1.000000
G01 X26.192065 Y33.104295 Z-1.000000
G01 X26.192065 Y33.104812 Z-1.000000
G01 X26.192065 Y33.105329 Z-1.000000
G01 X26.191548 Y33.105329 Z-1.000000
G01 X26.191548 Y33.105845 Z-1.000000
G01 X26.191031 Y33.106362 Z-1.000000
G01 X26.190514 Y33.106362 Z-1.000000
G01 X26.189998 Y33.106879 Z-1.000000
G01 X26.189481 Y33.106879 Z-1.000000
G01 X26.188922 Y33.106874 Z-1.000000
G01 X26.187881 Y33.106879 Z-1.000000
G01 X26.187549 Y33.106881 Z-1.000000
G00 Z5.000000

(End cutting path id: path2)


(Start cutting path id: path2)
(Change tool to Default tool)

G00 Z5.000000
G00 X26.220622 Y32.340519

G01 Z-1.000000 F100.0(Penetrate)
G03 X26.164811 Y32.323870 Z-1.000000 I-0.001246 J-0.097691 F3500.000000
G03 X26.029936 Y32.210295 Z-1.000000 I0.459800 J-0.682904
G03 X25.926710 Y32.099526 Z-1.000000 I4.022915 J-3.852479
G01 X25.919348 Y32.084721 Z-1.000000
G01 X25.919348 Y32.084204 Z-1.000000
G01 X25.919348 Y32.083687 Z-1.000000
G01 X25.919348 Y32.083171 Z-1.000000
G01 X25.919348 Y32.082654 Z-1.000000
G01 X25.919865 Y32.082654 Z-1.000000
G01 X25.919865 Y32.082137 Z-1.000000
G01 X25.920382 Y32.082137 Z-1.000000
G01 X25.920898 Y32.081620 Z-1.000000
G01 X25.921415 Y32.081620 Z-1.000000
G01 X25.937863 Y32.085646 Z-1.000000
G03 X26.074894 Y32.165336 Z-1.000000 I-2.766228 J4.914340
G03 X26.237526 Y32.294927 Z-1.000000 I-0.407088 J0.677726
G01 X26.237158 Y32.334318 Z-1.000000
G01 X26.230508 Y32.338615 Z-1.000000
G01 X26.220618 Y32.340518 Z-1.000000
G01 X26.220622 Y32.340519 Z-1.000000
G00 Z5.000000

(End cutting path id: path2)


(Start cutting path id: path2)
(Change tool to Default tool)

G00 Z5.000000
G00 X25.787573 Y31.838224

G01 Z-1.000000 F100.0(Penetrate)
G03 X25.754339 Y31.819817 Z-1.000000 I0.008989 J-0.055434 F3500.000000
G03 X25.651664 Y31.681645 Z-1.000000 I0.801275 J-0.702660
G03 X25.594497 Y31.529654 Z-1.000000 I0.349221 J-0.218095
G01 X25.621694 Y31.497677 Z-1.000000
G03 X25.828996 Y31.624171 Z-1.000000 I-0.000000 J0.233113
G03 X25.795843 Y31.836157 Z-1.000000 I-0.161897 J0.083266
G01 X25.795327 Y31.836674 Z-1.000000
G01 X25.794810 Y31.836674 Z-1.000000
G01 X25.791686 Y31.837985 Z-1.000000
G01 X25.787610 Y31.838224 Z-1.000000
G01 X25.787573 Y31.838224 Z-1.000000
G00 Z5.000000

(End cutting path id: path2)


(Start cutting path id: path2)
(Change tool to Default tool)

G00 Z5.000000
G00 X25.644430 Y31.383988

G01 Z-1.000000 F100.0(Penetrate)
G03 X25.426290 Y31.329000 Z-1.000000 I0.002167 J-0.468776 F3500.000000
G03 X25.350391 Y31.202604 Z-1.000000 I0.067295 J-0.126396
G01 X25.384218 Y31.171654 Z-1.000000
G03 X25.546761 Y31.220174 Z-1.000000 I-0.037611 J0.422516
G03 X25.700780 Y31.331104 Z-1.000000 I-0.338070 J0.631779
G01 X25.701274 Y31.366418 Z-1.000000
G01 X25.679783 Y31.379091 Z-1.000000
G03 X25.644434 Y31.383988 Z-1.000000 I-0.034767 J-0.120908
G01 X25.644430 Y31.383988 Z-1.000000
G00 Z5.000000

(End cutting path id: path2)


(Start cutting path id: path2)
(Change tool to Default tool)

G00 Z5.000000
G00 X25.316801 Y30.997448

G01 Z-1.000000 F100.0(Penetrate)
G03 X25.285757 Y30.987733 Z-1.000000 I0.005725 J-0.072750 F3500.000000
G03 X25.213965 Y30.937503 Z-1.000000 I0.268048 J-0.459533
G02 X25.068564 Y30.870208 Z-1.000000 I-0.199542 J0.240411
G02 X24.896155 Y30.881692 Z-1.000000 I-0.062809 J0.356970
G03 X24.662607 Y30.804565 Z-1.000000 I-0.063475 J-0.199959
G03 X24.653276 Y30.545278 Z-1.000000 I0.189163 J-0.136619
G02 X24.635416 Y30.275113 Z-1.000000 I-0.198292 J-0.122564
G02 X24.400061 Y30.235737 Z-1.000000 I-0.140154 J0.114652
G01 X24.330992 Y30.208248 Z-1.000000
G03 X24.312731 Y29.910692 Z-1.000000 I0.724653 J-0.193811
G02 X24.278558 Y29.846257 Z-1.000000 I-0.061620 J-0.008599
G02 X24.172171 Y29.841442 Z-1.000000 I-0.058708 J0.119431
G03 X24.087232 Y29.828565 Z-1.000000 I-0.031144 J-0.081139
G03 X24.068301 Y29.759792 Z-1.000000 I0.037228 J-0.047240
G02 X24.074386 Y29.651267 Z-1.000000 I-0.166002 J-0.063741
G01 X24.031611 Y29.618199 Z-1.000000
G03 X23.915265 Y29.483748 Z-1.000000 I0.000000 J-0.117565
G03 X24.081221 Y29.276101 Z-1.000000 I0.260121 J0.037753
G02 X24.160963 Y29.201980 Z-1.000000 I-0.052649 J-0.136596
G02 X24.156151 Y29.116421 Z-1.000000 I-0.081257 J-0.038345
G03 X24.107114 Y29.005053 Z-1.000000 I0.374982 J-0.231589
G03 X24.078641 Y28.845636 Z-1.000000 I0.783942 J-0.222270
G03 X24.120396 Y28.775511 Z-1.000000 I0.070957 J-0.005243
G03 X24.215066 Y28.784146 Z-1.000000 I0.039686 J0.088175
G02 X24.238491 Y28.798892 Z-1.000000 I0.182479 J-0.263907
G01 X24.244526 Y28.801196 Z-1.000000
G01 X24.245043 Y28.801196 Z-1.000000
G01 X24.245560 Y28.801196 Z-1.000000
G01 X24.246076 Y28.801196 Z-1.000000
G01 X24.246593 Y28.801196 Z-1.000000
G01 X24.246593 Y28.800680 Z-1.000000
G01 X24.247110 Y28.800680 Z-1.000000
G01 X24.247110 Y28.800163 Z-1.000000
G01 X24.247110 Y28.799646 Z-1.000000
G01 X24.236366 Y28.780849 Z-1.000000
G02 X24.034720 Y28.589840 Z-1.000000 I-4.148535 J4.177625
G03 X23.833644 Y28.383203 Z-1.000000 I1.508397 J-1.668950
G01 X23.826980 Y28.350578 Z-1.000000
G01 X23.826980 Y28.350061 Z-1.000000
G01 X23.827497 Y28.349544 Z-1.000000
G01 X23.828014 Y28.349028 Z-1.000000
G01 X23.828014 Y28.348511 Z-1.000000
G01 X23.828531 Y28.347994 Z-1.000000
G01 X23.829047 Y28.347477 Z-1.000000
G01 X23.829720 Y28.346973 Z-1.000000
G01 X23.830647 Y28.346477 Z-1.000000
G01 X23.838806 Y28.345245 Z-1.000000
G03 X23.861137 Y28.350577 Z-1.000000 I-0.010126 J0.091845
G02 X23.994183 Y28.262299 Z-1.000000 I0.034632 J-0.092203
G02 X23.877157 Y27.949568 Z-1.000000 I-0.430487 J-0.017170
G02 X23.729221 Y27.895099 Z-1.000000 I-0.128681 J0.121364
G02 X23.659082 Y27.973338 Z-1.000000 I0.008568 J0.078239
G03 X23.626235 Y28.081257 Z-1.000000 I-0.193710 J0.000000
G03 X23.565032 Y28.113898 Z-1.000000 I-0.061203 J-0.041060
G03 X23.503530 Y28.081401 Z-1.000000 I-0.000000 J-0.074447
G03 X23.470982 Y27.975922 Z-1.000000 I0.154641 J-0.105479
G02 X23.425247 Y27.900933 Z-1.000000 I-0.084345 J0.000000
G02 X23.306651 Y27.891172 Z-1.000000 I-0.071058 J0.138011
G03 X23.215796 Y27.916756 Z-1.000000 I-0.393158 J-1.222109
G01 X23.202264 Y27.915982 Z-1.000000
G01 X23.201748 Y27.915982 Z-1.000000
G01 X23.201231 Y27.915465 Z-1.000000
G01 X23.200714 Y27.915465 Z-1.000000
G01 X23.200714 Y27.914949 Z-1.000000
G01 X23.200197 Y27.914949 Z-1.000000
G01 X23.200197 Y27.914432 Z-1.000000
G01 X23.200197 Y27.913915 Z-1.000000
G01 X23.200197 Y27.913398 Z-1.000000
G01 X23.200197 Y27.912881 Z-1.000000
G01 X23.200197 Y27.912365 Z-1.000000
G01 X23.207943 Y27.901163 Z-1.000000
G03 X23.278227 Y27.847255 Z-1.000000 I0.739413 J0.891258
G03 X23.416089 Y27.785084 Z-1.000000 I0.228706 J0.323211
G03 X23.490100 Y27.797125 Z-1.000000 I0.022474 J0.095341
G01 X23.533816 Y27.787193 Z-1.000000
G02 X23.565030 Y27.680853 Z-1.000000 I-0.165533 J-0.106340
G03 X23.591482 Y27.582331 Z-1.000000 I0.196699 J0.000000
G01 X23.624460 Y27.578017 Z-1.000000
G02 X23.687489 Y27.593928 Z-1.000000 I0.044838 J-0.044824
G02 X23.876124 Y27.502567 Z-1.000000 I-0.188719 J-0.630075
G03 X24.066190 Y27.432450 Z-1.000000 I0.228124 J0.325714
G03 X24.194968 Y27.472077 Z-1.000000 I0.016781 J0.174530
G02 X24.332508 Y27.452533 Z-1.000000 I0.059904 J-0.072166
G02 X24.336044 Y27.263820 Z-1.000000 I-0.143217 J-0.097073
G03 X24.360691 Y27.166833 Z-1.000000 I0.058756 J-0.036694
G03 X24.501409 Y27.170290 Z-1.000000 I0.067471 J0.119268
G02 X24.636062 Y27.206620 Z-1.000000 I0.126046 J-0.199469
G02 X24.755657 Y27.160990 Z-1.000000 I-0.007247 J-0.198535
G03 X24.869789 Y27.137643 Z-1.000000 I0.078901 J0.095067
G03 X25.078635 Y27.257110 Z-1.000000 I-0.150213 J0.504876
G02 X25.291445 Y27.396692 Z-1.000000 I0.514163 J-0.551888
G02 X25.388176 Y27.391985 Z-1.000000 I0.043611 J-0.100068
G03 X25.418218 Y27.378857 Z-1.000000 I0.084691 J0.152864
G01 X25.426936 Y27.378545 Z-1.000000
G01 X25.427453 Y27.378545 Z-1.000000
G01 X25.427453 Y27.379062 Z-1.000000
G01 X25.427969 Y27.379062 Z-1.000000
G01 X25.428486 Y27.379062 Z-1.000000
G01 X25.429003 Y27.379579 Z-1.000000
G01 X25.429520 Y27.380095 Z-1.000000
G01 X25.430036 Y27.380612 Z-1.000000
G01 X25.430553 Y27.381129 Z-1.000000
G01 X25.430553 Y27.381646 Z-1.000000
G01 X25.430553 Y27.382163 Z-1.000000
G01 X25.430540 Y27.383104 Z-1.000000
G01 X25.430553 Y27.383663 Z-1.000000
G01 X25.425409 Y27.398730 Z-1.000000
G03 X25.379393 Y27.456523 Z-1.000000 I-0.410310 J-0.279486
G03 X25.257474 Y27.502604 Z-1.000000 I-0.107132 J-0.099123
G03 X25.026960 Y27.420863 Z-1.000000 I0.052274 J-0.513319
G02 X24.822757 Y27.329479 Z-1.000000 I-0.386627 J0.590097
G01 X24.787182 Y27.356783 Z-1.000000
G01 X24.753499 Y27.401143 Z-1.000000
G03 X24.646105 Y27.396053 Z-1.000000 I-0.045999 J-0.164967
G02 X24.542869 Y27.454633 Z-1.000000 I-0.027528 J0.071745
G02 X24.609935 Y27.603792 Z-1.000000 I0.143792 J0.025004
G02 X24.701538 Y27.614709 Z-1.000000 I0.057548 J-0.093111
G02 X24.790286 Y27.544882 Z-1.000000 I-0.051191 J-0.156374
G03 X24.879033 Y27.496888 Z-1.000000 I0.086141 J0.053236
G03 X25.023347 Y27.551082 Z-1.000000 I-0.006060 J0.235379
G03 X25.079710 Y27.678136 Z-1.000000 I-0.099865 J0.120331
G03 X25.012497 Y27.803780 Z-1.000000 I-0.164256 J-0.007069
G02 X24.998298 Y27.879956 Z-1.000000 I0.033366 J0.045631
G02 X25.098277 Y27.937622 Z-1.000000 I0.105812 J-0.067950
G03 X25.448223 Y27.986305 Z-1.000000 I-0.089420 J1.924874
G03 X25.625376 Y28.060612 Z-1.000000 I-0.131656 J0.562202
G01 X25.684516 Y28.054229 Z-1.000000
G02 X25.698756 Y27.988262 Z-1.000000 I-0.043356 J-0.043880
G03 X25.657445 Y27.860790 Z-1.000000 I1.182138 J-0.453533
G01 X25.659486 Y27.842018 Z-1.000000
G01 X25.660002 Y27.841501 Z-1.000000
G01 X25.660519 Y27.841501 Z-1.000000
G01 X25.660519 Y27.840984 Z-1.000000
G01 X25.661036 Y27.840467 Z-1.000000
G01 X25.661553 Y27.840467 Z-1.000000
G01 X25.662070 Y27.839951 Z-1.000000
G01 X25.662586 Y27.839951 Z-1.000000
G01 X25.663103 Y27.839951 Z-1.000000
G01 X25.663620 Y27.839951 Z-1.000000
G01 X25.664137 Y27.839951 Z-1.000000
G01 X25.696191 Y27.858314 Z-1.000000
G03 X25.991248 Y28.301938 Z-1.000000 I-7.062747 J5.017404
G03 X26.232554 Y28.724766 Z-1.000000 I-5.497870 J3.417875
G03 X26.236711 Y28.760308 Z-1.000000 I-0.044490 J0.023218
G01 X26.236195 Y28.760825 Z-1.000000
G01 X26.236195 Y28.761342 Z-1.000000
G01 X26.235678 Y28.761858 Z-1.000000
G01 X26.235678 Y28.762375 Z-1.000000
G01 X26.235161 Y28.762892 Z-1.000000
G01 X26.234644 Y28.763409 Z-1.000000
G01 X26.234128 Y28.763409 Z-1.000000
G01 X26.233611 Y28.763925 Z-1.000000
G01 X26.233094 Y28.763925 Z-1.000000
G01 X26.232577 Y28.763925 Z-1.000000
G01 X26.232061 Y28.763925 Z-1.000000
G01 X26.206166 Y28.748406 Z-1.000000
G03 X25.974712 Y28.434746 Z-1.000000 I3.916904 J-3.132560
G02 X25.751768 Y28.237668 Z-1.000000 I-0.497301 J0.337930
G02 X25.650184 Y28.268348 Z-1.000000 I-0.034882 J0.068021
G03 X25.537696 Y28.336608 Z-1.000000 I-0.116528 J-0.065213
G03 X25.374749 Y28.276648 Z-1.000000 I-0.007030 J-0.232284
G02 X25.183719 Y28.146624 Z-1.000000 I-0.563721 J0.622875
G02 X25.061589 Y28.121618 Z-1.000000 I-0.108508 J0.219203
G02 X24.996726 Y28.127711 Z-1.000000 I0.045156 J0.828991
G01 X24.984079 Y28.132988 Z-1.000000
G01 X24.983211 Y28.133796 Z-1.000000
G01 X24.982479 Y28.134488 Z-1.000000
G01 X24.982479 Y28.135005 Z-1.000000
G01 X24.981963 Y28.135005 Z-1.000000
G01 X24.981963 Y28.135522 Z-1.000000
G01 X24.981963 Y28.136039 Z-1.000000
G01 X24.981963 Y28.136555 Z-1.000000
G01 X24.981446 Y28.137072 Z-1.000000
G01 X24.981963 Y28.137589 Z-1.000000
G01 X24.981963 Y28.138106 Z-1.000000
G01 X24.981963 Y28.138622 Z-1.000000
G01 X24.982479 Y28.138622 Z-1.000000
G01 X24.982479 Y28.139139 Z-1.000000
G01 X24.982996 Y28.139139 Z-1.000000
G01 X24.982996 Y28.139656 Z-1.000000
G01 X24.994008 Y28.149220 Z-1.000000
G02 X25.068776 Y28.179966 Z-1.000000 I0.410408 J-0.891731
G03 X25.198524 Y28.249532 Z-1.000000 I-0.176504 J0.484980
G03 X25.473919 Y28.478139 Z-1.000000 I-1.845996 J2.503990
G02 X25.657899 Y28.628833 Z-1.000000 I1.262565 J-1.353790
G01 X25.684242 Y28.628517 Z-1.000000
G01 X25.684759 Y28.628000 Z-1.000000
G01 X25.689097 Y28.614037 Z-1.000000
G02 X25.674959 Y28.559270 Z-1.000000 I-0.246829 J0.034512
G03 X25.690651 Y28.472850 Z-1.000000 I0.078971 J-0.030296
G03 X25.768489 Y28.453850 Z-1.000000 I0.052633 J0.046682
G03 X25.869594 Y28.539080 Z-1.000000 I-0.072309 J0.188360
G03 X25.878043 Y28.638335 Z-1.000000 I-0.098094 J0.058337
G02 X25.892489 Y28.732444 Z-1.000000 I0.089659 J0.034401
G02 X26.025838 Y28.824370 Z-1.000000 I0.217251 J-0.172467
G03 X26.111938 Y28.901056 Z-1.000000 I-0.042728 J0.134651
G03 X26.091468 Y28.970097 Z-1.000000 I-0.050313 J0.022638
G03 X25.893680 Y29.018986 Z-1.000000 I-0.170441 J-0.265008
G03 X25.214002 Y28.893617 Z-1.000000 I0.314542 J-3.610355
G02 X25.104166 Y28.865992 Z-1.000000 I-0.493390 J1.729543
G01 X25.085328 Y28.868807 Z-1.000000
G01 X25.084811 Y28.868807 Z-1.000000
G01 X25.084294 Y28.869324 Z-1.000000
G01 X25.083777 Y28.869841 Z-1.000000
G01 X25.083260 Y28.870358 Z-1.000000
G01 X25.082744 Y28.870875 Z-1.000000
G01 X25.082744 Y28.871391 Z-1.000000
G01 X25.082227 Y28.871908 Z-1.000000
G01 X25.081946 Y28.872683 Z-1.000000
G01 X25.081710 Y28.873408 Z-1.000000
G01 X25.087606 Y28.891936 Z-1.000000
G02 X25.184030 Y28.994331 Z-1.000000 I1.754078 J-1.555187
G02 X25.352888 Y29.110038 Z-1.000000 I0.394176 J-0.394176
G02 X25.531812 Y29.147810 Z-1.000000 I0.178924 J-0.404897
G03 X25.692365 Y29.182195 Z-1.000000 I-0.000000 J0.392024
G03 X25.726632 Y29.235140 Z-1.000000 I-0.023768 J0.052945
G02 X25.757788 Y29.296699 Z-1.000000 I0.076392 J-0.000000
G02 X25.890963 Y29.356063 Z-1.000000 I0.202903 J-0.276120
G03 X25.972653 Y29.378719 Z-1.000000 I-0.131440 J0.632541
G01 X25.982943 Y29.389653 Z-1.000000
G01 X25.982943 Y29.390170 Z-1.000000
G01 X25.982943 Y29.390686 Z-1.000000
G01 X25.982943 Y29.391203 Z-1.000000
G01 X25.982951 Y29.391857 Z-1.000000
G01 X25.982943 Y29.392803 Z-1.000000
G01 X25.982943 Y29.393319 Z-1.000000
G01 X25.969661 Y29.407201 Z-1.000000
G03 X25.843934 Y29.448609 Z-1.000000 I-0.468916 J-1.212178
G03 X25.693612 Y29.460694 Z-1.000000 I-0.107117 J-0.391453
G01 X25.679086 Y29.431039 Z-1.000000
G02 X25.676808 Y29.372140 Z-1.000000 I-0.044983 J-0.027753
G02 X25.585036 Y29.301848 Z-1.000000 I-0.164950 J0.120302
G02 X25.476801 Y29.294870 Z-1.000000 I-0.065318 J0.170236
G01 X25.444476 Y29.335958 Z-1.000000
G01 X25.413328 Y29.378526 Z-1.000000
G03 X25.318902 Y29.375748 Z-1.000000 I-0.043246 J-0.136224
G02 X25.008294 Y29.440410 Z-1.000000 I-0.105046 J0.273745
G02 X25.007293 Y29.682190 Z-1.000000 I0.119342 J0.121386
G03 X25.024587 Y29.743672 Z-1.000000 I-0.046098 J0.046140
G03 X24.962333 Y29.867708 Z-1.000000 I-0.298744 J-0.072301
G02 X24.943862 Y29.953296 Z-1.000000 I0.072970 J0.060535
G02 X24.996953 Y29.993798 Z-1.000000 I0.053091 J-0.014546
G03 X25.074329 Y30.045121 Z-1.000000 I0.000000 J0.083988
G03 X25.093073 Y30.222208 Z-1.000000 I-0.283064 J0.119497
G03 X25.013675 Y30.386179 Z-1.000000 I-0.345351 J-0.066017
G03 X24.933910 Y30.406176 Z-1.000000 I-0.054122 J-0.046804
G02 X24.857901 Y30.419626 Z-1.000000 I-0.026820 J0.069934
G02 X24.818154 Y30.506945 Z-1.000000 I0.076042 J0.087319
G02 X24.860311 Y30.613628 Z-1.000000 I0.156066 J0.000000
G02 X24.966982 Y30.666108 Z-1.000000 I0.122852 J-0.115059
G03 X25.279608 Y30.728394 Z-1.000000 I-0.151728 J1.577268
G03 X25.491498 Y30.826822 Z-1.000000 I-0.249848 J0.815146
G03 X25.595233 Y30.898145 Z-1.000000 I-1.137134 J1.764975
G01 X25.604670 Y30.911055 Z-1.000000
G01 X25.604670 Y30.911572 Z-1.000000
G01 X25.604670 Y30.912089 Z-1.000000
G01 X25.604670 Y30.912605 Z-1.000000
G01 X25.604670 Y30.913122 Z-1.000000
G01 X25.604670 Y30.913639 Z-1.000000
G01 X25.604670 Y30.914156 Z-1.000000
G01 X25.604153 Y30.914672 Z-1.000000
G01 X25.603636 Y30.915189 Z-1.000000
G01 X25.603119 Y30.915706 Z-1.000000
G01 X25.590287 Y30.916557 Z-1.000000
G03 X25.515269 Y30.896586 Z-1.000000 I0.204384 J-0.918591
G02 X25.388212 Y30.896778 Z-1.000000 I-0.063222 J0.203374
G02 X25.350422 Y30.948262 Z-1.000000 I0.016175 J0.051484
G03 X25.338507 Y30.986952 Z-1.000000 I-0.068775 J-0.000000
G01 X25.316832 Y30.997355 Z-1.000000
G01 X25.316801 Y30.997448 Z-1.000000
G00 Z5.000000

(End cutting path id: path2)


(Start cutting path id: path2)
(Change tool to Default tool)

G00 Z5.000000
G00 X25.123531 Y31.273400

G01 Z-1.000000 F100.0(Penetrate)
G01 X25.122758 Y31.273131 Z-1.000000 F3500.000000
G01 X25.122031 Y31.272884 Z-1.000000
G03 X25.090283 Y31.262710 Z-1.000000 I0.009610 J-0.084612
G03 X25.022811 Y31.216557 Z-1.000000 I0.214213 J-0.385556
G03 X24.932959 Y31.092296 Z-1.000000 I0.194933 J-0.235572
G03 X24.940651 Y31.007267 Z-1.000000 I0.089050 J-0.034806
G03 X24.998733 Y30.983531 Z-1.000000 I0.045342 J0.028019
G03 X25.079143 Y31.041373 Z-1.000000 I-0.031739 J0.128934
G03 X25.155636 Y31.239967 Z-1.000000 I-0.459288 J0.290935
G01 X25.127203 Y31.273400 Z-1.000000
G03 X25.126238 Y31.273391 Z-1.000000 I0.008464 J-0.899270
G01 X25.125103 Y31.273400 Z-1.000000
G01 X25.124587 Y31.273400 Z-1.000000
G01 X25.124070 Y31.273400 Z-1.000000
G01 X25.123531 Y31.273400 Z-1.000000
G00 Z5.000000

(End cutting path id: path2)


(Start cutting path id: path2)
(Change tool to Default tool)

G00 Z5.000000
G00 X24.754561 Y31.648055

G01 Z-1.000000 F100.0(Penetrate)
G03 X24.717773 Y31.638948 Z-1.000000 I0.001715 J-0.085785 F3500.000000
G03 X24.645524 Y31.591728 Z-1.000000 I0.170967 J-0.340472
G03 X24.529832 Y31.463110 Z-1.000000 I0.382121 J-0.460060
G03 X24.504964 Y31.380888 Z-1.000000 I0.123494 J-0.082221
G01 X24.536406 Y31.354105 Z-1.000000
G03 X24.645524 Y31.403626 Z-1.000000 I-0.036194 J0.224733
G03 X24.761657 Y31.532582 Z-1.000000 I-0.382742 J0.461455
G03 X24.786601 Y31.614983 Z-1.000000 I-0.123632 J0.082400
G01 X24.776223 Y31.639522 Z-1.000000
G01 X24.754561 Y31.648055 Z-1.000000
G01 X24.754561 Y31.648055 Z-1.000000
G00 Z5.000000

(End cutting path id: path2)


(Start cutting path id: path2)
(Change tool to Default tool)

G00 Z5.000000
G00 X24.025407 Y31.368485

G01 Z-1.000000 F100.0(Penetrate)
G01 X24.024890 Y31.367969 Z-1.000000 F3500.000000
G01 X24.024373 Y31.367969 Z-1.000000
G03 X23.937333 Y31.301011 Z-1.000000 I0.018967 J-0.114708
G03 X23.853324 Y30.957141 Z-1.000000 I0.883843 J-0.398123
G01 X23.912198 Y30.919791 Z-1.000000
G03 X24.026957 Y31.051192 Z-1.000000 I-0.119004 J0.219745
G03 X24.074876 Y31.259866 Z-1.000000 I-0.743195 J0.280502
G03 X24.054347 Y31.350399 Z-1.000000 I-0.149880 J0.013608
G01 X24.040124 Y31.365112 Z-1.000000
G01 X24.026437 Y31.368486 Z-1.000000
G01 X24.025921 Y31.368486 Z-1.000000
G01 X24.025407 Y31.368485 Z-1.000000
G00 Z5.000000

(End cutting path id: path2)


(Start cutting path id: path2)
(Change tool to Default tool)

G00 Z5.000000
G00 X24.084835 Y30.839835

G01 Z-1.000000 F100.0(Penetrate)
G03 X24.050340 Y30.823670 Z-1.000000 I0.006312 J-0.058358 F3500.000000
G03 X23.987685 Y30.745784 Z-1.000000 I0.279482 J-0.288972
G03 X23.983164 Y30.681691 Z-1.000000 I0.058712 J-0.036347
G03 X24.029025 Y30.651733 Z-1.000000 I0.045861 J0.020123
G03 X24.100358 Y30.680027 Z-1.000000 I-0.000000 J0.104067
G03 X24.128765 Y30.745784 Z-1.000000 I-0.061904 J0.065757
G03 X24.112488 Y30.823457 Z-1.000000 I-0.193459 J-0.000000
G01 X24.087425 Y30.839835 Z-1.000000
G01 X24.086201 Y30.839868 Z-1.000000
G01 X24.084825 Y30.839835 Z-1.000000
G01 X24.084835 Y30.839835 Z-1.000000
G00 Z5.000000

(End cutting path id: path2)


(Start cutting path id: path2)
(Change tool to Default tool)

G00 Z5.000000
G00 X23.475053 Y31.228958

G01 Z-1.000000 F100.0(Penetrate)
G01 X23.447145 Y31.201952 Z-1.000000 F3500.000000
G03 X23.433193 Y30.996415 Z-1.000000 I1.033260 J-0.173383
G03 X23.504105 Y30.423269 Z-1.000000 I3.148354 J0.098568
G03 X23.570136 Y30.370096 Z-1.000000 I0.066031 J0.014413
G03 X23.616152 Y30.399855 Z-1.000000 I-0.000000 J0.050457
G03 X23.611996 Y30.463630 Z-1.000000 I-0.062185 J0.027970
G02 X23.607475 Y30.527723 Z-1.000000 I0.058712 J0.036347
G02 X23.653336 Y30.557681 Z-1.000000 I0.045861 J-0.020123
G02 X23.750378 Y30.455677 Z-1.000000 I0.000000 J-0.097163
G02 X23.635246 Y30.194913 Z-1.000000 I-0.397828 J0.019850
G03 X23.574971 Y30.127326 Z-1.000000 I0.599484 J-0.595305
G01 X23.571686 Y30.113780 Z-1.000000
G01 X23.571686 Y30.113264 Z-1.000000
G01 X23.572203 Y30.112747 Z-1.000000
G01 X23.572203 Y30.112230 Z-1.000000
G01 X23.572719 Y30.111714 Z-1.000000
G01 X23.572719 Y30.111197 Z-1.000000
G01 X23.573236 Y30.111197 Z-1.000000
G01 X23.586814 Y30.108576 Z-1.000000
G03 X23.672976 Y30.136002 Z-1.000000 I-0.204065 J0.790160
G03 X23.869420 Y30.362348 Z-1.000000 I-0.112766 J0.296288
G03 X23.785630 Y30.634679 Z-1.000000 I-0.279198 J0.063153
G02 X23.691942 Y30.767539 Z-1.000000 I0.272858 J0.291874
G02 X23.659023 Y30.926134 Z-1.000000 I0.365581 J0.158596
G03 X23.626120 Y31.083555 Z-1.000000 I-0.393030 J-0.000000
G03 X23.541201 Y31.196402 Z-1.000000 I-0.280212 J-0.122488
G03 X23.497542 Y31.225123 Z-1.000000 I-0.150945 J-0.181913
G01 X23.475051 Y31.228958 Z-1.000000
G01 X23.475053 Y31.228958 Z-1.000000
G00 Z5.000000

(End cutting path id: path2)


(Start cutting path id: path2)
(Change tool to Default tool)

G00 Z5.000000
G00 X23.117452 Y30.651733

G01 Z-1.000000 F100.0(Penetrate)
G01 X23.076613 Y30.605205 Z-1.000000 F3500.000000
G03 X23.142262 Y30.463114 Z-1.000000 I0.260270 J0.034039
G03 X23.277725 Y30.417624 Z-1.000000 I0.108266 J0.097960
G03 X23.322096 Y30.497221 Z-1.000000 I-0.011059 J0.058331
G03 X23.235653 Y30.612099 Z-1.000000 I-0.244014 J-0.093653
G03 X23.117457 Y30.651734 Z-1.000000 I-0.118196 J-0.156422
G01 X23.117452 Y30.651733 Z-1.000000
G00 Z5.000000

(End cutting path id: path2)


(Start cutting path id: path2)
(Change tool to Default tool)

G00 Z5.000000
G00 X22.760368 Y30.808313

G01 Z-1.000000 F100.0(Penetrate)
G01 X22.733092 Y30.793092 Z-1.000000 F3500.000000
G03 X22.719028 Y30.751469 Z-1.000000 I0.054563 J-0.041623
G03 X22.747344 Y30.680116 Z-1.000000 I0.104057 J-0.000000
G03 X22.813078 Y30.651733 Z-1.000000 I0.065734 J0.061926
G03 X22.890753 Y30.668014 Z-1.000000 I0.000000 J0.193430
G01 X22.907128 Y30.693074 Z-1.000000
G01 X22.893640 Y30.727068 Z-1.000000
G03 X22.813078 Y30.792810 Z-1.000000 I-0.289950 J-0.273080
G03 X22.782334 Y30.806355 Z-1.000000 I-0.063955 J-0.103505
G03 X22.760368 Y30.808313 Z-1.000000 I-0.016143 J-0.056896
G01 X22.760368 Y30.808313 Z-1.000000
G00 Z5.000000

(End cutting path id: path2)


(Start cutting path id: path2)
(Change tool to Default tool)

G00 Z5.000000
G00 X22.504053 Y30.323588

G01 Z-1.000000 F100.0(Penetrate)
G01 X22.502780 Y30.323338 Z-1.000000 F3500.000000
G01 X22.501453 Y30.323072 Z-1.000000
G03 X22.458978 Y30.305751 Z-1.000000 I0.012862 J-0.092281
G03 X22.362443 Y30.219202 Z-1.000000 I0.405911 J-0.549858
G03 X22.309541 Y30.117774 Z-1.000000 I0.161581 J-0.148786
G01 X22.333503 Y30.087944 Z-1.000000
G03 X22.526703 Y30.181291 Z-1.000000 I-0.000000 J0.246605
G03 X22.516954 Y30.319454 Z-1.000000 I-0.080370 J0.063754
G01 X22.512610 Y30.322251 Z-1.000000
G01 X22.506104 Y30.323584 Z-1.000000
G01 X22.505330 Y30.323585 Z-1.000000
G01 X22.504504 Y30.323584 Z-1.000000
G01 X22.504053 Y30.323588 Z-1.000000
G00 Z5.000000

(End cutting path id: path2)


(Start cutting path id: path2)
(Change tool to Default tool)

G00 Z5.000000
G00 X22.561930 Y29.867281

G01 Z-1.000000 F100.0(Penetrate)
G01 X22.551053 Y29.854977 Z-1.000000 F3500.000000
G03 X22.538160 Y29.767029 Z-1.000000 I0.431933 J-0.108242
G01 X22.538677 Y29.767029 Z-1.000000
G03 X22.558948 Y29.649499 Z-1.000000 I0.282963 J-0.011709
G01 X22.588287 Y29.643521 Z-1.000000
G03 X22.615329 Y29.706025 Z-1.000000 I-0.067021 J0.066098
G03 X22.594987 Y29.823356 Z-1.000000 I-0.285606 J0.010913
G03 X22.576070 Y29.859468 Z-1.000000 I-0.185823 J-0.074329
G01 X22.566567 Y29.867286 Z-1.000000
G01 X22.566050 Y29.867286 Z-1.000000
G01 X22.565534 Y29.867286 Z-1.000000
G01 X22.564043 Y29.867304 Z-1.000000
G02 X22.562934 Y29.867286 Z-1.000000 I-0.003077 J0.153087
G01 X22.562417 Y29.867286 Z-1.000000
G01 X22.561930 Y29.867281 Z-1.000000
G00 Z5.000000

(End cutting path id: path2)


(Start cutting path id: path2)
(Change tool to Default tool)

G00 Z5.000000
G00 X22.596037 Y29.516411

G01 Z-1.000000 F100.0(Penetrate)
G03 X22.504867 Y29.488818 Z-1.000000 I0.006758 J-0.186740 F3500.000000
G01 X22.507157 Y29.461631 Z-1.000000
G02 X22.591430 Y29.391860 Z-1.000000 I-0.067610 J-0.167444
G02 X22.624980 Y29.277663 Z-1.000000 I-0.177579 J-0.114197
G01 X22.665122 Y29.232277 Z-1.000000
G03 X22.756238 Y29.261643 Z-1.000000 I0.013898 J0.112916
G03 X22.777275 Y29.420501 Z-1.000000 I-0.085128 J0.092096
G03 X22.596041 Y29.516408 Z-1.000000 I-0.173846 J-0.109325
G01 X22.596037 Y29.516411 Z-1.000000
G00 Z5.000000

(End cutting path id: path2)


(Start cutting path id: path2)
(Change tool to Default tool)

G00 Z5.000000
G00 X22.178491 Y29.588241

G01 Z-1.000000 F100.0(Penetrate)
G01 X22.177751 Y29.588010 Z-1.000000 F3500.000000
G01 X22.176891 Y29.587725 Z-1.000000
G01 X22.166071 Y29.570427 Z-1.000000
G03 X22.158801 Y29.453366 Z-1.000000 I1.254687 J-0.136673
G03 X22.194779 Y29.280975 Z-1.000000 I0.398191 J-0.006847
G03 X22.255431 Y29.242009 Z-1.000000 I0.060652 J0.027720
G01 X22.303419 Y29.202407 Z-1.000000
G02 X22.296251 Y29.030653 Z-1.000000 I-0.366101 J-0.070749
G03 X22.269746 Y28.914428 Z-1.000000 I1.139291 J-0.320946
G01 X22.273001 Y28.897328 Z-1.000000
G01 X22.273518 Y28.896811 Z-1.000000
G01 X22.274035 Y28.896294 Z-1.000000
G01 X22.274551 Y28.895777 Z-1.000000
G01 X22.275068 Y28.895777 Z-1.000000
G01 X22.275585 Y28.895777 Z-1.000000
G01 X22.276102 Y28.895260 Z-1.000000
G01 X22.276618 Y28.895260 Z-1.000000
G01 X22.277135 Y28.895260 Z-1.000000
G01 X22.277652 Y28.895260 Z-1.000000
G01 X22.278169 Y28.895260 Z-1.000000
G01 X22.278169 Y28.895777 Z-1.000000
G01 X22.278685 Y28.895777 Z-1.000000
G01 X22.289864 Y28.902674 Z-1.000000
G03 X22.325195 Y28.946417 Z-1.000000 I-0.281297 J0.263345
G02 X22.411487 Y28.997182 Z-1.000000 I0.098056 J-0.067956
G02 X22.482808 Y28.961917 Z-1.000000 I0.007409 J-0.074770
G02 X22.504059 Y28.855199 Z-1.000000 I-0.132662 J-0.081893
G02 X22.447668 Y28.744876 Z-1.000000 I-0.198864 J0.032076
G03 X22.358673 Y28.634027 Z-1.000000 I0.463577 J-0.463335
G03 X22.342765 Y28.579511 Z-1.000000 I0.085462 J-0.054516
G01 X22.369752 Y28.546393 Z-1.000000
G03 X22.593396 Y28.527831 Z-1.000000 I0.188475 J0.914278
G03 X22.782919 Y28.600673 Z-1.000000 I-0.011857 J0.313826
G03 X22.860046 Y28.751073 Z-1.000000 I-0.138884 J0.166197
G03 X22.830944 Y28.907439 Z-1.000000 I-0.311138 J0.022983
G01 X22.774776 Y28.931424 Z-1.000000
G02 X22.629606 Y28.965143 Z-1.000000 I-0.045085 J0.135255
G02 X22.313306 Y29.386177 Z-1.000000 I1.251010 J1.269144
G03 X22.205039 Y29.572627 Z-1.000000 I-3.148104 J-1.703373
G01 X22.182564 Y29.588231 Z-1.000000
G01 X22.181268 Y29.588290 Z-1.000000
G01 X22.179964 Y29.588231 Z-1.000000
G01 X22.179447 Y29.588231 Z-1.000000
G01 X22.178930 Y29.588231 Z-1.000000
G01 X22.178491 Y29.588241 Z-1.000000
G00 Z5.000000

(End cutting path id: path2)


(Start cutting path id: path2)
(Change tool to Default tool)

G00 Z5.000000
G00 X22.104077 Y28.831705

G01 Z-1.000000 F100.0(Penetrate)
G03 X22.058620 Y28.820787 Z-1.000000 I-0.000009 J-0.100054 F3500.000000
G03 X22.024497 Y28.789335 Z-1.000000 I0.039065 J-0.076618
G01 X22.031194 Y28.740682 Z-1.000000
G03 X22.111827 Y28.709235 Z-1.000000 I0.080633 J0.087652
G03 X22.180073 Y28.752630 Z-1.000000 I-0.000000 J0.075361
G01 X22.161437 Y28.815172 Z-1.000000
G03 X22.132534 Y28.827816 Z-1.000000 I-0.059074 J-0.095684
G03 X22.104077 Y28.831712 Z-1.000000 I-0.028512 J-0.102371
G01 X22.104077 Y28.831705 Z-1.000000
G00 Z5.000000

(End cutting path id: path2)


(Start cutting path id: path2)
(Change tool to Default tool)

G00 Z5.000000
G00 X21.836910 Y28.568155

G01 Z-1.000000 F100.0(Penetrate)
G01 X21.825753 Y28.564695 Z-1.000000 F3500.000000
G03 X21.810040 Y28.552655 Z-1.000000 I0.037628 J-0.065381
G03 X21.789036 Y28.483711 Z-1.000000 I0.054266 J-0.054203
G03 X21.866370 Y28.266884 Z-1.000000 I0.759868 J0.148811
G02 X21.924204 Y28.043696 Z-1.000000 I-0.428883 J-0.230223
G02 X21.872570 Y27.831252 Z-1.000000 I-0.436875 J-0.006314
G02 X21.754869 Y27.724292 Z-1.000000 I-0.209197 J0.111964
G02 X21.676199 Y27.749082 Z-1.000000 I-0.024653 J0.058987
G02 X21.614381 Y27.885360 Z-1.000000 I0.455266 J0.288675
G02 X21.592479 Y28.032269 Z-1.000000 I0.515588 J0.151955
G03 X21.435406 Y28.290535 Z-1.000000 I-0.295425 J-0.002774
G03 X21.178034 Y28.251894 Z-1.000000 I-0.102540 J-0.193471
G03 X21.072877 Y28.020372 Z-1.000000 I0.255795 J-0.255824
G03 X21.148574 Y27.815228 Z-1.000000 I0.267091 J-0.017983
G02 X21.251667 Y27.679020 Z-1.000000 I-0.484660 J-0.473946
G02 X21.395070 Y27.385797 Z-1.000000 I-2.123194 J-1.220044
G03 X21.593128 Y27.147547 Z-1.000000 I0.476963 J0.195053
G03 X21.687559 Y27.197695 Z-1.000000 I0.033167 J0.051528
G01 X21.718260 Y27.211061 Z-1.000000
G02 X21.851890 Y27.051450 Z-1.000000 I-0.476465 J-0.534650
G03 X21.982188 Y26.945831 Z-1.000000 I0.215136 J0.132224
G01 X22.044126 Y26.982720 Z-1.000000
G02 X22.105873 Y27.108076 Z-1.000000 I0.230981 J-0.035888
G02 X22.171767 Y27.116562 Z-1.000000 I0.038178 J-0.036375
G03 X22.259175 Y27.107646 Z-1.000000 I0.052887 J0.085568
G03 X22.361420 Y27.185812 Z-1.000000 I-0.074145 J0.202939
G02 X22.403110 Y27.236496 Z-1.000000 I0.367822 J-0.260065
G01 X22.415160 Y27.241622 Z-1.000000
G01 X22.415677 Y27.241622 Z-1.000000
G01 X22.416194 Y27.241622 Z-1.000000
G01 X22.416711 Y27.241622 Z-1.000000
G01 X22.417227 Y27.241105 Z-1.000000
G01 X22.417744 Y27.241105 Z-1.000000
G01 X22.418261 Y27.241105 Z-1.000000
G01 X22.418778 Y27.240588 Z-1.000000
G01 X22.419294 Y27.240071 Z-1.000000
G01 X22.419811 Y27.239555 Z-1.000000
G01 X22.425290 Y27.221730 Z-1.000000
G02 X22.405341 Y27.098478 Z-1.000000 I-1.095961 J0.114152
G03 X22.414443 Y26.944814 Z-1.000000 I0.275868 J-0.060761
G01 X22.467871 Y26.918644 Z-1.000000
G03 X22.531389 Y26.985039 Z-1.000000 I-0.031625 J0.093835
G03 X22.548491 Y27.197180 Z-1.000000 I-0.513774 J0.148178
G02 X22.560785 Y27.418710 Z-1.000000 I0.631091 J0.076084
G02 X22.619291 Y27.500004 Z-1.000000 I0.127311 J-0.029924
G03 X22.693732 Y27.575286 Z-1.000000 I-0.118620 J0.191742
G03 X22.718511 Y27.664335 Z-1.000000 I-0.147621 J0.089049
G01 X22.683978 Y27.689607 Z-1.000000
G03 X22.542811 Y27.608525 Z-1.000000 I0.115888 J-0.365195
G02 X22.426949 Y27.511208 Z-1.000000 I-1.369847 J1.513252
G01 X22.402251 Y27.507239 Z-1.000000
G01 X22.401734 Y27.507239 Z-1.000000
G01 X22.401218 Y27.507239 Z-1.000000
G01 X22.400701 Y27.507239 Z-1.000000
G01 X22.400184 Y27.507756 Z-1.000000
G01 X22.399667 Y27.508273 Z-1.000000
G01 X22.389439 Y27.532894 Z-1.000000
G02 X22.415167 Y27.711361 Z-1.000000 I2.481210 J-0.266602
G03 X22.420767 Y27.897126 Z-1.000000 I-0.618130 J0.111602
G01 X22.391917 Y27.907732 Z-1.000000
G02 X22.089388 Y27.922718 Z-1.000000 I-0.143956 J0.155016
G02 X21.872569 Y28.495810 Z-1.000000 I0.648981 J0.573092
G03 X21.857808 Y28.556536 Z-1.000000 I-0.132294 J-0.000000
G01 X21.836909 Y28.568160 Z-1.000000
G01 X21.836910 Y28.568155 Z-1.000000
G00 Z5.000000

(End cutting path id: path2)


(Start cutting path id: path2)
(Change tool to Default tool)

G00 Z5.000000
G00 X21.691699 Y28.910765

G01 Z-1.000000 F100.0(Penetrate)
G01 X21.680843 Y28.908533 Z-1.000000 F3500.000000
G03 X21.667929 Y28.902465 Z-1.000000 I0.019700 J-0.058698
G03 X21.627598 Y28.843731 Z-1.000000 I0.046453 J-0.075113
G03 X21.642089 Y28.765523 Z-1.000000 I0.108141 J-0.020409
G01 X21.704332 Y28.746901 Z-1.000000
G03 X21.747509 Y28.814613 Z-1.000000 I-0.031507 J0.067712
G03 X21.725750 Y28.893242 Z-1.000000 I-0.152944 J-0.000000
G01 X21.691699 Y28.910733 Z-1.000000
G01 X21.691699 Y28.910765 Z-1.000000
G00 Z5.000000

(End cutting path id: path2)


(Start cutting path id: path2)
(Change tool to Default tool)

G00 Z5.000000
G00 X22.093225 Y27.877228

G01 Z-1.000000 F100.0(Penetrate)
G01 X22.093742 Y27.877228 Z-1.000000 F3500.000000
G01 X22.094259 Y27.877228 Z-1.000000
G01 X22.095042 Y27.877220 Z-1.000000
G03 X22.095759 Y27.877228 Z-1.000000 I-0.002327 J0.243489
G01 X22.121877 Y27.869028 Z-1.000000
G02 X22.191879 Y27.812118 Z-1.000000 I-0.413583 J-0.580235
G02 X22.283855 Y27.685746 Z-1.000000 I-0.273207 J-0.295503
G02 X22.280249 Y27.620916 Z-1.000000 I-0.062678 J-0.029029
G02 X22.152648 Y27.586824 Z-1.000000 I-0.081544 J0.049367
G02 X22.061141 Y27.741838 Z-1.000000 I0.085544 J0.155014
G02 X22.073059 Y27.858831 Z-1.000000 I0.580206 J0.000000
G01 X22.093181 Y27.877231 Z-1.000000
G01 X22.093225 Y27.877228 Z-1.000000
G00 Z5.000000

(End cutting path id: path2)


(Start cutting path id: path2)
(Change tool to Default tool)

G00 Z5.000000
G00 X23.251811 Y27.349012

G01 Z-1.000000 F100.0(Penetrate)
G01 X23.239762 Y27.340558 Z-1.000000 F3500.000000
G03 X23.159831 Y27.244625 Z-1.000000 I3.231226 J-2.773532
G02 X23.013848 Y27.107434 Z-1.000000 I-0.573094 J0.463556
G02 X22.928837 Y27.080294 Z-1.000000 I-0.085011 J0.119571
G03 X22.591152 Y26.835649 Z-1.000000 I-0.000000 J-0.355377
G03 X22.726782 Y26.464311 Z-1.000000 I0.303592 J-0.099552
G02 X22.788949 Y26.394244 Z-1.000000 I-0.085987 J-0.138904
G02 X22.803782 Y26.297396 Z-1.000000 I-0.159115 J-0.073930
G03 X22.796857 Y26.186929 Z-1.000000 I1.054377 J-0.121552
G03 X22.801682 Y26.069503 Z-1.000000 I1.141137 J-0.011919
G03 X22.832440 Y25.973727 Z-1.000000 I0.232978 J0.021993
G01 X22.869892 Y25.952198 Z-1.000000
G01 X22.893526 Y25.974891 Z-1.000000
G03 X22.875092 Y26.087073 Z-1.000000 I-0.281055 J0.011423
G02 X22.871899 Y26.202607 Z-1.000000 I0.162184 J0.062294
G02 X22.935552 Y26.275175 Z-1.000000 I0.115629 J-0.037225
G03 X22.973461 Y26.328675 Z-1.000000 I-0.028616 J0.060457
G01 X22.946402 Y26.377495 Z-1.000000
G02 X22.741610 Y26.745561 Z-1.000000 I0.161653 J0.330950
G02 X23.007902 Y26.986243 Z-1.000000 I0.266292 J-0.026972
G03 X23.070038 Y27.014696 Z-1.000000 I0.000000 J0.082072
G03 X23.190320 Y27.197600 Z-1.000000 I-0.638077 J0.550619
G03 X23.252210 Y27.330811 Z-1.000000 I-4.099668 J1.985676
G01 X23.254920 Y27.346428 Z-1.000000
G01 X23.254920 Y27.346945 Z-1.000000
G01 X23.254920 Y27.347461 Z-1.000000
G01 X23.254920 Y27.347978 Z-1.000000
G01 X23.254920 Y27.348495 Z-1.000000
G01 X23.254404 Y27.348495 Z-1.000000
G01 X23.254404 Y27.349012 Z-1.000000
G01 X23.253887 Y27.349012 Z-1.000000
G01 X23.253370 Y27.349012 Z-1.000000
G01 X23.252853 Y27.349012 Z-1.000000
G01 X23.252336 Y27.349012 Z-1.000000
G01 X23.251811 Y27.349012 Z-1.000000
G00 Z5.000000

(End cutting path id: path2)


(Start cutting path id: path2)
(Change tool to Default tool)

G00 Z5.000000
G00 X23.409941 Y27.243075

G01 Z-1.000000 F100.0(Penetrate)
G01 X23.391715 Y27.232609 Z-1.000000 F3500.000000
G01 X23.385651 Y27.204835 Z-1.000000
G02 X23.367230 Y26.712473 Z-1.000000 I-1.167613 J-0.202840
G02 X23.235789 Y26.610040 Z-1.000000 I-0.131441 J0.033114
G03 X23.125738 Y26.532379 Z-1.000000 I0.000000 J-0.116806
G03 X23.157759 Y26.390415 Z-1.000000 I0.128332 J-0.045647
G03 X23.353825 Y26.405055 Z-1.000000 I0.091730 J0.091736
G03 X23.542231 Y26.910796 Z-1.000000 I-0.785954 J0.580760
G03 X23.523412 Y27.145281 Z-1.000000 I-0.752033 J0.057642
G03 X23.466781 Y27.223439 Z-1.000000 I-0.123290 J-0.029736
G03 X23.430868 Y27.240328 Z-1.000000 I-0.091838 J-0.148658
G03 X23.409941 Y27.243079 Z-1.000000 I-0.017425 J-0.051581
G01 X23.409941 Y27.243075 Z-1.000000
G00 Z5.000000

(End cutting path id: path2)


(Start cutting path id: path2)
(Change tool to Default tool)

G00 Z5.000000
G00 X23.963912 Y26.985265

G01 Z-1.000000 F100.0(Penetrate)
G03 X23.893319 Y26.958180 Z-1.000000 I0.006439 J-0.122319 F3500.000000
G03 X23.814567 Y26.849872 Z-1.000000 I0.162588 J-0.201005
G03 X23.829414 Y26.780744 Z-1.000000 I0.060375 J-0.023191
G03 X23.898797 Y26.766152 Z-1.000000 I0.045983 J0.046396
G03 X24.007701 Y26.836870 Z-1.000000 I-0.111913 J0.291557
G03 X24.034706 Y26.902061 Z-1.000000 I-0.065184 J0.065191
G03 X24.007921 Y26.968009 Z-1.000000 I-0.094579 J-0.000000
G03 X23.963906 Y26.985261 Z-1.000000 I-0.041034 J-0.039917
G01 X23.963912 Y26.985265 Z-1.000000
G00 Z5.000000

(End cutting path id: path2)


(Start cutting path id: path2)
(Change tool to Default tool)

G00 Z5.000000
G00 X23.720516 Y26.579464

G01 Z-1.000000 F100.0(Penetrate)
G01 X23.702153 Y26.568799 Z-1.000000 F3500.000000
G03 X23.643006 Y26.477661 Z-1.000000 I0.884347 J-0.638687
G03 X23.593628 Y26.298825 Z-1.000000 I0.315313 J-0.183296
G03 X23.638906 Y26.137113 Z-1.000000 I0.298384 J-0.003649
G02 X23.685311 Y25.982402 Z-1.000000 I-0.260204 J-0.162361
G02 X23.645106 Y25.881832 Z-1.000000 I-0.137318 J-0.003426
G01 X23.650451 Y25.828903 Z-1.000000
G03 X23.787217 Y25.787782 Z-1.000000 I0.136766 J0.206881
G03 X23.993502 Y25.831912 Z-1.000000 I-0.000000 J0.504207
G03 X24.072987 Y25.915939 Z-1.000000 I-0.061982 J0.138239
G03 X24.083358 Y26.012813 Z-1.000000 I-0.176513 J0.067890
G01 X24.054897 Y26.033761 Z-1.000000
G02 X23.851267 Y26.103396 Z-1.000000 I-0.034519 J0.231605
G02 X23.750007 Y26.351571 Z-1.000000 I0.263290 J0.252173
G03 X23.740539 Y26.552531 Z-1.000000 I-2.658799 J-0.024557
G01 X23.727267 Y26.577397 Z-1.000000
G01 X23.726750 Y26.577914 Z-1.000000
G01 X23.726233 Y26.577914 Z-1.000000
G01 X23.725717 Y26.577914 Z-1.000000
G01 X23.725717 Y26.578431 Z-1.000000
G01 X23.725200 Y26.578948 Z-1.000000
G01 X23.724683 Y26.578948 Z-1.000000
G02 X23.723420 Y26.579260 Z-1.000000 I0.042529 J0.174805
G01 X23.722083 Y26.579465 Z-1.000000
G01 X23.721400 Y26.579476 Z-1.000000
G01 X23.720483 Y26.579465 Z-1.000000
G01 X23.720516 Y26.579464 Z-1.000000
G00 Z5.000000

(End cutting path id: path2)


(Start cutting path id: path2)
(Change tool to Default tool)

G00 Z5.000000
G00 X23.376868 Y26.234314

G01 Z-1.000000 F100.0(Penetrate)
G03 X23.310360 Y26.206763 Z-1.000000 I-0.000000 J-0.094050 F3500.000000
G03 X23.282818 Y26.140264 Z-1.000000 I0.066508 J-0.066499
G03 X23.310360 Y26.073765 Z-1.000000 I0.094050 J-0.000000
G03 X23.376868 Y26.046214 Z-1.000000 I0.066508 J0.066499
G03 X23.443371 Y26.073761 Z-1.000000 I-0.000000 J0.094050
G03 X23.470918 Y26.140264 Z-1.000000 I-0.066503 J0.066503
G03 X23.443376 Y26.206763 Z-1.000000 I-0.094050 J0.000000
G03 X23.376868 Y26.234314 Z-1.000000 I-0.066508 J-0.066499
G01 X23.376868 Y26.234314 Z-1.000000
G00 Z5.000000

(End cutting path id: path2)


(Start cutting path id: path2)
(Change tool to Default tool)

G00 Z5.000000
G00 X23.311239 Y25.446248

G01 Z-1.000000 F100.0(Penetrate)
G01 X23.299806 Y25.443495 Z-1.000000 F3500.000000
G03 X23.281779 Y25.434368 Z-1.000000 I0.045650 J-0.112535
G03 X23.210985 Y25.364653 Z-1.000000 I0.117491 J-0.190113
G03 X23.188759 Y25.288640 Z-1.000000 I0.118873 J-0.076013
G01 X23.235159 Y25.258426 Z-1.000000
G03 X23.318467 Y25.346000 Z-1.000000 I-0.063683 J0.143992
G03 X23.330425 Y25.430135 Z-1.000000 I-0.177596 J0.068158
G01 X23.311267 Y25.446252 Z-1.000000
G01 X23.311239 Y25.446248 Z-1.000000
G00 Z5.000000

(End cutting path id: path2)


(Start cutting path id: path2)
(Change tool to Default tool)

G00 Z5.000000
G00 X22.568648 Y25.358398

G01 Z-1.000000 F100.0(Penetrate)
G01 X22.562516 Y25.356147 Z-1.000000 F3500.000000
G01 X22.556768 Y25.351698 Z-1.000000
G03 X22.540045 Y25.303585 Z-1.000000 I0.041431 J-0.041364
G03 X22.573818 Y25.206487 Z-1.000000 I0.234818 J0.027254
G01 X22.634703 Y25.190071 Z-1.000000
G01 X22.657538 Y25.251447 Z-1.000000
G03 X22.604564 Y25.343098 Z-1.000000 I-0.315358 J-0.121142
G01 X22.572788 Y25.358417 Z-1.000000
G01 X22.571788 Y25.358440 Z-1.000000
G01 X22.570688 Y25.358417 Z-1.000000
G01 X22.570172 Y25.358417 Z-1.000000
G01 X22.569655 Y25.358417 Z-1.000000
G01 X22.569138 Y25.358417 Z-1.000000
G01 X22.568648 Y25.358398 Z-1.000000
G00 Z5.000000

(End cutting path id: path2)


(Start cutting path id: path2)
(Change tool to Default tool)

G00 Z5.000000
G00 X22.319051 Y25.669993

G01 Z-1.000000 F100.0(Penetrate)
G03 X22.277042 Y25.636747 Z-1.000000 I0.006791 J-0.051745 F3500.000000
G03 X22.248771 Y25.482408 Z-1.000000 I0.407155 J-0.154339
G03 X22.278736 Y25.324245 Z-1.000000 I0.432393 J0.000000
G01 X22.322671 Y25.294306 Z-1.000000
G01 X22.366671 Y25.324310 Z-1.000000
G03 X22.396571 Y25.482408 Z-1.000000 I-0.403028 J0.158098
G03 X22.366551 Y25.640145 Z-1.000000 I-0.429415 J0.000000
G01 X22.322671 Y25.669993 Z-1.000000
G03 X22.321335 Y25.669982 Z-1.000000 I-0.000000 J-0.082431
G01 X22.320071 Y25.669993 Z-1.000000
G01 X22.319554 Y25.669993 Z-1.000000
G01 X22.319051 Y25.669993 Z-1.000000
G00 Z5.000000

(End cutting path id: path2)


(Start cutting path id: path2)
(Change tool to Default tool)

G00 Z5.000000
G00 X22.339722 Y26.515944

G01 Z-1.000000 F100.0(Penetrate)
G03 X22.280913 Y26.483993 Z-1.000000 I0.000000 J-0.070098 F3500.000000
G03 X22.248772 Y26.375384 Z-1.000000 I0.167435 J-0.108609
G03 X22.263560 Y26.258357 Z-1.000000 I0.470464 J-0.000000
G01 X22.282882 Y26.234824 Z-1.000000
G01 X22.283398 Y26.234307 Z-1.000000
G01 X22.283915 Y26.234307 Z-1.000000
G01 X22.284432 Y26.234307 Z-1.000000
G01 X22.284949 Y26.234307 Z-1.000000
G01 X22.285507 Y26.234312 Z-1.000000
G01 X22.285949 Y26.234307 Z-1.000000
G01 X22.286466 Y26.234307 Z-1.000000
G01 X22.286983 Y26.234307 Z-1.000000
G01 X22.314755 Y26.252878 Z-1.000000
G03 X22.376903 Y26.375384 Z-1.000000 I-0.564162 J0.363218
G03 X22.382632 Y26.482950 Z-1.000000 I-0.162942 J0.062614
G01 X22.339693 Y26.515944 Z-1.000000
G01 X22.339722 Y26.515944 Z-1.000000
G00 Z5.000000

(End cutting path id: path2)


(Start cutting path id: path2)
(Change tool to Default tool)

G00 Z5.000000
G00 X20.859192 Y26.980565

G01 Z-1.000000 F100.0(Penetrate)
G01 X20.823115 Y26.952300 Z-1.000000 F3500.000000
G03 X20.792012 Y26.763007 Z-1.000000 I0.560469 J-0.189293
G03 X20.838856 Y26.607884 Z-1.000000 I0.280264 J-0.000000
G03 X20.909834 Y26.585240 Z-1.000000 I0.049622 J0.032977
G03 X20.981227 Y26.666929 Z-1.000000 I-0.041635 J0.108429
G03 X20.969774 Y26.837421 Z-1.000000 I-0.281905 J0.066694
G03 X20.896179 Y26.964803 Z-1.000000 I-0.438231 J-0.168239
G01 X20.859187 Y26.980565 Z-1.000000
G01 X20.859192 Y26.980565 Z-1.000000
G00 Z5.000000

(End cutting path id: path2)


(Start cutting path id: path2)
(Change tool to Default tool)

G00 Z5.000000
G00 X20.878312 Y27.412572

G01 Z-1.000000 F100.0(Penetrate)
G01 X20.878312 Y27.412055 Z-1.000000 F3500.000000
G01 X20.877795 Y27.412055 Z-1.000000
G01 X20.877795 Y27.411538 Z-1.000000
G01 X20.877279 Y27.411538 Z-1.000000
G01 X20.877279 Y27.411021 Z-1.000000
G01 X20.877279 Y27.410505 Z-1.000000
G01 X20.877279 Y27.409988 Z-1.000000
G01 X20.877279 Y27.409471 Z-1.000000
G01 X20.880743 Y27.401224 Z-1.000000
G03 X20.909839 Y27.364511 Z-1.000000 I0.378335 J0.269954
G02 X20.994675 Y27.218407 Z-1.000000 I-0.328841 J-0.288624
G02 X21.027144 Y27.024480 Z-1.000000 I-0.562890 J-0.193927
G03 X21.072703 Y26.849554 Z-1.000000 I0.358597 J0.000000
G03 X21.174422 Y26.761447 Z-1.000000 I0.172523 J0.096406
G02 X21.260384 Y26.675490 Z-1.000000 I-0.053668 J-0.139633
G02 X21.264852 Y26.524769 Z-1.000000 I-0.212605 J-0.081729
G03 X21.253149 Y26.360973 Z-1.000000 I0.334884 J-0.106243
G03 X21.305162 Y26.283440 Z-1.000000 I0.111359 J0.018492
G02 X21.379750 Y26.209877 Z-1.000000 I-0.123478 J-0.199793
G02 X21.403352 Y26.128927 Z-1.000000 I-0.127018 J-0.080950
G01 X21.373093 Y26.089010 Z-1.000000
G02 X21.298965 Y26.099467 Z-1.000000 I-0.025155 J0.089653
G01 X21.235284 Y26.054306 Z-1.000000
G03 X21.432807 Y25.490202 Z-1.000000 I2.432101 J0.534977
G02 X21.482014 Y25.289451 Z-1.000000 I-0.435229 J-0.213088
G02 X21.439507 Y25.228720 Z-1.000000 I-0.062368 J-0.001588
G03 X21.388642 Y25.162475 Z-1.000000 I0.023824 J-0.070943
G03 X21.412117 Y24.797221 Z-1.000000 I1.442041 J-0.090702
G02 X21.520212 Y23.624924 Z-1.000000 I-5.817947 J-1.127593
G02 X21.402817 Y23.508411 Z-1.000000 I-0.117395 J0.000886
G03 X21.349342 Y23.467912 Z-1.000000 I-0.000000 J-0.055554
G03 X21.308767 Y23.174065 Z-1.000000 I1.043741 J-0.293847
G02 X21.266840 Y22.915425 Z-1.000000 I-0.818716 J-0.000000
G01 X21.216267 Y22.897079 Z-1.000000
G01 X21.179565 Y22.886450 Z-1.000000
G03 X21.176477 Y22.815429 Z-1.000000 I0.080220 J-0.039066
G03 X21.251399 Y22.698933 Z-1.000000 I0.317395 J0.121787
G03 X21.363029 Y22.625777 Z-1.000000 I0.224132 J0.220259
G02 X21.458171 Y22.547963 Z-1.000000 I-0.070212 J-0.182918
G02 X21.496871 Y22.414937 Z-1.000000 I-0.209280 J-0.133026
G01 X21.497388 Y22.414937 Z-1.000000
G03 X21.526378 Y22.325482 Z-1.000000 I0.152512 J0.000000
G01 X21.564568 Y22.322437 Z-1.000000
G03 X21.608641 Y22.412729 Z-1.000000 I-0.109210 J0.109210
G03 X21.673089 Y23.203003 Z-1.000000 I-9.501677 J1.172639
G02 X21.740669 Y23.450551 Z-1.000000 I0.571232 J-0.022946
G02 X21.837420 Y23.508411 Z-1.000000 I0.096751 J-0.051962
G03 X21.897001 Y23.552137 Z-1.000000 I0.000000 J0.062456
G03 X21.879280 Y23.642253 Z-1.000000 I-0.091585 J0.028791
G02 X21.817478 Y23.788847 Z-1.000000 I0.211462 J0.175473
G02 X21.830190 Y24.106307 Z-1.000000 I1.090989 J0.115299
G03 X21.833861 Y24.424195 Z-1.000000 I-0.903094 J0.169394
G03 X21.741310 Y24.651494 Z-1.000000 I-0.544303 J-0.089136
G02 X21.585819 Y25.081269 Z-1.000000 I0.717837 J0.502725
G02 X21.695320 Y25.200298 Z-1.000000 I0.109501 J0.009147
G03 X21.746382 Y25.236426 Z-1.000000 I0.000000 J0.054148
G03 X21.744930 Y25.341374 Z-1.000000 I-0.143108 J0.050504
G02 X21.769904 Y25.428076 Z-1.000000 I0.069887 J0.026817
G02 X21.933032 Y25.482451 Z-1.000000 I0.163128 J-0.217506
G03 X22.090171 Y25.540747 Z-1.000000 I0.000000 J0.240934
G03 X22.114933 Y25.639030 Z-1.000000 I-0.057409 J0.066725
G02 X22.106019 Y25.778941 Z-1.000000 I0.218913 J0.084188
G02 X22.170743 Y25.867957 Z-1.000000 I0.141006 J-0.034488
G01 X22.183051 Y25.932840 Z-1.000000
G03 X22.030700 Y26.055543 Z-1.000000 I-0.315943 J-0.236350
G02 X21.858050 Y26.221147 Z-1.000000 I0.150035 J0.329219
G02 X21.800739 Y26.508745 Z-1.000000 I0.485784 J0.246314
G03 X21.767871 Y26.778569 Z-1.000000 I-0.692268 J0.052588
G03 X21.698937 Y26.818287 Z-1.000000 I-0.056665 J-0.018668
G02 X21.584970 Y26.832965 Z-1.000000 I-0.035919 J0.170897
G02 X21.416267 Y26.959363 Z-1.000000 I0.263581 J0.527581
G03 X20.966348 Y27.380000 Z-1.000000 I-3.178141 J-2.948446
G03 X20.880382 Y27.412566 Z-1.000000 I-0.092356 J-0.114051
G01 X20.879865 Y27.412566 Z-1.000000
G01 X20.879349 Y27.412566 Z-1.000000
G01 X20.878832 Y27.412566 Z-1.000000
G01 X20.878312 Y27.412572 Z-1.000000
G00 Z5.000000

(End cutting path id: path2)


(Start cutting path id: path2)
(Change tool to Default tool)

G00 Z5.000000
G00 X20.386869 Y26.581564

G01 Z-1.000000 F100.0(Penetrate)
G01 X20.386353 Y26.581047 Z-1.000000 F3500.000000
G01 X20.385005 Y26.580339 Z-1.000000
G01 X20.383753 Y26.579447 Z-1.000000
G01 X20.383236 Y26.578930 Z-1.000000
G01 X20.374166 Y26.551973 Z-1.000000
G03 X20.415796 Y26.322615 Z-1.000000 I3.601761 J0.535284
G03 X20.498686 Y26.004585 Z-1.000000 I3.711396 J0.797511
G03 X20.544470 Y25.905069 Z-1.000000 I0.395020 J0.121444
G01 X20.582191 Y25.906327 Z-1.000000
G03 X20.633870 Y26.069917 Z-1.000000 I-0.396467 J0.215203
G03 X20.611412 Y26.310611 Z-1.000000 I-0.582682 J0.067027
G03 X20.504679 Y26.487462 Z-1.000000 I-0.410984 J-0.127403
G03 X20.411190 Y26.574711 Z-1.000000 I-1.313403 J-1.313616
G01 X20.388407 Y26.581512 Z-1.000000
G01 X20.387890 Y26.581512 Z-1.000000
G01 X20.387373 Y26.581512 Z-1.000000
G01 X20.386869 Y26.581564 Z-1.000000
G00 Z5.000000

(End cutting path id: path2)


(Start cutting path id: path2)
(Change tool to Default tool)

G00 Z5.000000
G00 X20.082495 Y26.328364

G01 Z-1.000000 F100.0(Penetrate)
G03 X20.026959 Y26.289277 Z-1.000000 I0.007123 J-0.069117 F3500.000000
G03 X19.993095 Y26.140262 Z-1.000000 I0.310929 J-0.149015
G03 X20.029017 Y25.988086 Z-1.000000 I0.340294 J0.000000
G03 X20.087145 Y25.952160 Z-1.000000 I0.058128 J0.029062
G03 X20.145274 Y25.988087 Z-1.000000 I0.000000 J0.064989
G03 X20.181195 Y26.140262 Z-1.000000 I-0.304374 J0.152175
G03 X20.145274 Y26.292437 Z-1.000000 I-0.340295 J-0.000000
G03 X20.087145 Y26.328364 Z-1.000000 I-0.058129 J-0.029062
G01 X20.084798 Y26.328424 Z-1.000000
G01 X20.082445 Y26.328364 Z-1.000000
G01 X20.082495 Y26.328364 Z-1.000000
G00 Z5.000000

(End cutting path id: path2)


(Start cutting path id: path2)
(Change tool to Default tool)

G00 Z5.000000
G00 X19.982760 Y26.693704

G01 Z-1.000000 F100.0(Penetrate)
G03 X19.957578 Y26.687964 Z-1.000000 I-0.000383 J-0.056430 F3500.000000
G03 X19.826180 Y26.620844 Z-1.000000 I1.877859 J-3.838374
G03 X19.674383 Y26.489798 Z-1.000000 I0.213520 J-0.400772
G03 X19.671151 Y26.411037 Z-1.000000 I0.056571 J-0.041769
G03 X19.721727 Y26.347056 Z-1.000000 I0.299169 J0.184509
G01 X19.740911 Y26.340757 Z-1.000000
G01 X19.741740 Y26.341011 Z-1.000000
G01 X19.742411 Y26.341274 Z-1.000000
G01 X19.742928 Y26.341791 Z-1.000000
G01 X19.743445 Y26.341791 Z-1.000000
G01 X19.743961 Y26.341791 Z-1.000000
G01 X19.743961 Y26.342308 Z-1.000000
G01 X19.744478 Y26.342308 Z-1.000000
G01 X19.744995 Y26.342824 Z-1.000000
G01 X19.745512 Y26.343341 Z-1.000000
G01 X19.746261 Y26.344309 Z-1.000000
G01 X19.747112 Y26.345441 Z-1.000000
G02 X19.765960 Y26.374151 Z-1.000000 I0.270983 J-0.157356
G02 X19.902141 Y26.555248 Z-1.000000 I10.112445 J-7.462599
G03 X19.983897 Y26.666510 Z-1.000000 I-2.687819 J2.060698
G01 X19.990511 Y26.687023 Z-1.000000
G01 X19.990511 Y26.688523 Z-1.000000
G01 X19.989994 Y26.689040 Z-1.000000
G01 X19.989478 Y26.690540 Z-1.000000
G01 X19.989478 Y26.691057 Z-1.000000
G01 X19.988961 Y26.691573 Z-1.000000
G01 X19.988444 Y26.691573 Z-1.000000
G01 X19.987927 Y26.692090 Z-1.000000
G01 X19.987410 Y26.692607 Z-1.000000
G01 X19.986894 Y26.692607 Z-1.000000
G01 X19.985463 Y26.693053 Z-1.000000
G01 X19.983294 Y26.693607 Z-1.000000
G01 X19.982760 Y26.693704 Z-1.000000
G00 Z5.000000

(End cutting path id: path2)


(Start cutting path id: path2)
(Change tool to Default tool)

G00 Z5.000000
G00 X19.732646 Y26.986265

G01 Z-1.000000 F100.0(Penetrate)
G03 X19.657735 Y26.956421 Z-1.000000 I-0.000000 J-0.108937 F3500.000000
G03 X19.583301 Y26.845188 Z-1.000000 I0.208251 J-0.219878
G03 X19.550918 Y26.733238 Z-1.000000 I0.655831 J-0.250365
G01 X19.555391 Y26.707729 Z-1.000000
G01 X19.556173 Y26.706939 Z-1.000000
G01 X19.556991 Y26.706229 Z-1.000000
G01 X19.557508 Y26.705712 Z-1.000000
G01 X19.558024 Y26.705195 Z-1.000000
G01 X19.558541 Y26.705195 Z-1.000000
G01 X19.559058 Y26.705195 Z-1.000000
G01 X19.559058 Y26.704679 Z-1.000000
G01 X19.559575 Y26.704162 Z-1.000000
G01 X19.560091 Y26.704162 Z-1.000000
G01 X19.560846 Y26.704139 Z-1.000000
G01 X19.561691 Y26.704162 Z-1.000000
G01 X19.562207 Y26.704162 Z-1.000000
G01 X19.562724 Y26.704162 Z-1.000000
G03 X19.593777 Y26.720001 Z-1.000000 I-0.011361 J0.060634
G03 X19.711036 Y26.845238 Z-1.000000 I-0.980792 J1.035825
G03 X19.760145 Y26.954367 Z-1.000000 I-0.172419 J0.143205
G01 X19.732736 Y26.986315 Z-1.000000
G01 X19.732646 Y26.986265 Z-1.000000
G00 Z5.000000

(End cutting path id: path2)


(Start cutting path id: path2)
(Change tool to Default tool)

G00 Z5.000000
G00 X19.351274 Y27.689608

G01 Z-1.000000 F100.0(Penetrate)
G03 X19.322997 Y27.683692 Z-1.000000 I0.000630 J-0.073545 F3500.000000
G03 X19.255674 Y27.651368 Z-1.000000 I0.336090 J-0.786274
G03 X19.127179 Y27.536721 Z-1.000000 I0.173000 J-0.323228
G03 X18.961635 Y27.226071 Z-1.000000 I1.254881 J-0.868153
G02 X18.799779 Y26.950827 Z-1.000000 I-0.946448 J0.371344
G02 X18.716689 Y26.928931 Z-1.000000 I-0.056755 J0.046773
G01 X18.675067 Y26.901273 Z-1.000000
G03 X18.708889 Y26.696904 Z-1.000000 I0.529982 J-0.017273
G03 X18.834183 Y26.452845 Z-1.000000 I1.134349 J0.428158
G03 X18.891823 Y26.421985 Z-1.000000 I0.057640 J0.038399
G01 X18.924102 Y26.447975 Z-1.000000
G03 X18.912493 Y26.516035 Z-1.000000 I-0.090030 J0.019663
G02 X18.910207 Y26.578919 Z-1.000000 I0.054209 J0.033454
G02 X18.961583 Y26.610085 Z-1.000000 I0.051376 J-0.026763
G03 X19.020023 Y26.644476 Z-1.000000 I0.000000 J0.066848
G03 X19.026693 Y26.727907 Z-1.000000 I-0.088300 J0.049042
G02 X19.025134 Y26.837644 Z-1.000000 I0.157669 J0.057119
G02 X19.115573 Y26.996624 Z-1.000000 I0.441312 J-0.145834
G03 X19.223809 Y27.160897 Z-1.000000 I-0.562601 J0.488479
G03 X19.331581 Y27.443109 Z-1.000000 I-1.594499 J0.770597
G03 X19.374803 Y27.663555 Z-1.000000 I-1.262334 J0.361962
G01 X19.351221 Y27.689605 Z-1.000000
G01 X19.351274 Y27.689608 Z-1.000000
G00 Z5.000000

(End cutting path id: path2)


(Start cutting path id: path2)
(Change tool to Default tool)

G00 Z5.000000
G00 X19.738330 Y28.080871

G01 Z-1.000000 F100.0(Penetrate)
G01 X19.732762 Y28.079768 Z-1.000000 F3500.000000
G01 X19.726440 Y28.076771 Z-1.000000
G03 X19.651165 Y27.948820 Z-1.000000 I0.083445 J-0.135209
G03 X19.703190 Y27.573959 Z-1.000000 I1.035366 J-0.047349
G01 X19.717074 Y27.558744 Z-1.000000
G03 X19.757970 Y27.550189 Z-1.000000 I0.040896 J0.093467
G01 X19.783331 Y27.571726 Z-1.000000
G03 X19.805000 Y27.837510 Z-1.000000 I-1.619155 J0.265784
G03 X19.775181 Y28.054524 Z-1.000000 I-0.804592 J0.000000
G01 X19.738340 Y28.080906 Z-1.000000
G01 X19.738330 Y28.080871 Z-1.000000
G00 Z5.000000

(End cutting path id: path2)


(Start cutting path id: path2)
(Change tool to Default tool)

G00 Z5.000000
G00 X19.562113 Y28.460151

G01 Z-1.000000 F100.0(Penetrate)
G01 X19.555542 Y28.458103 Z-1.000000 F3500.000000
G01 X19.549193 Y28.453451 Z-1.000000
G03 X19.532470 Y28.405338 Z-1.000000 I0.041431 J-0.041364
G03 X19.566243 Y28.308240 Z-1.000000 I0.234818 J0.027254
G01 X19.626788 Y28.292004 Z-1.000000
G01 X19.649443 Y28.353200 Z-1.000000
G03 X19.594233 Y28.447424 Z-1.000000 I-0.313683 J-0.120515
G01 X19.562113 Y28.460170 Z-1.000000
G01 X19.562113 Y28.460151 Z-1.000000
G00 Z5.000000

(End cutting path id: path2)


(Start cutting path id: path2)
(Change tool to Default tool)

G00 Z5.000000
G00 X20.245276 Y28.282891

G01 Z-1.000000 F100.0(Penetrate)
G03 X20.156773 Y28.205439 Z-1.000000 I0.008304 J-0.098780 F3500.000000
G03 X20.148646 Y27.748040 Z-1.000000 I1.129483 J-0.248839
G02 X20.147606 Y27.516211 Z-1.000000 I-0.618507 J-0.113142
G01 X20.100066 Y27.495342 Z-1.000000
G03 X20.011222 Y27.449559 Z-1.000000 I-0.030653 J-0.049611
G03 X20.054076 Y26.799260 Z-1.000000 I2.479897 J-0.163138
G03 X20.137842 Y26.640530 Z-1.000000 I0.309596 J0.061914
G01 X20.200837 Y26.648882 Z-1.000000
G02 X20.302875 Y26.741337 Z-1.000000 I0.188426 J-0.105421
G02 X20.398241 Y26.735182 Z-1.000000 I0.041715 J-0.095550
G03 X20.429072 Y26.720433 Z-1.000000 I0.093396 J0.155634
G01 X20.439061 Y26.719682 Z-1.000000
G01 X20.439756 Y26.719909 Z-1.000000
G01 X20.440661 Y26.720198 Z-1.000000
G01 X20.441178 Y26.720715 Z-1.000000
G01 X20.441694 Y26.721232 Z-1.000000
G01 X20.442211 Y26.721232 Z-1.000000
G01 X20.442211 Y26.721749 Z-1.000000
G01 X20.442728 Y26.721749 Z-1.000000
G01 X20.442728 Y26.722265 Z-1.000000
G01 X20.442728 Y26.722782 Z-1.000000
G01 X20.441565 Y26.739183 Z-1.000000
G03 X20.382268 Y26.826135 Z-1.000000 I-0.551953 J-0.312710
G02 X20.306485 Y26.991398 Z-1.000000 I0.284281 J0.230366
G02 X20.323878 Y27.149630 Z-1.000000 I0.275417 J0.049798
G03 X20.441994 Y27.766727 Z-1.000000 I-1.395733 J0.587004
G03 X20.302178 Y28.241036 Z-1.000000 I-0.937656 J-0.018639
G03 X20.268485 Y28.276672 Z-1.000000 I-0.102994 J-0.063632
G01 X20.245338 Y28.282896 Z-1.000000
G01 X20.245276 Y28.282891 Z-1.000000
G00 Z5.000000

(End cutting path id: path2)


(Start cutting path id: path2)
(Change tool to Default tool)

G00 Z5.000000
G00 X20.552234 Y28.636365

G01 Z-1.000000 F100.0(Penetrate)
G01 X20.543520 Y28.631835 Z-1.000000 F3500.000000
G03 X20.533114 Y28.619315 Z-1.000000 I0.041700 J-0.045241
G03 X20.505710 Y28.507215 Z-1.000000 I0.154779 J-0.097237
G03 X20.581174 Y28.031754 Z-1.000000 I3.159744 J0.257785
G03 X20.724014 Y27.586113 Z-1.000000 I2.961115 J0.703407
G03 X20.777544 Y27.550130 Z-1.000000 I0.053530 J0.021825
G01 X20.813896 Y27.584943 Z-1.000000
G03 X20.788914 Y27.808512 Z-1.000000 I-0.730221 J0.031585
G02 X20.724918 Y28.068467 Z-1.000000 I5.208908 J1.420192
G02 X20.659206 Y28.396073 Z-1.000000 I8.758133 J1.927118
G03 X20.592291 Y28.613559 Z-1.000000 I-0.939731 J-0.170096
G01 X20.555336 Y28.636369 Z-1.000000
G01 X20.554816 Y28.636357 Z-1.000000
G01 X20.554336 Y28.636369 Z-1.000000
G01 X20.553819 Y28.636369 Z-1.000000
G01 X20.553302 Y28.636369 Z-1.000000
G01 X20.552786 Y28.636369 Z-1.000000
G01 X20.552234 Y28.636365 Z-1.000000
G00 Z5.000000

(End cutting path id: path2)


(Start cutting path id: path2)
(Change tool to Default tool)

G00 Z5.000000
G00 X19.178674 Y29.115402

G01 Z-1.000000 F100.0(Penetrate)
G01 X19.167491 Y29.104231 Z-1.000000 F3500.000000
G03 X19.154384 Y29.014633 Z-1.000000 I0.441592 J-0.110358
G01 X19.154901 Y29.014633 Z-1.000000
G03 X19.175243 Y28.897582 Z-1.000000 I0.281529 J-0.011366
G01 X19.204511 Y28.891643 Z-1.000000
G03 X19.231553 Y28.954146 Z-1.000000 I-0.067020 J0.066098
G03 X19.211211 Y29.071477 Z-1.000000 I-0.285604 J0.010913
G03 X19.191683 Y29.108383 Z-1.000000 I-0.183128 J-0.073279
G01 X19.182271 Y29.115397 Z-1.000000
G01 X19.181754 Y29.115397 Z-1.000000
G01 X19.180548 Y29.115408 Z-1.000000
G03 X19.179654 Y29.115397 Z-1.000000 I0.002418 J-0.236580
G01 X19.179137 Y29.115397 Z-1.000000
G01 X19.178674 Y29.115402 Z-1.000000
G00 Z5.000000

(End cutting path id: path2)


(Start cutting path id: path2)
(Change tool to Default tool)

G00 Z5.000000
G00 X18.429366 Y28.444101

G01 Z-1.000000 F100.0(Penetrate)
G03 X18.374555 Y28.391712 Z-1.000000 I0.004417 J-0.059488 F3500.000000
G03 X18.397326 Y28.107688 Z-1.000000 I0.714549 J-0.085638
G02 X18.445292 Y27.822957 Z-1.000000 I-1.232415 J-0.354018
G02 X18.421096 Y27.669471 Z-1.000000 I-0.371417 J-0.020099
G03 X18.438710 Y27.593656 Z-1.000000 I0.064847 J-0.024888
G03 X18.519796 Y27.578001 Z-1.000000 I0.053110 J0.057264
G02 X18.643234 Y27.588589 Z-1.000000 I0.080069 J-0.208639
G01 X18.677409 Y27.546991 Z-1.000000
G03 X18.704527 Y27.483090 Z-1.000000 I0.088848 J-0.000000
G03 X18.771459 Y27.456041 Z-1.000000 I0.066932 J0.069286
G03 X18.832047 Y27.489360 Z-1.000000 I0.000000 J0.071747
G03 X18.864989 Y27.602802 Z-1.000000 I-0.178859 J0.113442
G02 X18.900536 Y27.685710 Z-1.000000 I0.114458 J0.000000
G01 X18.958009 Y27.691682 Z-1.000000
G01 X19.023671 Y27.749952 Z-1.000000
G03 X18.698076 Y28.251855 Z-1.000000 I-1.929675 J-0.895259
G03 X18.507004 Y28.422930 Z-1.000000 I-0.781905 J-0.681063
G03 X18.429359 Y28.444091 Z-1.000000 I-0.068717 J-0.099109
G01 X18.429366 Y28.444101 Z-1.000000
G00 Z5.000000

(End cutting path id: path2)


(Start cutting path id: path2)
(Change tool to Default tool)

G00 Z5.000000
G00 X17.811316 Y28.936085

G01 Z-1.000000 F100.0(Penetrate)
G01 X17.534847 Y28.831698 Z-1.000000 F3500.000000
G02 X17.281669 Y28.794487 Z-1.000000 I-0.211787 J0.561067
G02 X17.179830 Y28.855988 Z-1.000000 I0.008991 J0.129955
G03 X17.087217 Y28.928041 Z-1.000000 I-0.143181 J-0.088491
G03 X16.990177 Y28.915938 Z-1.000000 I-0.035298 J-0.112065
G03 X16.962111 Y28.844737 Z-1.000000 I0.033587 J-0.054371
G03 X17.040817 Y28.730420 Z-1.000000 I0.202767 J0.055351
G02 X17.057735 Y28.572438 Z-1.000000 I-0.063389 J-0.086685
G02 X16.877003 Y28.545935 Z-1.000000 I-0.106126 J0.094219
G03 X16.832566 Y28.567547 Z-1.000000 I-0.128810 J-0.208358
G01 X16.818613 Y28.568155 Z-1.000000
G01 X16.818096 Y28.568155 Z-1.000000
G01 X16.817579 Y28.567638 Z-1.000000
G01 X16.816806 Y28.567140 Z-1.000000
G01 X16.815979 Y28.566638 Z-1.000000
G01 X16.813379 Y28.564038 Z-1.000000
G01 X16.813379 Y28.563521 Z-1.000000
G01 X16.813438 Y28.550034 Z-1.000000
G03 X16.835599 Y28.504611 Z-1.000000 I0.235756 J0.086903
G03 X16.918640 Y28.425103 Z-1.000000 I0.194973 J0.120519
G03 X17.029902 Y28.396090 Z-1.000000 I0.111262 J0.198829
G02 X17.147279 Y28.258980 Z-1.000000 I0.000000 J-0.118797
G02 X16.953422 Y27.906198 Z-1.000000 I-0.583638 J0.091061
G03 X16.770376 Y27.623661 Z-1.000000 I0.408499 J-0.465216
G03 X16.777206 Y27.335690 Z-1.000000 I0.433238 J-0.133791
G02 X16.871789 Y27.016416 Z-1.000000 I-2.656840 J-0.960722
G02 X16.892961 Y26.838562 Z-1.000000 I-0.790465 J-0.184284
G03 X16.926349 Y26.769801 Z-1.000000 I0.088923 J0.000692
G01 X16.969961 Y26.777072 Z-1.000000
G02 X17.145907 Y26.787431 Z-1.000000 I0.091704 J-0.058198
G02 X17.411277 Y26.234469 Z-1.000000 I-1.018739 J-0.829057
G03 X17.471198 Y26.011543 Z-1.000000 I2.231811 J0.480378
G01 X17.492927 Y25.994174 Z-1.000000
G01 X17.510540 Y26.004424 Z-1.000000
G03 X17.551317 Y26.093394 Z-1.000000 I-0.559117 J0.310087
G01 X17.623347 Y26.110920 Z-1.000000
G02 X17.782828 Y25.882038 Z-1.000000 I-0.427118 J-0.467610
G03 X17.963436 Y25.508942 Z-1.000000 I2.987413 J1.215878
G03 X18.008654 Y25.482579 Z-1.000000 I0.045218 J0.025599
G01 X18.009879 Y25.482385 Z-1.000000
G02 X18.011254 Y25.482062 Z-1.000000 I-0.020224 J-0.089087
G02 X18.044436 Y25.441693 Z-1.000000 I-0.017307 J-0.048048
G02 X18.078434 Y25.036095 Z-1.000000 I-2.991096 J-0.454940
G03 X18.155538 Y23.971197 Z-1.000000 I9.349973 J0.141745
G01 X18.221061 Y23.940037 Z-1.000000
G01 X18.271796 Y23.916630 Z-1.000000
G02 X18.278941 Y23.565383 Z-1.000000 I-1.314485 J-0.202433
G03 X18.284008 Y23.191428 Z-1.000000 I1.481104 J-0.166943
G01 X18.335781 Y23.159206 Z-1.000000
G03 X18.399267 Y23.227257 Z-1.000000 I-0.030218 J0.091831
G03 X18.470656 Y23.689407 Z-1.000000 I-2.382436 J0.604605
G03 X18.464662 Y24.095471 Z-1.000000 I-2.802760 J0.161703
G01 X18.432936 Y24.137441 Z-1.000000
G01 X18.427641 Y24.137945 Z-1.000000
G01 X18.421566 Y24.135941 Z-1.000000
G01 X18.380595 Y24.153526 Z-1.000000
G02 X18.346116 Y24.493542 Z-1.000000 I1.587675 J0.332751
G02 X18.380763 Y24.841215 Z-1.000000 I1.871017 J-0.010892
G01 X18.417426 Y24.857344 Z-1.000000
G03 X18.627750 Y24.996037 Z-1.000000 I0.072659 J0.118635
G03 X18.328026 Y25.470227 Z-1.000000 I-0.682227 J-0.099399
G02 X18.274234 Y25.547643 Z-1.000000 I0.071491 J0.107072
G02 X18.246896 Y25.811291 Z-1.000000 I1.001690 J0.237107
G03 X18.191572 Y26.027328 Z-1.000000 I-0.407005 J0.010873
G03 X18.089800 Y26.080525 Z-1.000000 I-0.093214 J-0.054379
G02 X17.987388 Y26.160128 Z-1.000000 I-0.007611 J0.095889
G02 X18.052080 Y26.300150 Z-1.000000 I0.134042 J0.023026
G03 X18.148002 Y26.398084 Z-1.000000 I-0.135603 J0.228761
G03 X18.242766 Y26.637597 Z-1.000000 I-0.817533 J0.461962
G01 X18.306846 Y26.900113 Z-1.000000
G01 X18.048981 Y26.731648 Z-1.000000
G02 X17.871893 Y26.635136 Z-1.000000 I-0.689179 J1.053833
G01 X17.840724 Y26.635528 Z-1.000000
G01 X17.840208 Y26.635528 Z-1.000000
G01 X17.839691 Y26.636045 Z-1.000000
G01 X17.839174 Y26.636562 Z-1.000000
G01 X17.839174 Y26.637078 Z-1.000000
G01 X17.838657 Y26.637595 Z-1.000000
G01 X17.838370 Y26.638427 Z-1.000000
G01 X17.838141 Y26.639095 Z-1.000000
G01 X17.838144 Y26.645124 Z-1.000000
G01 X17.842841 Y26.657185 Z-1.000000
G03 X18.117655 Y27.381634 Z-1.000000 I-2.530215 J1.374167
G03 X18.080035 Y27.679862 Z-1.000000 I-0.423417 J0.098074
G03 X17.944283 Y27.862629 Z-1.000000 I-0.633076 J-0.328426
G01 X17.892450 Y27.862280 Z-1.000000
G01 X17.859004 Y27.867777 Z-1.000000
G02 X17.831470 Y27.985786 Z-1.000000 I0.239128 J0.118009
G03 X17.803289 Y28.159000 Z-1.000000 I-0.546419 J-0.000000
G03 X17.738450 Y28.263805 Z-1.000000 I-0.254755 J-0.085149
G02 X17.693085 Y28.369125 Z-1.000000 I0.109634 J0.109653
G02 X17.728120 Y28.646211 Z-1.000000 I0.911683 J0.025485
G01 X17.811316 Y28.936085 Z-1.000000
G00 Z5.000000

(End cutting path id: path2)


(Start cutting path id: path2)
(Change tool to Default tool)

G00 Z5.000000
G00 X17.377234 Y28.662205

G01 Z-1.000000 F100.0(Penetrate)
G02 X17.482981 Y28.595954 Z-1.000000 I-0.002897 J-0.122144 F3500.000000
G02 X17.495573 Y28.364549 Z-1.000000 I-0.252248 J-0.129771
G02 X17.417416 Y28.233745 Z-1.000000 I-0.415153 J0.159307
G02 X17.361214 Y28.207969 Z-1.000000 I-0.056202 J0.048383
G02 X17.226717 Y28.314910 Z-1.000000 I-0.000000 J0.138047
G02 X17.272334 Y28.591925 Z-1.000000 I0.359293 J0.083098
G02 X17.329972 Y28.649433 Z-1.000000 I0.149974 J-0.092674
G02 X17.377237 Y28.662205 Z-1.000000 I0.045242 J-0.073586
G01 X17.377234 Y28.662205 Z-1.000000
G00 Z5.000000

(End cutting path id: path2)


(Start cutting path id: path2)
(Change tool to Default tool)

G00 Z5.000000
G00 X17.090946 Y29.222372

G01 Z-1.000000 F100.0(Penetrate)
G03 X16.873134 Y29.167058 Z-1.000000 I0.002150 J-0.464964 F3500.000000
G03 X16.797424 Y29.040471 Z-1.000000 I0.067971 J-0.126587
G01 X16.831165 Y29.009747 Z-1.000000
G03 X16.993278 Y29.058561 Z-1.000000 I-0.040005 J0.426461
G03 X17.147297 Y29.169491 Z-1.000000 I-0.338151 J0.631887
G01 X17.147791 Y29.204805 Z-1.000000
G01 X17.126300 Y29.217478 Z-1.000000
G03 X17.090941 Y29.222375 Z-1.000000 I-0.034791 J-0.121095
G01 X17.090946 Y29.222372 Z-1.000000
G00 Z5.000000

(End cutting path id: path2)


(Start cutting path id: path2)
(Change tool to Default tool)

G00 Z5.000000
G00 X16.301847 Y29.200672

G01 Z-1.000000 F100.0(Penetrate)
G03 X16.057804 Y29.138960 Z-1.000000 I0.011664 J-0.559519 F3500.000000
G03 X15.957166 Y29.023422 Z-1.000000 I0.094444 J-0.183863
G02 X15.879486 Y28.880103 Z-1.000000 I-0.483872 J0.169553
G02 X15.830558 Y28.859091 Z-1.000000 I-0.043298 J0.033351
G03 X15.693651 Y28.815439 Z-1.000000 I-0.018556 J-0.178321
G03 X15.689482 Y28.735068 Z-1.000000 I0.037103 J-0.042218
G03 X15.859338 Y28.696920 Z-1.000000 I0.112582 J0.104059
G03 X16.029513 Y28.872010 Z-1.000000 I-0.112670 J0.279751
G02 X16.118187 Y28.975794 Z-1.000000 I0.185267 J-0.068520
G02 X16.211414 Y28.973813 Z-1.000000 I0.044932 J-0.080150
G02 X16.247149 Y28.890349 Z-1.000000 I-0.041493 J-0.067147
G02 X16.157674 Y28.720081 Z-1.000000 I-0.345764 J0.073053
G03 X16.058324 Y28.539108 Z-1.000000 I0.294002 J-0.279157
G03 X16.085844 Y28.432760 Z-1.000000 I0.111598 J-0.027856
G03 X16.242847 Y28.437384 Z-1.000000 I0.076466 J0.071431
G03 X16.511141 Y28.945391 Z-1.000000 I-1.077850 J0.894096
G03 X16.474870 Y29.120958 Z-1.000000 I-0.185524 J0.053202
G03 X16.301851 Y29.200672 Z-1.000000 I-0.168532 J-0.138171
G01 X16.301847 Y29.200672 Z-1.000000
G00 Z5.000000

(End cutting path id: path2)


(Start cutting path id: path2)
(Change tool to Default tool)

G00 Z5.000000
G00 X15.769063 Y29.899841

G01 Z-1.000000 F100.0(Penetrate)
G03 X15.697736 Y29.871546 Z-1.000000 I0.000000 J-0.104049 F3500.000000
G03 X15.669333 Y29.805791 Z-1.000000 I0.061912 J-0.065755
G03 X15.685611 Y29.728119 Z-1.000000 I0.193454 J0.000000
G01 X15.710673 Y29.711741 Z-1.000000
G01 X15.744687 Y29.725228 Z-1.000000
G03 X15.810413 Y29.805791 Z-1.000000 I-0.271739 J0.288786
G03 X15.814933 Y29.869883 Z-1.000000 I-0.058711 J0.036346
G03 X15.769073 Y29.899841 Z-1.000000 I-0.045860 J-0.020124
G01 X15.769063 Y29.899841 Z-1.000000
G00 Z5.000000

(End cutting path id: path2)


(Start cutting path id: path2)
(Change tool to Default tool)

G00 Z5.000000
G00 X15.476058 Y30.087944

G01 Z-1.000000 F100.0(Penetrate)
G03 X15.430241 Y30.058015 Z-1.000000 I0.000000 J-0.050034 F3500.000000
G03 X15.434718 Y29.993893 Z-1.000000 I0.063342 J-0.027794
G03 X15.500082 Y29.913366 Z-1.000000 I0.343280 J0.211852
G01 X15.533938 Y29.899843 Z-1.000000
G01 X15.558998 Y29.916218 Z-1.000000
G03 X15.575278 Y29.993893 Z-1.000000 I-0.177157 J0.077675
G03 X15.547116 Y30.059547 Z-1.000000 I-0.090610 J-0.000000
G03 X15.476058 Y30.087944 Z-1.000000 I-0.071058 J-0.074706
G01 X15.476058 Y30.087944 Z-1.000000
G00 Z5.000000

(End cutting path id: path2)


(Start cutting path id: path2)
(Change tool to Default tool)

G00 Z5.000000
G00 X15.416630 Y29.770131

G01 Z-1.000000 F100.0(Penetrate)
G01 X15.405485 Y29.767834 Z-1.000000 F3500.000000
G03 X15.387690 Y29.759281 Z-1.000000 I0.030336 J-0.085904
G03 X15.317930 Y29.606237 Z-1.000000 I0.079552 J-0.128682
G03 X15.482770 Y29.175854 Z-1.000000 I1.122412 J0.183132
G03 X15.619839 Y29.008598 Z-1.000000 I0.781831 J0.500928
G01 X15.655886 Y29.008940 Z-1.000000
G01 X15.664230 Y29.050964 Z-1.000000
G03 X15.580956 Y29.188773 Z-1.000000 I-0.500455 J-0.208347
G02 X15.510429 Y29.331065 Z-1.000000 I0.262196 J0.218582
G02 X15.526176 Y29.425968 Z-1.000000 I0.123370 J0.028288
G03 X15.529131 Y29.491985 Z-1.000000 I-0.057787 J0.035661
G03 X15.477086 Y29.524158 Z-1.000000 I-0.052045 J-0.026009
G02 X15.422604 Y29.562146 Z-1.000000 I0.000000 J0.058063
G02 X15.423346 Y29.669885 Z-1.000000 I0.143521 J0.052884
G03 X15.435460 Y29.753901 Z-1.000000 I-0.178748 J0.068656
G01 X15.416646 Y29.770137 Z-1.000000
G01 X15.416630 Y29.770131 Z-1.000000
G00 Z5.000000

(End cutting path id: path2)


(Start cutting path id: path2)
(Change tool to Default tool)

G00 Z5.000000
G00 X14.854907 Y30.518408

G01 Z-1.000000 F100.0(Penetrate)
G01 X14.854390 Y30.517892 Z-1.000000 F3500.000000
G01 X14.853874 Y30.517892 Z-1.000000
G01 X14.853357 Y30.517375 Z-1.000000
G01 X14.845756 Y30.501733 Z-1.000000
G03 X14.834757 Y30.384566 Z-1.000000 I1.343067 J-0.185177
G03 X14.882815 Y30.207779 Z-1.000000 I0.295189 J-0.014682
G03 X15.011491 Y30.115332 Z-1.000000 I0.184490 J0.121016
G02 X15.168794 Y30.042356 Z-1.000000 I-0.123480 J-0.472190
G02 X15.199593 Y29.983040 Z-1.000000 I-0.041719 J-0.059316
G03 X15.215467 Y29.915602 Z-1.000000 I0.151188 J0.000000
G01 X15.240933 Y29.899840 Z-1.000000
G01 X15.262477 Y29.918559 Z-1.000000
G03 X15.267803 Y30.087943 Z-1.000000 I-0.773734 J0.109104
G03 X15.207396 Y30.226080 Z-1.000000 I-0.227089 J-0.017029
G03 X15.092620 Y30.276045 Z-1.000000 I-0.114776 J-0.106846
G02 X14.965986 Y30.320642 Z-1.000000 I0.000000 J0.202090
G02 X14.888498 Y30.440376 Z-1.000000 I0.142393 J0.177092
G03 X14.867322 Y30.506593 Z-1.000000 I-0.626025 J-0.163707
G01 X14.859038 Y30.517891 Z-1.000000
G01 X14.858522 Y30.517891 Z-1.000000
G01 X14.858005 Y30.518408 Z-1.000000
G01 X14.857488 Y30.518408 Z-1.000000
G01 X14.856971 Y30.518408 Z-1.000000
G01 X14.856455 Y30.518408 Z-1.000000
G01 X14.855938 Y30.518408 Z-1.000000
G01 X14.855421 Y30.518408 Z-1.000000
G01 X14.854907 Y30.518408 Z-1.000000
G00 Z5.000000

(End cutting path id: path2)


(Start cutting path id: path2)
(Change tool to Default tool)

G00 Z5.000000
G00 X14.735018 Y30.745784

G01 Z-1.000000 F100.0(Penetrate)
G03 X14.664007 Y30.717435 Z-1.000000 I0.000000 J-0.103109 F3500.000000
G03 X14.635798 Y30.651733 Z-1.000000 I0.062407 J-0.065701
G03 X14.652075 Y30.574060 Z-1.000000 I0.193459 J0.000000
G01 X14.677138 Y30.557682 Z-1.000000
G01 X14.710994 Y30.571206 Z-1.000000
G03 X14.776358 Y30.651733 Z-1.000000 I-0.277931 J0.292389
G03 X14.780856 Y30.715867 Z-1.000000 I-0.058703 J0.036342
G03 X14.735018 Y30.745784 Z-1.000000 I-0.045838 J-0.020157
G01 X14.735018 Y30.745784 Z-1.000000
G00 Z5.000000

(End cutting path id: path2)


(Start cutting path id: path2)
(Change tool to Default tool)

G00 Z5.000000
G00 X14.210502 Y30.276046

G01 Z-1.000000 F100.0(Penetrate)
G01 X14.209985 Y30.275530 Z-1.000000 F3500.000000
G01 X14.209469 Y30.275530 Z-1.000000
G01 X14.209469 Y30.275013 Z-1.000000
G01 X14.208952 Y30.275013 Z-1.000000
G01 X14.208952 Y30.274496 Z-1.000000
G03 X14.207738 Y30.240724 Z-1.000000 I0.047004 J-0.018597
G03 X14.327291 Y29.902426 Z-1.000000 I4.920471 J1.548595
G03 X14.493634 Y29.588284 Z-1.000000 I1.470705 J0.577650
G01 X14.550016 Y29.576348 Z-1.000000
G03 X14.669887 Y29.988443 Z-1.000000 I-0.168403 J0.272467
G03 X14.211019 Y30.276046 Z-1.000000 I-0.458868 J-0.222257
G01 X14.210502 Y30.276046 Z-1.000000
G00 Z5.000000

(End cutting path id: path2)


(Start cutting path id: path2)
(Change tool to Default tool)

G00 Z5.000000
G00 X13.836882 Y30.419706

G01 Z-1.000000 F100.0(Penetrate)
G03 X13.783051 Y30.389495 Z-1.000000 I-0.001773 J-0.059905 F3500.000000
G03 X13.770222 Y30.302401 Z-1.000000 I0.105160 J-0.059982
G02 X13.741466 Y30.226978 Z-1.000000 I-0.070705 J-0.016236
G02 X13.600206 Y30.181995 Z-1.000000 I-0.141260 J0.199306
G03 X13.470121 Y30.144308 Z-1.000000 I0.000000 J-0.243350
G01 X13.458096 Y30.092078 Z-1.000000
G03 X13.528456 Y30.045771 Z-1.000000 I0.084989 J0.052527
G03 X13.667386 Y30.061072 Z-1.000000 I0.040311 J0.272355
G02 X13.741805 Y30.054570 Z-1.000000 I0.030543 J-0.079558
G01 X13.752656 Y30.009912 Z-1.000000
G02 X13.666831 Y29.931705 Z-1.000000 I-0.179795 J0.111114
G02 X13.530964 Y29.899841 Z-1.000000 I-0.135867 J0.273730
G01 X13.498273 Y29.859384 Z-1.000000
G03 X13.560424 Y29.761865 Z-1.000000 I0.162264 J0.034850
G02 X13.619578 Y29.663896 Z-1.000000 I-0.093052 J-0.123029
G01 X13.583674 Y29.620789 Z-1.000000
G03 X13.242774 Y29.443855 Z-1.000000 I0.008093 J-0.432468
G03 X13.195584 Y29.090588 Z-1.000000 I0.300332 J-0.219904
G03 X13.260008 Y29.004274 Z-1.000000 I0.185413 J0.071191
G01 X13.310822 Y29.001708 Z-1.000000
G01 X13.365931 Y28.998489 Z-1.000000
G02 X13.489623 Y28.860114 Z-1.000000 I-0.338747 J-0.427272
G02 X13.515972 Y28.726632 Z-1.000000 I-0.162262 J-0.101371
G02 X13.458613 Y28.678213 Z-1.000000 I-0.057359 J0.009765
G03 X13.340451 Y28.639430 Z-1.000000 I0.000000 J-0.199397
G03 X13.256558 Y28.529385 Z-1.000000 I0.145749 J-0.198112
G02 X13.187915 Y28.473453 Z-1.000000 I-0.083096 J0.031892
G02 X13.111347 Y28.505615 Z-1.000000 I-0.012678 J0.077041
G03 X13.063020 Y28.569070 Z-1.000000 I-0.859453 J-0.604422
G01 X13.051407 Y28.577445 Z-1.000000
G01 X13.050890 Y28.577445 Z-1.000000
G01 X13.050373 Y28.577445 Z-1.000000
G01 X13.049856 Y28.577445 Z-1.000000
G01 X13.049340 Y28.577445 Z-1.000000
G01 X13.048823 Y28.577445 Z-1.000000
G01 X13.048306 Y28.576929 Z-1.000000
G01 X13.047789 Y28.576929 Z-1.000000
G01 X13.047789 Y28.576412 Z-1.000000
G01 X13.047273 Y28.576412 Z-1.000000
G01 X13.047273 Y28.575895 Z-1.000000
G01 X13.046992 Y28.575069 Z-1.000000
G01 X13.046756 Y28.574395 Z-1.000000
G01 X13.046145 Y28.559606 Z-1.000000
G03 X13.061746 Y28.490165 Z-1.000000 I0.792027 J0.141467
G03 X13.137338 Y28.389921 Z-1.000000 I0.163219 J0.044457
G03 X13.374388 Y28.301029 Z-1.000000 I0.355052 J0.586305
G02 X13.606070 Y28.228034 Z-1.000000 I-0.158647 J-0.907705
G01 X13.625019 Y28.183724 Z-1.000000
G03 X13.613590 Y27.778852 Z-1.000000 I0.654520 J-0.221074
G03 X13.801753 Y27.543453 Z-1.000000 I0.368597 J0.101730
G03 X13.930626 Y27.478614 Z-1.000000 I1.349755 J2.522264
G01 X13.950581 Y27.477823 Z-1.000000
G01 X13.951097 Y27.477823 Z-1.000000
G01 X13.951614 Y27.478340 Z-1.000000
G01 X13.952131 Y27.478856 Z-1.000000
G01 X13.952648 Y27.479373 Z-1.000000
G01 X13.953164 Y27.479890 Z-1.000000
G01 X13.953681 Y27.480407 Z-1.000000
G01 X13.954198 Y27.480924 Z-1.000000
G01 X13.954198 Y27.481440 Z-1.000000
G01 X13.954198 Y27.481957 Z-1.000000
G01 X13.954198 Y27.482474 Z-1.000000
G01 X13.948778 Y27.505676 Z-1.000000
G03 X13.848778 Y27.655073 Z-1.000000 I-3.575324 J-2.285003
G02 X13.729427 Y27.949497 Z-1.000000 I0.581133 J0.406978
G02 X13.789868 Y28.020425 Z-1.000000 I0.060441 J0.009712
G02 X13.850888 Y27.987593 Z-1.000000 I0.000000 J-0.073120
G02 X13.883398 Y27.879349 Z-1.000000 I-0.163947 J-0.108244
G03 X13.960947 Y27.768855 Z-1.000000 I0.117492 J0.000000
G03 X14.101990 Y27.800289 Z-1.000000 I0.045792 J0.126675
G03 X14.119058 Y27.864217 Z-1.000000 I-0.046752 J0.046724
G03 X14.047210 Y28.003377 Z-1.000000 I-0.357187 J-0.096287
G02 X13.983165 Y28.092613 Z-1.000000 I0.629701 J0.519538
G01 X13.981580 Y28.110347 Z-1.000000
G01 X13.981580 Y28.110864 Z-1.000000
G01 X13.982096 Y28.111381 Z-1.000000
G01 X13.982613 Y28.111898 Z-1.000000
G01 X13.997333 Y28.115754 Z-1.000000
G02 X14.071493 Y28.095358 Z-1.000000 I-0.113552 J-0.557886
G02 X14.162278 Y28.014561 Z-1.000000 I-0.052378 J-0.150255
G02 X14.190865 Y27.848862 Z-1.000000 I-0.272884 J-0.132395
G03 X14.228449 Y27.728153 Z-1.000000 I0.157084 J-0.017296
G03 X14.313855 Y27.706752 Z-1.000000 I0.057950 J0.050149
G03 X14.405905 Y27.785923 Z-1.000000 I-0.064446 J0.168029
G03 X14.413075 Y27.880901 Z-1.000000 I-0.097012 J0.055083
G02 X14.432414 Y27.941057 Z-1.000000 I0.047071 J0.018054
G02 X14.528313 Y27.956861 Z-1.000000 I0.065685 J-0.099719
G02 X14.642141 Y27.878317 Z-1.000000 I-0.051307 J-0.196109
G02 X14.689544 Y27.730002 Z-1.000000 I-0.208326 J-0.148315
G02 X14.647426 Y27.606320 Z-1.000000 I-0.202659 J-0.000000
G02 X14.579990 Y27.587375 Z-1.000000 I-0.046428 J0.035768
G03 X14.494731 Y27.571027 Z-1.000000 I-0.029473 J-0.076790
G03 X14.358814 Y27.383253 Z-1.000000 I0.397851 J-0.431056
G02 X14.236277 Y27.252878 Z-1.000000 I-0.253527 J0.115513
G02 X14.152109 Y27.273182 Z-1.000000 I-0.030653 J0.057540
G03 X14.093490 Y27.352348 Z-1.000000 I-1.381295 J-0.961502
G01 X14.082349 Y27.360002 Z-1.000000
G01 X14.081832 Y27.360002 Z-1.000000
G01 X14.081315 Y27.360002 Z-1.000000
G01 X14.080798 Y27.360002 Z-1.000000
G01 X14.080282 Y27.360002 Z-1.000000
G01 X14.079765 Y27.360002 Z-1.000000
G01 X14.079765 Y27.359485 Z-1.000000
G01 X14.079248 Y27.359485 Z-1.000000
G01 X14.079248 Y27.358968 Z-1.000000
G01 X14.078731 Y27.358968 Z-1.000000
G01 X14.078731 Y27.358451 Z-1.000000
G01 X14.077698 Y27.345435 Z-1.000000
G03 X14.095781 Y27.268021 Z-1.000000 I1.021965 J0.197904
G03 X14.158959 Y27.159422 Z-1.000000 I0.235276 J0.064197
G03 X14.236341 Y27.127461 Z-1.000000 I0.077382 J0.077696
G02 X14.330468 Y27.109142 Z-1.000000 I-0.000000 J-0.250982
G02 X14.405840 Y27.059251 Z-1.000000 I-0.085196 J-0.210589
G01 X14.406357 Y27.059251 Z-1.000000
G03 X14.548730 Y27.054558 Z-1.000000 I0.073694 J0.073720
G03 X14.572238 Y27.204462 Z-1.000000 I-0.077972 J0.089023
G02 X14.554786 Y27.239463 Z-1.000000 I0.215759 J0.129436
G01 X14.553118 Y27.250452 Z-1.000000
G01 X14.553118 Y27.250968 Z-1.000000
G01 X14.553343 Y27.251672 Z-1.000000
G01 X14.553635 Y27.252568 Z-1.000000
G01 X14.554151 Y27.253084 Z-1.000000
G01 X14.554668 Y27.253601 Z-1.000000
G01 X14.554668 Y27.254118 Z-1.000000
G01 X14.555185 Y27.254118 Z-1.000000
G01 X14.555185 Y27.254635 Z-1.000000
G01 X14.555702 Y27.254635 Z-1.000000
G01 X14.556360 Y27.254895 Z-1.000000
G01 X14.557302 Y27.255152 Z-1.000000
G01 X14.573541 Y27.251961 Z-1.000000
G02 X14.655482 Y27.194172 Z-1.000000 I-0.391091 J-0.641533
G03 X14.784499 Y27.144821 Z-1.000000 I0.140082 J0.172894
G03 X14.843068 Y27.184872 Z-1.000000 I0.002917 J0.058585
G02 X14.909275 Y27.260139 Z-1.000000 I0.122204 J-0.040741
G02 X15.110752 Y27.314063 Z-1.000000 I0.242308 J-0.501988
G03 X15.300810 Y27.356637 Z-1.000000 I-0.048696 J0.662897
G01 X15.317457 Y27.393643 Z-1.000000
G02 X15.300442 Y27.457425 Z-1.000000 I0.318489 J0.119122
G02 X15.293687 Y27.539888 Z-1.000000 I0.499942 J0.082463
G03 X15.260778 Y27.598028 Z-1.000000 I-0.067811 J0.000000
G03 X15.053392 Y27.684065 Z-1.000000 I-0.393450 J-0.655414
G02 X14.895030 Y27.790266 Z-1.000000 I0.068525 J0.273352
G02 X14.872007 Y27.929528 Z-1.000000 I0.125192 J0.092232
G03 X14.872751 Y28.071789 Z-1.000000 I-0.227853 J0.072324
G03 X14.815677 Y28.114013 Z-1.000000 I-0.057074 J-0.017461
G01 X14.785833 Y28.151771 Z-1.000000
G02 X14.856497 Y28.286095 Z-1.000000 I0.297024 J-0.070507
G03 X14.898898 Y28.476716 Z-1.000000 I-0.146527 J0.132620
G03 X14.776917 Y28.545511 Z-1.000000 I-0.097224 J-0.029848
G02 X14.582706 Y28.538940 Z-1.000000 I-0.112360 J0.447609
G01 X14.541789 Y28.587891 Z-1.000000
G01 X14.509701 Y28.631586 Z-1.000000
G03 X14.433269 Y28.622001 Z-1.000000 I-0.027731 J-0.088400
G02 X14.388263 Y28.600423 Z-1.000000 I-0.123533 J0.199938
G01 X14.374879 Y28.600301 Z-1.000000
G01 X14.374335 Y28.600557 Z-1.000000
G01 X14.373879 Y28.600818 Z-1.000000
G01 X14.373467 Y28.601122 Z-1.000000
G01 X14.372279 Y28.601818 Z-1.000000
G01 X14.371739 Y28.602571 Z-1.000000
G01 X14.371279 Y28.603418 Z-1.000000
G01 X14.370421 Y28.616892 Z-1.000000
G02 X14.395049 Y28.668528 Z-1.000000 I0.249082 J-0.087112
G02 X14.475909 Y28.714092 Z-1.000000 I0.081750 J-0.050546
G02 X14.598137 Y28.670628 Z-1.000000 I0.001746 J-0.188685
G03 X14.665322 Y28.619979 Z-1.000000 I0.574022 J0.691544
G01 X14.679267 Y28.617398 Z-1.000000
G01 X14.679784 Y28.617398 Z-1.000000
G01 X14.680301 Y28.617915 Z-1.000000
G01 X14.680818 Y28.617915 Z-1.000000
G01 X14.681334 Y28.618432 Z-1.000000
G01 X14.681851 Y28.618949 Z-1.000000
G01 X14.681851 Y28.619465 Z-1.000000
G01 X14.682368 Y28.619982 Z-1.000000
G01 X14.682885 Y28.620499 Z-1.000000
G01 X14.682885 Y28.621016 Z-1.000000
G01 X14.681243 Y28.643956 Z-1.000000
G03 X14.597105 Y28.818936 Z-1.000000 I-2.919993 J-1.296343
G02 X14.500670 Y29.079641 Z-1.000000 I0.992154 J0.515186
G02 X14.508735 Y29.197208 Z-1.000000 I0.195326 J0.045662
G03 X14.513042 Y29.303122 Z-1.000000 I-0.154483 J0.059326
G03 X14.455505 Y29.378592 Z-1.000000 I-0.127226 J-0.037327
G01 X14.407402 Y29.359998 Z-1.000000
G03 X14.390395 Y29.151216 Z-1.000000 I0.513735 J-0.146930
G02 X14.386718 Y28.880248 Z-1.000000 I-1.041607 J-0.121373
G02 X14.341815 Y28.811702 Z-1.000000 I-0.095862 J0.013816
G01 X14.288801 Y28.812563 Z-1.000000
G02 X14.260165 Y28.865962 Z-1.000000 I0.035471 J0.053399
G01 X14.226202 Y28.911345 Z-1.000000
G03 X14.142343 Y28.900582 Z-1.000000 I-0.029666 J-0.100927
G02 X14.096313 Y28.877640 Z-1.000000 I-0.170077 J0.283590
G01 X14.084463 Y28.876292 Z-1.000000
G01 X14.083946 Y28.876292 Z-1.000000
G01 X14.083429 Y28.876809 Z-1.000000
G01 X14.082912 Y28.876809 Z-1.000000
G01 X14.082912 Y28.877326 Z-1.000000
G01 X14.082396 Y28.877842 Z-1.000000
G01 X14.081879 Y28.878359 Z-1.000000
G01 X14.081879 Y28.878876 Z-1.000000
G01 X14.084117 Y28.893471 Z-1.000000
G02 X14.150609 Y28.984813 Z-1.000000 I0.906077 J-0.589699
G03 X14.229010 Y29.142937 Z-1.000000 I-0.309032 J0.251724
G03 X14.213139 Y29.242161 Z-1.000000 I-0.126714 J0.030612
G02 X14.190851 Y29.342032 Z-1.000000 I0.132437 J0.081978
G02 X14.238459 Y29.457652 Z-1.000000 I0.228327 J-0.026404
G03 X14.274216 Y29.577770 Z-1.000000 I-0.134072 J0.105291
G03 X14.203839 Y29.852977 Z-1.000000 I-0.870457 J-0.075993
G03 X14.109927 Y29.984943 Z-1.000000 I-0.364201 J-0.159782
G01 X14.076198 Y29.970799 Z-1.000000
G02 X14.041598 Y29.837019 Z-1.000000 I-0.307468 J0.008157
G02 X13.990418 Y29.805951 Z-1.000000 I-0.051180 J0.026622
G01 X13.945905 Y29.841390 Z-1.000000
G02 X13.920138 Y30.111359 Z-1.000000 I1.012794 J0.232879
G03 X13.889583 Y30.378297 Z-1.000000 I-0.903973 J0.031745
G03 X13.836938 Y30.419867 Z-1.000000 I-0.054275 J-0.014615
G01 X13.836882 Y30.419706 Z-1.000000
G00 Z5.000000

(End cutting path id: path2)


(Start cutting path id: path2)
(Change tool to Default tool)

G00 Z5.000000
G00 X13.584701 Y30.933886

G01 Z-1.000000 F100.0(Penetrate)
G01 X13.555631 Y30.900632 Z-1.000000 F3500.000000
G03 X13.603821 Y30.790742 Z-1.000000 I0.215747 J0.029101
G03 X13.724332 Y30.685746 Z-1.000000 I0.383019 J0.317960
G01 X13.765568 Y30.690490 Z-1.000000
G03 X13.776337 Y30.837550 Z-1.000000 I-0.079768 J0.079766
G03 X13.584701 Y30.933886 Z-1.000000 I-0.191636 J-0.142439
G01 X13.584701 Y30.933886 Z-1.000000
G00 Z5.000000

(End cutting path id: path2)


(Start cutting path id: path2)
(Change tool to Default tool)

G00 Z5.000000
G00 X14.068392 Y29.701411

G01 Z-1.000000 F100.0(Penetrate)
G02 X14.112408 Y29.690564 Z-1.000000 I-0.003017 J-0.106977 F3500.000000
G02 X14.175362 Y29.645601 Z-1.000000 I-0.103381 J-0.211298
G02 X14.215986 Y29.552010 Z-1.000000 I-0.098009 J-0.098155
G02 X14.180562 Y29.485921 Z-1.000000 I-0.074769 J-0.002461
G02 X14.095875 Y29.473616 Z-1.000000 I-0.056525 J0.091451
G02 X14.021915 Y29.528811 Z-1.000000 I0.032910 J0.121249
G02 X14.008927 Y29.661384 Z-1.000000 I0.128686 J0.079530
G02 X14.068425 Y29.701410 Z-1.000000 I0.057760 J-0.021625
G01 X14.068392 Y29.701411 Z-1.000000
G00 Z5.000000

(End cutting path id: path2)


(Start cutting path id: path2)
(Change tool to Default tool)

G00 Z5.000000
G00 X13.483931 Y29.335544

G01 Z-1.000000 F100.0(Penetrate)
G02 X13.638129 Y29.293117 Z-1.000000 I-0.009737 J-0.336813 F3500.000000
G02 X13.695805 Y29.194983 Z-1.000000 I-0.054648 J-0.098134
G02 X13.668068 Y29.086059 Z-1.000000 I-0.227743 J0.000000
G01 X13.625005 Y29.064759 Z-1.000000
G02 X13.297724 Y29.173555 Z-1.000000 I0.158195 J1.022544
G02 X13.277223 Y29.249244 Z-1.000000 I0.025210 J0.047449
G02 X13.359395 Y29.315773 Z-1.000000 I0.136126 J-0.084123
G02 X13.483928 Y29.335544 Z-1.000000 I0.114668 J-0.320180
G01 X13.483931 Y29.335544 Z-1.000000
G00 Z5.000000

(End cutting path id: path2)


(Start cutting path id: path2)
(Change tool to Default tool)

G00 Z5.000000
G00 X12.556340 Y29.147962

G01 Z-1.000000 F100.0(Penetrate)
G03 X12.466155 Y29.096623 Z-1.000000 I-0.000000 J-0.104882 F3500.000000
G03 X12.473140 Y29.007919 Z-1.000000 I0.066365 J-0.039401
G03 X12.657038 Y28.941103 Z-1.000000 I0.149025 J0.123684
G03 X12.755811 Y29.059599 Z-1.000000 I-0.021692 J0.118496
G03 X12.720956 Y29.113153 Z-1.000000 I-0.058569 J-0.000000
G03 X12.556340 Y29.147969 Z-1.000000 I-0.164616 J-0.371755
G01 X12.556340 Y29.147962 Z-1.000000
G00 Z5.000000

(End cutting path id: path2)


(Start cutting path id: path2)
(Change tool to Default tool)

G00 Z5.000000
G00 X12.379606 Y28.290091

G01 Z-1.000000 F100.0(Penetrate)
G03 X12.313993 Y28.284848 Z-1.000000 I0.000000 J-0.413144 F3500.000000
G03 X12.262301 Y28.270451 Z-1.000000 I0.038078 J-0.236722
G03 X12.241952 Y28.259410 Z-1.000000 I0.039273 J-0.096651
G01 X12.235941 Y28.252881 Z-1.000000
G01 X12.235651 Y28.252031 Z-1.000000
G01 X12.235424 Y28.251381 Z-1.000000
G01 X12.235123 Y28.250535 Z-1.000000
G01 X12.234907 Y28.249881 Z-1.000000
G01 X12.234887 Y28.249044 Z-1.000000
G03 X12.234907 Y28.248381 Z-1.000000 I0.078202 J0.002073
G01 X12.234907 Y28.247864 Z-1.000000
G01 X12.235130 Y28.247150 Z-1.000000
G01 X12.235424 Y28.246264 Z-1.000000
G01 X12.235954 Y28.245454 Z-1.000000
G01 X12.236424 Y28.244764 Z-1.000000
G01 X12.257452 Y28.233079 Z-1.000000
G03 X12.379568 Y28.223064 Z-1.000000 I0.122116 J0.739495
G03 X12.501714 Y28.232685 Z-1.000000 I0.000000 J0.780194
G01 X12.522712 Y28.244254 Z-1.000000
G01 X12.523229 Y28.244771 Z-1.000000
G01 X12.523229 Y28.245288 Z-1.000000
G01 X12.523745 Y28.245288 Z-1.000000
G01 X12.523745 Y28.245805 Z-1.000000
G01 X12.523745 Y28.246321 Z-1.000000
G02 X12.524011 Y28.247045 Z-1.000000 I0.765782 J-0.280472
G01 X12.524262 Y28.247921 Z-1.000000
G01 X12.524262 Y28.248438 Z-1.000000
G01 X12.524284 Y28.249277 Z-1.000000
G01 X12.524262 Y28.249938 Z-1.000000
G01 X12.520071 Y28.257254 Z-1.000000
G03 X12.497392 Y28.270608 Z-1.000000 I-0.056251 J-0.069596
G03 X12.445461 Y28.285028 Z-1.000000 I-0.089645 J-0.222119
G03 X12.379570 Y28.290248 Z-1.000000 I-0.065891 J-0.413261
G01 X12.379606 Y28.290091 Z-1.000000
G00 Z5.000000

(End cutting path id: path2)


(Start cutting path id: path2)
(Change tool to Default tool)

G00 Z5.000000
G00 X12.004952 Y28.114941

G01 Z-1.000000 F100.0(Penetrate)
G01 X12.004435 Y28.114425 Z-1.000000 F3500.000000
G01 X12.003918 Y28.114425 Z-1.000000
G01 X12.003918 Y28.113908 Z-1.000000
G01 X12.003918 Y28.113391 Z-1.000000
G01 X12.003402 Y28.113391 Z-1.000000
G01 X12.003402 Y28.112874 Z-1.000000
G01 X12.003402 Y28.112358 Z-1.000000
G01 X12.008432 Y28.099067 Z-1.000000
G03 X12.086082 Y27.996602 Z-1.000000 I3.125941 J2.288229
G01 X12.085565 Y27.996602 Z-1.000000
G03 X12.240787 Y27.902782 Z-1.000000 I0.201460 J0.157994
G03 X12.341880 Y27.949572 Z-1.000000 I0.017433 J0.094940
G03 X12.366024 Y27.999528 Z-1.000000 I-0.317620 J0.184320
G01 X12.367200 Y28.012102 Z-1.000000
G01 X12.367200 Y28.012619 Z-1.000000
G01 X12.367200 Y28.013136 Z-1.000000
G01 X12.367200 Y28.013653 Z-1.000000
G01 X12.366683 Y28.014169 Z-1.000000
G01 X12.366166 Y28.014686 Z-1.000000
G01 X12.366166 Y28.015203 Z-1.000000
G01 X12.365649 Y28.015720 Z-1.000000
G01 X12.364913 Y28.016002 Z-1.000000
G01 X12.364149 Y28.016236 Z-1.000000
G01 X12.363632 Y28.016236 Z-1.000000
G01 X12.362806 Y28.016259 Z-1.000000
G01 X12.362132 Y28.016236 Z-1.000000
G01 X12.354267 Y28.013312 Z-1.000000
G03 X12.333192 Y27.997116 Z-1.000000 I0.087213 J-0.135295
G02 X12.254392 Y27.975656 Z-1.000000 I-0.060514 J0.066799
G02 X12.106333 Y28.044146 Z-1.000000 I0.072906 J0.351885
G03 X12.019106 Y28.110150 Z-1.000000 I-2.299108 J-2.947705
G01 X12.006593 Y28.114946 Z-1.000000
G01 X12.006077 Y28.114946 Z-1.000000
G01 X12.005560 Y28.114946 Z-1.000000
G01 X12.004952 Y28.114941 Z-1.000000
G00 Z5.000000

(End cutting path id: path2)


(Start cutting path id: path2)
(Change tool to Default tool)

G00 Z5.000000
G00 X12.098486 Y27.738738

G01 Z-1.000000 F100.0(Penetrate)
G01 X12.098486 Y27.738221 Z-1.000000 F3500.000000
G01 X12.097970 Y27.738221 Z-1.000000
G01 X12.097453 Y27.737704 Z-1.000000
G01 X12.097453 Y27.737188 Z-1.000000
G01 X12.097453 Y27.736671 Z-1.000000
G01 X12.097453 Y27.736154 Z-1.000000
G01 X12.102766 Y27.722531 Z-1.000000
G03 X12.179613 Y27.620399 Z-1.000000 I2.592838 J1.870953
G03 X12.314900 Y27.468260 Z-1.000000 I1.301480 J1.021102
G01 X12.344461 Y27.456068 Z-1.000000
G01 X12.364389 Y27.492682 Z-1.000000
G03 X12.215270 Y27.656056 Z-1.000000 I-0.562425 J-0.363612
G03 X12.113603 Y27.733350 Z-1.000000 I-2.644638 J-3.373074
G01 X12.100032 Y27.738736 Z-1.000000
G01 X12.099515 Y27.738736 Z-1.000000
G01 X12.098998 Y27.738736 Z-1.000000
G01 X12.098486 Y27.738738 Z-1.000000
G00 Z5.000000

(End cutting path id: path2)


(Start cutting path id: path2)
(Change tool to Default tool)

G00 Z5.000000
G00 X12.631270 Y27.644128

G01 Z-1.000000 F100.0(Penetrate)
G01 X12.611473 Y27.610849 Z-1.000000 F3500.000000
G03 X12.709300 Y27.455509 Z-1.000000 I0.491426 J0.201006
G03 X12.881028 Y27.307900 Z-1.000000 I0.672292 J0.608446
G01 X12.925307 Y27.312365 Z-1.000000
G03 X12.932021 Y27.509479 Z-1.000000 I-0.102168 J0.102151
G03 X12.635919 Y27.644128 Z-1.000000 I-0.296102 J-0.258249
G01 X12.633501 Y27.644188 Z-1.000000
G01 X12.631219 Y27.644128 Z-1.000000
G01 X12.631270 Y27.644128 Z-1.000000
G00 Z5.000000

(End cutting path id: path2)


(Start cutting path id: path2)
(Change tool to Default tool)

G00 Z5.000000
G00 X12.764596 Y27.808498

G01 Z-1.000000 F100.0(Penetrate)
G01 X12.764596 Y27.807981 Z-1.000000 F3500.000000
G01 X12.764079 Y27.807981 Z-1.000000
G01 X12.764079 Y27.807465 Z-1.000000
G01 X12.763562 Y27.807465 Z-1.000000
G01 X12.763562 Y27.806948 Z-1.000000
G01 X12.763562 Y27.806431 Z-1.000000
G01 X12.764079 Y27.805914 Z-1.000000
G01 X12.773925 Y27.792839 Z-1.000000
G03 X12.891203 Y27.696360 Z-1.000000 I3.775055 J4.469359
G03 X13.098651 Y27.572324 Z-1.000000 I0.555428 J0.693450
G01 X13.131498 Y27.594041 Z-1.000000
G01 X13.114249 Y27.626842 Z-1.000000
G03 X12.920142 Y27.739768 Z-1.000000 I-0.842283 J-1.224502
G03 X12.782456 Y27.804988 Z-1.000000 I-3.736662 J-7.710480
G01 X12.766146 Y27.808498 Z-1.000000
G01 X12.765629 Y27.808498 Z-1.000000
G01 X12.765112 Y27.808498 Z-1.000000
G01 X12.764596 Y27.808498 Z-1.000000
G00 Z5.000000

(End cutting path id: path2)


(Start cutting path id: path2)
(Change tool to Default tool)

G00 Z5.000000
G00 X13.272575 Y28.113941

G01 Z-1.000000 F100.0(Penetrate)
G03 X13.075844 Y28.075920 Z-1.000000 I-0.000000 J-0.527979 F3500.000000
G03 X13.037964 Y28.019891 Z-1.000000 I0.022497 J-0.056029
G03 X13.065354 Y27.953760 Z-1.000000 I0.093530 J-0.000000
G03 X13.131494 Y27.926361 Z-1.000000 I0.066140 J0.066131
G02 X13.197421 Y27.902070 Z-1.000000 I0.000000 J-0.101609
G02 X13.214694 Y27.855561 Z-1.000000 I-0.033020 J-0.038725
G03 X13.209265 Y27.784984 Z-1.000000 I0.456043 J-0.070577
G03 X13.214694 Y27.707766 Z-1.000000 I0.551877 J0.000000
G03 X13.365424 Y27.659361 Z-1.000000 I0.087174 J0.012569
G03 X13.507700 Y28.013174 Z-1.000000 I-0.368797 J0.353813
G03 X13.467663 Y28.073895 Z-1.000000 I-0.066064 J-0.000000
G03 X13.272572 Y28.113943 Z-1.000000 I-0.195091 J-0.455159
G01 X13.272575 Y28.113941 Z-1.000000
G00 Z5.000000

(End cutting path id: path2)


(Start cutting path id: path2)
(Change tool to Default tool)

G00 Z5.000000
G00 X13.811043 Y26.793444

G01 Z-1.000000 F100.0(Penetrate)
G01 X13.811043 Y26.792927 Z-1.000000 F3500.000000
G01 X13.810527 Y26.792927 Z-1.000000
G01 X13.810010 Y26.792410 Z-1.000000
G01 X13.810010 Y26.791894 Z-1.000000
G01 X13.809493 Y26.791377 Z-1.000000
G01 X13.809493 Y26.790860 Z-1.000000
G01 X13.809493 Y26.790343 Z-1.000000
G01 X13.814668 Y26.772434 Z-1.000000
G03 X13.893213 Y26.637898 Z-1.000000 I5.444394 J3.088383
G03 X14.023226 Y26.475185 Z-1.000000 I0.671219 J0.403025
G01 X14.062712 Y26.475634 Z-1.000000
G01 X14.068175 Y26.520170 Z-1.000000
G03 X13.938171 Y26.682856 Z-1.000000 I-0.673417 J-0.404847
G03 X13.827868 Y26.786067 Z-1.000000 I-4.523831 J-4.724132
G01 X13.813114 Y26.793444 Z-1.000000
G01 X13.812598 Y26.793444 Z-1.000000
G01 X13.812081 Y26.793444 Z-1.000000
G01 X13.811564 Y26.793444 Z-1.000000
G01 X13.811043 Y26.793444 Z-1.000000
G00 Z5.000000

(End cutting path id: path2)


(Start cutting path id: path2)
(Change tool to Default tool)

G00 Z5.000000
G00 X14.959294 Y26.578464

G01 Z-1.000000 F100.0(Penetrate)
G01 X14.931755 Y26.563275 Z-1.000000 F3500.000000
G03 X14.917434 Y26.521624 Z-1.000000 I0.053407 J-0.041651
G03 X14.945750 Y26.450269 Z-1.000000 I0.104064 J0.000000
G03 X15.011484 Y26.421884 Z-1.000000 I0.065734 J0.061922
G03 X15.089184 Y26.438500 Z-1.000000 I0.000000 J0.189983
G01 X15.105534 Y26.463744 Z-1.000000
G01 X15.092013 Y26.497579 Z-1.000000
G03 X15.011484 Y26.562964 Z-1.000000 I-0.293392 J-0.279060
G03 X14.981036 Y26.576472 Z-1.000000 I-0.064629 J-0.104603
G03 X14.959294 Y26.578464 Z-1.000000 I-0.016039 J-0.055423
G01 X14.959294 Y26.578464 Z-1.000000
G00 Z5.000000

(End cutting path id: path2)


(Start cutting path id: path2)
(Change tool to Default tool)

G00 Z5.000000
G00 X15.094686 Y26.798144

G01 Z-1.000000 F100.0(Penetrate)
G01 X15.052475 Y26.769173 Z-1.000000 F3500.000000
G03 X15.058516 Y26.704094 Z-1.000000 I0.068637 J-0.026448
G03 X15.129376 Y26.633137 Z-1.000000 I0.186220 J0.115104
G03 X15.210445 Y26.610044 Z-1.000000 I0.081069 J0.130755
G01 X15.252672 Y26.639000 Z-1.000000
G03 X15.246615 Y26.704094 Z-1.000000 I-0.068482 J0.026456
G03 X15.175755 Y26.775051 Z-1.000000 I-0.186220 J-0.115104
G03 X15.094686 Y26.798144 Z-1.000000 I-0.081069 J-0.130755
G01 X15.094686 Y26.798144 Z-1.000000
G00 Z5.000000

(End cutting path id: path2)


(Start cutting path id: path2)
(Change tool to Default tool)

G00 Z5.000000
G00 X15.213025 Y26.965575

G01 Z-1.000000 F100.0(Penetrate)
G01 X15.213025 Y26.965059 Z-1.000000 F3500.000000
G01 X15.212508 Y26.965059 Z-1.000000
G01 X15.211673 Y26.964803 Z-1.000000
G01 X15.211008 Y26.964542 Z-1.000000
G01 X15.210491 Y26.964542 Z-1.000000
G01 X15.209974 Y26.964025 Z-1.000000
G01 X15.209458 Y26.963508 Z-1.000000
G01 X15.208941 Y26.962992 Z-1.000000
G01 X15.208941 Y26.962475 Z-1.000000
G01 X15.208424 Y26.961958 Z-1.000000
G01 X15.207907 Y26.961441 Z-1.000000
G01 X15.207907 Y26.960925 Z-1.000000
G01 X15.207907 Y26.960408 Z-1.000000
G01 X15.207907 Y26.959891 Z-1.000000
G01 X15.216685 Y26.939391 Z-1.000000
G03 X15.342266 Y26.808479 Z-1.000000 I3.790496 J3.510473
G03 X15.592437 Y26.659635 Z-1.000000 I0.414146 J0.411421
G01 X15.649224 Y26.718559 Z-1.000000
G03 X15.587789 Y26.802723 Z-1.000000 I-0.162615 J-0.054196
G03 X15.384641 Y26.911829 Z-1.000000 I-0.492807 J-0.673895
G03 X15.241052 Y26.962822 Z-1.000000 I-2.006588 J-5.422585
G03 X15.214625 Y26.965569 Z-1.000000 I-0.019228 J-0.056493
G01 X15.214108 Y26.965569 Z-1.000000
G01 X15.213592 Y26.965569 Z-1.000000
G01 X15.213025 Y26.965575 Z-1.000000
G00 Z5.000000

(End cutting path id: path2)


(Start cutting path id: path2)
(Change tool to Default tool)

G00 Z5.000000
G00 X15.585095 Y27.399132

G01 Z-1.000000 F100.0(Penetrate)
G01 X15.553289 Y27.375654 Z-1.000000 F3500.000000
G03 X15.528765 Y27.221365 Z-1.000000 I0.473086 J-0.154289
G03 X15.559991 Y27.060545 Z-1.000000 I0.429742 J-0.000000
G01 X15.599045 Y27.047732 Z-1.000000
G03 X15.646589 Y27.104137 Z-1.000000 I-0.062128 J0.100609
G03 X15.669325 Y27.221365 Z-1.000000 I-0.290851 J0.117228
G03 X15.646538 Y27.338249 Z-1.000000 I-0.311160 J-0.000000
G03 X15.599045 Y27.394481 Z-1.000000 I-0.109667 J-0.044450
G01 X15.591593 Y27.398069 Z-1.000000
G01 X15.585095 Y27.399181 Z-1.000000
G01 X15.585095 Y27.399132 Z-1.000000
G00 Z5.000000

(End cutting path id: path2)


(Start cutting path id: path2)
(Change tool to Default tool)

G00 Z5.000000
G00 X15.857430 Y27.926318

G01 Z-1.000000 F100.0(Penetrate)
G03 X15.702745 Y27.892890 Z-1.000000 I0.000000 J-0.374609 F3500.000000
G03 X15.669328 Y27.841048 Z-1.000000 I0.023504 J-0.051842
G01 X15.703351 Y27.799840 Z-1.000000
G03 X15.857430 Y27.804878 Z-1.000000 I0.065937 J0.342064
G03 X16.030010 Y27.866067 Z-1.000000 I-0.272833 J1.043487
G01 X16.045532 Y27.890148 Z-1.000000
G01 X16.045532 Y27.890665 Z-1.000000
G01 X16.045532 Y27.891181 Z-1.000000
G01 X16.045168 Y27.892203 Z-1.000000
G01 X16.044532 Y27.893781 Z-1.000000
G01 X16.044015 Y27.894298 Z-1.000000
G01 X16.044015 Y27.894815 Z-1.000000
G01 X16.014021 Y27.912577 Z-1.000000
G03 X15.857463 Y27.926335 Z-1.000000 I-0.156558 J-0.883906
G01 X15.857430 Y27.926318 Z-1.000000
G00 Z5.000000

(End cutting path id: path2)


(Start cutting path id: path2)
(Change tool to Default tool)

G00 Z5.000000
G00 X15.381490 Y28.187291

G01 Z-1.000000 F100.0(Penetrate)
G03 X15.348419 Y28.177182 Z-1.000000 I0.010837 J-0.094602 F3500.000000
G03 X15.199589 Y28.092211 Z-1.000000 I1.000384 J-1.925043
G03 X15.104083 Y27.926924 Z-1.000000 I0.107794 J-0.172521
G03 X15.191289 Y27.857083 Z-1.000000 I0.069587 J-0.002476
G02 X15.332643 Y27.838326 Z-1.000000 I0.047710 J-0.182467
G02 X15.417632 Y27.727375 Z-1.000000 I-0.089621 J-0.156676
G03 X15.479465 Y27.570275 Z-1.000000 I0.683361 J0.178244
G01 X15.513232 Y27.550125 Z-1.000000
G01 X15.513749 Y27.550125 Z-1.000000
G01 X15.514266 Y27.550125 Z-1.000000
G01 X15.514782 Y27.550125 Z-1.000000
G01 X15.515299 Y27.550642 Z-1.000000
G01 X15.515816 Y27.550642 Z-1.000000
G01 X15.531554 Y27.581636 Z-1.000000
G03 X15.474996 Y27.855016 Z-1.000000 I-1.842020 J-0.238543
G02 X15.390846 Y28.160256 Z-1.000000 I14.672092 J4.209078
G02 X15.387666 Y28.184712 Z-1.000000 I0.092442 J0.024456
G01 X15.387149 Y28.185228 Z-1.000000
G01 X15.387149 Y28.185745 Z-1.000000
G01 X15.387149 Y28.186262 Z-1.000000
G01 X15.386633 Y28.186262 Z-1.000000
G01 X15.386633 Y28.186779 Z-1.000000
G01 X15.386116 Y28.186779 Z-1.000000
G01 X15.385599 Y28.187295 Z-1.000000
G01 X15.385082 Y28.187295 Z-1.000000
G01 X15.383534 Y28.187397 Z-1.000000
G01 X15.381482 Y28.187295 Z-1.000000
G01 X15.381490 Y28.187291 Z-1.000000
G00 Z5.000000

(End cutting path id: path2)


(Start cutting path id: path2)
(Change tool to Default tool)

G00 Z5.000000
G00 X15.062130 Y28.301991

G01 Z-1.000000 F100.0(Penetrate)
G03 X15.027516 Y28.285882 Z-1.000000 I0.006281 J-0.058738 F3500.000000
G03 X14.964460 Y28.207941 Z-1.000000 I0.276270 J-0.287987
G03 X14.959960 Y28.143861 Z-1.000000 I0.058872 J-0.036332
G03 X15.005800 Y28.113891 Z-1.000000 I0.045840 J0.020071
G03 X15.077133 Y28.142185 Z-1.000000 I-0.000000 J0.104068
G03 X15.105540 Y28.207941 Z-1.000000 I-0.061903 J0.065756
G03 X15.089262 Y28.285613 Z-1.000000 I-0.193454 J0.000000
G01 X15.064200 Y28.301991 Z-1.000000
G03 X15.063446 Y28.301986 Z-1.000000 I-0.000000 J-0.057125
G01 X15.062600 Y28.301991 Z-1.000000
G01 X15.062130 Y28.301991 Z-1.000000
G00 Z5.000000

(End cutting path id: path2)


(Start cutting path id: path2)
(Change tool to Default tool)

G00 Z5.000000
G00 X16.468245 Y27.736638

G01 Z-1.000000 F100.0(Penetrate)
G03 X15.985929 Y27.484683 Z-1.000000 I-0.008824 J-0.570732 F3500.000000
G03 X15.922542 Y26.926351 Z-1.000000 I0.505191 J-0.340118
G03 X15.983874 Y26.857903 Z-1.000000 I0.120319 J0.046109
G01 X16.023828 Y26.874161 Z-1.000000
G02 X16.078354 Y26.940770 Z-1.000000 I0.114621 J-0.038207
G02 X16.138550 Y26.939791 Z-1.000000 I0.029276 J-0.051062
G01 X16.169892 Y26.954200 Z-1.000000
G03 X16.162840 Y27.094821 Z-1.000000 I-0.340136 J0.053431
G02 X16.171002 Y27.214805 Z-1.000000 I0.183058 J0.047817
G01 X16.218650 Y27.230213 Z-1.000000
G03 X16.287996 Y27.233911 Z-1.000000 I0.032009 J0.051802
G03 X16.327688 Y27.314963 Z-1.000000 I-0.062909 J0.081052
G02 X16.363599 Y27.402180 Z-1.000000 I0.123869 J0.000000
G01 X16.421218 Y27.409013 Z-1.000000
G03 X16.485328 Y27.404518 Z-1.000000 I0.036335 J0.058796
G03 X16.515268 Y27.450353 Z-1.000000 I-0.020114 J0.045835
G03 X16.483909 Y27.518995 Z-1.000000 I-0.090805 J0.000000
G03 X16.397962 Y27.551639 Z-1.000000 I-0.087585 J-0.101135
G01 X16.375692 Y27.580541 Z-1.000000
G02 X16.421222 Y27.644139 Z-1.000000 I0.103360 J-0.025898
G03 X16.482826 Y27.712457 Z-1.000000 I-0.095745 J0.148270
G01 X16.468242 Y27.736639 Z-1.000000
G01 X16.468245 Y27.736638 Z-1.000000
G00 Z5.000000

(End cutting path id: path2)


(Start cutting path id: path2)
(Change tool to Default tool)

G00 Z5.000000
G00 X16.853235 Y27.607958

G01 Z-1.000000 F100.0(Penetrate)
G01 X16.853752 Y27.607958 Z-1.000000 F3500.000000
G01 X16.854268 Y27.607958 Z-1.000000
G01 X16.854785 Y27.607958 Z-1.000000
G01 X16.855543 Y27.607949 Z-1.000000
G03 X16.856385 Y27.607958 Z-1.000000 I-0.001270 J0.150887
G02 X16.872739 Y27.605502 Z-1.000000 I0.000839 J-0.050091
G02 X16.893075 Y27.596068 Z-1.000000 I-0.029120 J-0.089405
G02 X16.945190 Y27.526959 Z-1.000000 I-0.062826 J-0.101582
G02 X16.934415 Y27.449824 Z-1.000000 I-0.093128 J-0.026311
G02 X16.853149 Y27.424190 Z-1.000000 I-0.055496 J0.034302
G02 X16.797472 Y27.508734 Z-1.000000 I0.036350 J0.084544
G02 X16.817846 Y27.584953 Z-1.000000 I0.152750 J0.000000
G01 X16.851732 Y27.607434 Z-1.000000
G01 X16.852248 Y27.607434 Z-1.000000
G01 X16.852765 Y27.607434 Z-1.000000
G01 X16.853235 Y27.607958 Z-1.000000
G00 Z5.000000

(End cutting path id: path2)


(Start cutting path id: path2)
(Change tool to Default tool)

G00 Z5.000000
G00 X16.471863 Y27.174345

G01 Z-1.000000 F100.0(Penetrate)
G03 X16.437387 Y27.158211 Z-1.000000 I0.006227 J-0.058208 F3500.000000
G03 X16.374713 Y27.080295 Z-1.000000 I0.279786 J-0.289219
G03 X16.370215 Y27.016162 Z-1.000000 I0.058702 J-0.036341
G03 X16.416053 Y26.986245 Z-1.000000 I0.045838 J0.020157
G03 X16.487064 Y27.014594 Z-1.000000 I-0.000000 J0.103110
G03 X16.515273 Y27.080295 Z-1.000000 I-0.062405 J0.065701
G03 X16.498995 Y27.157967 Z-1.000000 I-0.193454 J0.000000
G01 X16.473933 Y27.174345 Z-1.000000
G03 X16.473118 Y27.174339 Z-1.000000 I0.000000 J-0.053557
G01 X16.472433 Y27.174345 Z-1.000000
G01 X16.471863 Y27.174345 Z-1.000000
G00 Z5.000000

(End cutting path id: path2)


(Start cutting path id: path2)
(Change tool to Default tool)

G00 Z5.000000
G00 X16.463595 Y26.458074

G01 Z-1.000000 F100.0(Penetrate)
G01 X16.445441 Y26.448540 Z-1.000000 F3500.000000
G03 X16.408815 Y26.396064 Z-1.000000 I0.246283 J-0.210914
G03 X16.363500 Y26.247560 Z-1.000000 I0.318487 J-0.178350
G03 X16.384525 Y26.100992 Z-1.000000 I0.331693 J-0.027211
G03 X16.477745 Y26.080663 Z-1.000000 I0.053285 J0.020444
G03 X16.533870 Y26.247236 Z-1.000000 I-0.135581 J0.138424
G03 X16.489608 Y26.440456 Z-1.000000 I-1.237241 J-0.181740
G01 X16.465140 Y26.458076 Z-1.000000
G01 X16.464623 Y26.458076 Z-1.000000
G01 X16.464068 Y26.458094 Z-1.000000
G01 X16.463623 Y26.458076 Z-1.000000
G01 X16.463595 Y26.458074 Z-1.000000
G00 Z5.000000

(End cutting path id: path2)


(Start cutting path id: path2)
(Change tool to Default tool)

G00 Z5.000000
G00 X16.162838 Y26.215184

G01 Z-1.000000 F100.0(Penetrate)
G01 X16.148081 Y26.205912 Z-1.000000 F3500.000000
G03 X16.139578 Y26.174874 Z-1.000000 I0.052395 J-0.031038
G03 X16.156491 Y26.084584 Z-1.000000 I0.249466 J-0.000000
G03 X16.202108 Y26.014677 Z-1.000000 I0.188573 J0.073215
G03 X16.264680 Y25.984064 Z-1.000000 I0.075833 J0.075745
G03 X16.313212 Y26.000727 Z-1.000000 I0.007226 J0.057960
G01 X16.323372 Y26.049247 Z-1.000000
G03 X16.250682 Y26.160408 Z-1.000000 I-0.301325 J-0.117694
G03 X16.189256 Y26.208930 Z-1.000000 I-0.236971 J-0.236846
G01 X16.162832 Y26.215188 Z-1.000000
G01 X16.162838 Y26.215184 Z-1.000000
G00 Z5.000000

(End cutting path id: path2)


(Start cutting path id: path2)
(Change tool to Default tool)

G00 Z5.000000
G00 X15.787150 Y26.497344

G01 Z-1.000000 F100.0(Penetrate)
G01 X15.772109 Y26.487965 Z-1.000000 F3500.000000
G03 X15.763380 Y26.456524 Z-1.000000 I0.052258 J-0.031441
G03 X15.780587 Y26.366515 Z-1.000000 I0.244028 J0.000000
G03 X15.826420 Y26.296843 Z-1.000000 I0.191217 J0.075880
G03 X15.888992 Y26.266230 Z-1.000000 I0.075833 J0.075745
G03 X15.937524 Y26.282893 Z-1.000000 I0.007226 J0.057960
G01 X15.947562 Y26.331410 Z-1.000000
G03 X15.874474 Y26.442573 Z-1.000000 I-0.304624 J-0.120676
G03 X15.813407 Y26.491064 Z-1.000000 I-0.241262 J-0.241134
G01 X15.787144 Y26.497353 Z-1.000000
G01 X15.787150 Y26.497344 Z-1.000000
G00 Z5.000000

(End cutting path id: path2)


(Start cutting path id: path2)
(Change tool to Default tool)

G00 Z5.000000
G00 X15.573726 Y25.482408

G01 Z-1.000000 F100.0(Penetrate)
G01 X15.534162 Y25.448189 Z-1.000000 F3500.000000
G03 X15.541686 Y25.341331 Z-1.000000 I0.178566 J-0.041121
G03 X15.605779 Y25.214896 Z-1.000000 I0.641112 J0.245532
G01 X15.632636 Y25.200255 Z-1.000000
G01 X15.633152 Y25.200255 Z-1.000000
G01 X15.633669 Y25.200255 Z-1.000000
G01 X15.653808 Y25.219225 Z-1.000000
G03 X15.669329 Y25.341331 Z-1.000000 I-0.472537 J0.122106
G03 X15.637300 Y25.450263 Z-1.000000 I-0.201255 J0.000000
G03 X15.578379 Y25.482408 Z-1.000000 I-0.058921 J-0.037928
G02 X15.575955 Y25.482456 Z-1.000000 I-0.000000 J0.061689
G01 X15.573679 Y25.482408 Z-1.000000
G01 X15.573726 Y25.482408 Z-1.000000
G00 Z5.000000

(End cutting path id: path2)


(Start cutting path id: path2)
(Change tool to Default tool)

G00 Z5.000000
G00 X15.450736 Y25.012280

G01 Z-1.000000 F100.0(Penetrate)
G01 X15.431044 Y24.979016 Z-1.000000 F3500.000000
G03 X15.529286 Y24.823661 Z-1.000000 I0.497901 J0.206120
G03 X15.700602 Y24.676109 Z-1.000000 I0.676647 J0.612393
G01 X15.744776 Y24.680518 Z-1.000000
G03 X15.751490 Y24.877631 Z-1.000000 I-0.102167 J0.102151
G03 X15.455388 Y25.012280 Z-1.000000 I-0.296102 J-0.258250
G01 X15.452895 Y25.012344 Z-1.000000
G01 X15.450688 Y25.012280 Z-1.000000
G01 X15.450736 Y25.012280 Z-1.000000
G00 Z5.000000

(End cutting path id: path2)


(Start cutting path id: path2)
(Change tool to Default tool)

G00 Z5.000000
G00 X15.951481 Y25.106192

G01 Z-1.000000 F100.0(Penetrate)
G03 X15.884978 Y25.078645 Z-1.000000 I-0.000000 J-0.094050 F3500.000000
G03 X15.857431 Y25.012142 Z-1.000000 I0.066503 J-0.066503
G03 X15.884973 Y24.945643 Z-1.000000 I0.094050 J0.000000
G03 X15.951481 Y24.918092 Z-1.000000 I0.066508 J0.066499
G03 X16.017989 Y24.945643 Z-1.000000 I-0.000000 J0.094050
G03 X16.045531 Y25.012142 Z-1.000000 I-0.066508 J0.066499
G03 X16.017989 Y25.078641 Z-1.000000 I-0.094050 J-0.000000
G03 X15.951481 Y25.106192 Z-1.000000 I-0.066508 J-0.066499
G01 X15.951481 Y25.106192 Z-1.000000
G00 Z5.000000

(End cutting path id: path2)


(Start cutting path id: path2)
(Change tool to Default tool)

G00 Z5.000000
G00 X16.651180 Y24.656329

G01 Z-1.000000 F100.0(Penetrate)
G01 X16.650663 Y24.655812 Z-1.000000 F3500.000000
G01 X16.650146 Y24.655812 Z-1.000000
G01 X16.649630 Y24.655812 Z-1.000000
G01 X16.639191 Y24.638180 Z-1.000000
G03 X16.627930 Y24.495615 Z-1.000000 I1.072500 J-0.156441
G01 X16.627413 Y24.495615 Z-1.000000
G03 X16.636310 Y24.334147 Z-1.000000 I1.198914 J-0.014915
G01 X16.648603 Y24.308546 Z-1.000000
G01 X16.649120 Y24.308030 Z-1.000000
G02 X16.649845 Y24.307494 Z-1.000000 I-0.459463 J-0.621627
G01 X16.650720 Y24.307030 Z-1.000000
G01 X16.651237 Y24.307030 Z-1.000000
G01 X16.651754 Y24.306513 Z-1.000000
G01 X16.652271 Y24.306513 Z-1.000000
G01 X16.652787 Y24.306513 Z-1.000000
G01 X16.653304 Y24.306513 Z-1.000000
G01 X16.653821 Y24.306513 Z-1.000000
G01 X16.654338 Y24.306513 Z-1.000000
G01 X16.654854 Y24.306513 Z-1.000000
G01 X16.655371 Y24.307030 Z-1.000000
G01 X16.655888 Y24.307547 Z-1.000000
G01 X16.656405 Y24.308064 Z-1.000000
G01 X16.656921 Y24.308064 Z-1.000000
G01 X16.657438 Y24.308580 Z-1.000000
G01 X16.657955 Y24.308580 Z-1.000000
G01 X16.663086 Y24.314322 Z-1.000000
G03 X16.670875 Y24.329250 Z-1.000000 I-0.073012 J0.047589
G03 X16.694770 Y24.446637 Z-1.000000 I-0.291397 J0.120442
G03 X16.674475 Y24.611403 Z-1.000000 I-0.629449 J0.006099
G03 X16.661381 Y24.647587 Z-1.000000 I-0.199542 J-0.051748
G01 X16.654835 Y24.655333 Z-1.000000
G01 X16.654319 Y24.655850 Z-1.000000
G01 X16.653802 Y24.656367 Z-1.000000
G01 X16.653285 Y24.656367 Z-1.000000
G01 X16.652768 Y24.656367 Z-1.000000
G01 X16.652252 Y24.656367 Z-1.000000
G01 X16.651735 Y24.656367 Z-1.000000
G01 X16.651180 Y24.656329 Z-1.000000
G00 Z5.000000

(End cutting path id: path2)


(Start cutting path id: path2)
(Change tool to Default tool)

G00 Z5.000000
G00 X16.828430 Y24.792239

G01 Z-1.000000 F100.0(Penetrate)
G01 X16.817169 Y24.780721 Z-1.000000 F3500.000000
G03 X16.804660 Y24.691470 Z-1.000000 I0.426547 J-0.105285
G01 X16.805177 Y24.691470 Z-1.000000
G03 X16.825469 Y24.573946 Z-1.000000 I0.284059 J-0.011468
G01 X16.854787 Y24.567963 Z-1.000000
G03 X16.881899 Y24.630646 Z-1.000000 I-0.067193 J0.066268
G03 X16.861487 Y24.748314 Z-1.000000 I-0.286565 J0.010893
G03 X16.842576 Y24.784028 Z-1.000000 I-0.176535 J-0.070614
G01 X16.833067 Y24.791724 Z-1.000000
G01 X16.831763 Y24.792050 Z-1.000000
G01 X16.830467 Y24.792241 Z-1.000000
G01 X16.829950 Y24.792241 Z-1.000000
G01 X16.829434 Y24.792241 Z-1.000000
G01 X16.828917 Y24.792241 Z-1.000000
G01 X16.828430 Y24.792239 Z-1.000000
G00 Z5.000000

(End cutting path id: path2)


(Start cutting path id: path2)
(Change tool to Default tool)

G00 Z5.000000
G00 X17.388603 Y25.009280

G01 Z-1.000000 F100.0(Penetrate)
G01 X17.388086 Y25.008763 Z-1.000000 F3500.000000
G01 X17.373332 Y24.990800 Z-1.000000
G03 X17.361216 Y24.887323 Z-1.000000 I0.435827 J-0.103477
G02 X17.268997 Y24.777668 Z-1.000000 I-0.111304 J0.000000
G02 X17.135390 Y24.848053 Z-1.000000 I-0.021193 J0.121771
G03 X17.126135 Y24.864492 Z-1.000000 I-0.102815 J-0.047063
G01 X17.121950 Y24.868723 Z-1.000000
G01 X17.121434 Y24.868723 Z-1.000000
G01 X17.120917 Y24.869240 Z-1.000000
G01 X17.120400 Y24.869240 Z-1.000000
G01 X17.119883 Y24.869240 Z-1.000000
G01 X17.119366 Y24.869240 Z-1.000000
G01 X17.119366 Y24.868723 Z-1.000000
G01 X17.118850 Y24.868723 Z-1.000000
G01 X17.118333 Y24.868206 Z-1.000000
G01 X17.117816 Y24.867689 Z-1.000000
G03 X17.095232 Y24.769285 Z-1.000000 I0.112123 J-0.077526
G03 X17.246491 Y24.119415 Z-1.000000 I4.404927 J0.682717
G03 X17.266227 Y24.076071 Z-1.000000 I0.184332 J0.057766
G01 X17.277501 Y24.068775 Z-1.000000
G01 X17.304025 Y24.088608 Z-1.000000
G03 X17.372581 Y24.448080 Z-1.000000 I-3.052093 J0.768343
G03 X17.418491 Y24.946841 Z-1.000000 I-6.526645 J0.852253
G03 X17.402041 Y25.003085 Z-1.000000 I-0.088166 J0.004742
G01 X17.401524 Y25.003601 Z-1.000000
G01 X17.401007 Y25.004118 Z-1.000000
G01 X17.396430 Y25.007504 Z-1.000000
G01 X17.392707 Y25.008818 Z-1.000000
G01 X17.392190 Y25.008818 Z-1.000000
G01 X17.391403 Y25.009074 Z-1.000000
G01 X17.390690 Y25.009335 Z-1.000000
G01 X17.390173 Y25.009335 Z-1.000000
G01 X17.389656 Y25.009335 Z-1.000000
G01 X17.389139 Y25.009335 Z-1.000000
G01 X17.388603 Y25.009280 Z-1.000000
G00 Z5.000000

(End cutting path id: path2)


(Start cutting path id: path2)
(Change tool to Default tool)

G00 Z5.000000
G00 X17.658354 Y25.842077

G01 Z-1.000000 F100.0(Penetrate)
G01 X17.656224 Y25.841831 Z-1.000000 F3500.000000
G02 X17.654254 Y25.841560 Z-1.000000 I-0.008831 J0.056899
G03 X17.577569 Y25.786454 Z-1.000000 I0.010792 J-0.095927
G03 X17.485788 Y25.453987 Z-1.000000 I0.938688 J-0.438038
G03 X17.490434 Y25.142424 Z-1.000000 I1.327575 J-0.136019
G01 X17.531778 Y25.106204 Z-1.000000
G03 X17.769218 Y25.268839 Z-1.000000 I0.000000 J0.254643
G03 X17.770007 Y25.720120 Z-1.000000 I-0.584938 J0.226664
G03 X17.706562 Y25.822107 Z-1.000000 I-0.296668 J-0.113826
G03 X17.662003 Y25.842077 Z-1.000000 I-0.045713 J-0.042300
G02 X17.660204 Y25.842119 Z-1.000000 I0.002768 J0.156435
G01 X17.658403 Y25.842077 Z-1.000000
G01 X17.658354 Y25.842077 Z-1.000000
G00 Z5.000000

(End cutting path id: path2)


(Start cutting path id: path2)
(Change tool to Default tool)

G00 Z5.000000
G00 X17.643368 Y26.609984

G01 Z-1.000000 F100.0(Penetrate)
G02 X17.704636 Y26.577192 Z-1.000000 I0.000000 J-0.073632 F3500.000000
G02 X17.737418 Y26.468907 Z-1.000000 I-0.162451 J-0.108285
G02 X17.704571 Y26.360988 Z-1.000000 I-0.193710 J0.000000
G02 X17.643368 Y26.328347 Z-1.000000 I-0.061203 J0.041060
G02 X17.582161 Y26.360991 Z-1.000000 I0.000000 J0.073703
G02 X17.549318 Y26.468907 Z-1.000000 I0.160873 J0.107916
G02 X17.582105 Y26.577196 Z-1.000000 I0.195225 J0.000000
G02 X17.643368 Y26.609984 Z-1.000000 I0.061263 J-0.040841
G01 X17.643368 Y26.609984 Z-1.000000
G00 Z5.000000

(End cutting path id: path2)


(Start cutting path id: path2)
(Change tool to Default tool)

G00 Z5.000000
G00 X16.838765 Y26.014678

G01 Z-1.000000 F100.0(Penetrate)
G01 X16.811491 Y25.999449 Z-1.000000 F3500.000000
G03 X16.797425 Y25.957838 Z-1.000000 I0.054517 J-0.041611
G03 X16.825742 Y25.886489 Z-1.000000 I0.104046 J-0.000000
G03 X16.891475 Y25.858108 Z-1.000000 I0.065733 J0.061931
G03 X16.969150 Y25.874388 Z-1.000000 I0.000000 J0.193437
G01 X16.985525 Y25.899448 Z-1.000000
G01 X16.972037 Y25.933443 Z-1.000000
G03 X16.891475 Y25.999188 Z-1.000000 I-0.289924 J-0.273035
G03 X16.860731 Y26.012732 Z-1.000000 I-0.063971 J-0.103538
G03 X16.838765 Y26.014688 Z-1.000000 I-0.016130 J-0.056838
G01 X16.838765 Y26.014678 Z-1.000000
G00 Z5.000000

(End cutting path id: path2)


(Start cutting path id: path2)
(Change tool to Default tool)

G00 Z5.000000
G00 X16.341638 Y24.354536

G01 Z-1.000000 F100.0(Penetrate)
G03 X16.291657 Y24.318842 Z-1.000000 I0.000000 J-0.052840 F3500.000000
G03 X16.293578 Y24.213460 Z-1.000000 I0.145891 J-0.050049
G02 X16.298499 Y24.106260 Z-1.000000 I-0.159352 J-0.061029
G01 X16.253788 Y24.072383 Z-1.000000
G03 X16.179890 Y24.043381 Z-1.000000 I-0.000000 J-0.108648
G03 X16.107544 Y23.936474 Z-1.000000 I0.194316 J-0.209429
G03 X16.122137 Y23.867086 Z-1.000000 I0.060946 J-0.023410
G03 X16.191264 Y23.852244 Z-1.000000 I0.045941 J0.045569
G02 X16.293555 Y23.855118 Z-1.000000 I0.055228 J-0.143881
G01 X16.327690 Y23.808324 Z-1.000000
G03 X16.338121 Y23.713966 Z-1.000000 I0.431976 J-0.000000
G03 X16.379880 Y23.575781 Z-1.000000 I0.962315 J0.215403
G02 X16.365500 Y23.473594 Z-1.000000 I-0.099356 J-0.038123
G02 X16.238803 Y23.388712 Z-1.000000 I-0.185454 J0.139815
G03 X15.990311 Y23.131139 Z-1.000000 I0.086985 J-0.332571
G03 X16.139583 Y22.944811 Z-1.000000 I0.149272 J-0.033371
G03 X16.206091 Y22.972362 Z-1.000000 I-0.000000 J0.094050
G03 X16.233633 Y23.038861 Z-1.000000 I-0.066508 J0.066499
G02 X16.260664 Y23.105775 Z-1.000000 I0.096337 J0.000000
G02 X16.324583 Y23.132911 Z-1.000000 I0.063919 J-0.061713
G02 X16.393905 Y23.011735 Z-1.000000 I0.000000 J-0.080417
G02 X16.129246 Y22.800631 Z-1.000000 I-0.407755 J0.239747
G03 X16.010025 Y22.720456 Z-1.000000 I0.077321 J-0.243706
G03 X16.005223 Y22.651803 Z-1.000000 I0.045263 J-0.037660
G02 X16.019896 Y22.563488 Z-1.000000 I-0.100637 J-0.062097
G02 X15.955093 Y22.432178 Z-1.000000 I-0.306776 J0.069752
G03 X15.904139 Y22.312623 Z-1.000000 I0.174849 J-0.145155
G03 X15.934423 Y22.250277 Z-1.000000 I0.064308 J-0.007291
G02 X15.980605 Y22.179430 Z-1.000000 I-0.051655 J-0.084147
G02 X15.974733 Y21.959855 Z-1.000000 I-0.675359 J-0.091805
G03 X15.982781 Y21.766739 Z-1.000000 I0.414589 J-0.079448
G03 X16.040873 Y21.722661 Z-1.000000 I0.058092 J0.016242
G02 X16.098579 Y21.682802 Z-1.000000 I0.000000 J-0.061702
G02 X16.102883 Y21.558330 Z-1.000000 I-0.181168 J-0.068575
G03 X16.136422 Y21.339138 Z-1.000000 I0.247026 J-0.074364
G03 X16.551434 Y20.897905 Z-1.000000 I1.585891 J1.075857
G01 X16.551951 Y20.897905 Z-1.000000
G03 X16.906952 Y20.752630 Z-1.000000 I0.441129 J0.571577
G03 X17.048562 Y20.837965 Z-1.000000 I0.016045 J0.133540
G02 X17.114993 Y20.892374 Z-1.000000 I0.080938 J-0.031063
G02 X17.184988 Y20.861215 Z-1.000000 I0.011575 J-0.068195
G01 X17.233721 Y20.843925 Z-1.000000
G01 X17.266118 Y20.888605 Z-1.000000
G03 X17.234984 Y21.026495 Z-1.000000 I-0.308106 J0.002893
G03 X17.139510 Y21.148021 Z-1.000000 I-0.329508 J-0.160603
G02 X17.053166 Y21.272127 Z-1.000000 I0.180936 J0.217971
G02 X17.027889 Y21.465314 Z-1.000000 I0.445881 J0.156587
G03 X17.018879 Y21.671132 Z-1.000000 I-0.842916 J0.066205
G03 X16.964849 Y21.840485 Z-1.000000 I-0.615344 J-0.103022
G02 X16.934147 Y21.974103 Z-1.000000 I0.275865 J0.133724
G01 X16.964849 Y22.004816 Z-1.000000
G03 X17.210037 Y22.156369 Z-1.000000 I0.000000 J0.274113
G03 X17.361724 Y22.799083 Z-1.000000 I-1.285779 J0.642714
G03 X17.331399 Y22.907030 Z-1.000000 I-0.207290 J0.000000
G03 X17.262504 Y22.961864 Z-1.000000 I-0.109366 J-0.066712
G02 X17.204303 Y23.025776 Z-1.000000 I0.027941 J0.083901
G02 X17.144682 Y23.470360 Z-1.000000 I2.310522 J0.536140
G03 X17.077557 Y23.895601 Z-1.000000 I-1.825602 J-0.070256
G03 X17.010323 Y23.946816 Z-1.000000 I-0.067643 J-0.019060
G03 X16.952793 Y23.897174 Z-1.000000 I-0.000336 J-0.057767
G03 X16.955543 Y23.563377 Z-1.000000 I1.110442 J-0.157762
G02 X16.924825 Y23.339034 Z-1.000000 I-0.386312 J-0.061379
G02 X16.844439 Y23.320498 Z-1.000000 I-0.047332 J0.021692
G03 X16.762122 Y23.301403 Z-1.000000 I-0.033824 J-0.041167
G03 X16.726617 Y23.062116 Z-1.000000 I0.398589 J-0.181420
G02 X16.736027 Y22.700898 Z-1.000000 I-1.684186 J-0.224604
G01 X16.694577 Y22.662657 Z-1.000000
G02 X16.644339 Y22.698254 Z-1.000000 I0.000000 J0.053248
G02 X16.603107 Y22.921039 Z-1.000000 I0.692855 J0.243440
G03 X16.528387 Y23.619271 Z-1.000000 I-4.309184 J-0.108028
G03 X16.431024 Y23.825893 Z-1.000000 I-0.449600 J-0.085606
G02 X16.376908 Y23.950461 Z-1.000000 I0.186773 J0.155178
G02 X16.389684 Y24.147838 Z-1.000000 I0.516699 J0.065657
G03 X16.391945 Y24.314576 Z-1.000000 I-0.336729 J0.087951
G03 X16.341624 Y24.354543 Z-1.000000 I-0.050321 J-0.011695
G01 X16.341638 Y24.354536 Z-1.000000
G00 Z5.000000

(End cutting path id: path2)


(Start cutting path id: path2)
(Change tool to Default tool)

G00 Z5.000000
G00 X16.644462 Y24.166426

G01 Z-1.000000 F100.0(Penetrate)
G01 X16.643945 Y24.165909 Z-1.000000 F3500.000000
G01 X16.643429 Y24.165909 Z-1.000000
G01 X16.625167 Y24.134764 Z-1.000000
G03 X16.609319 Y23.832080 Z-1.000000 I2.882544 J-0.302684
G03 X16.645690 Y23.562380 Z-1.000000 I1.018123 J-0.000000
G01 X16.687869 Y23.545792 Z-1.000000
G03 X16.889551 Y23.938462 Z-1.000000 I-0.224757 J0.363568
G03 X16.645499 Y24.166426 Z-1.000000 I-0.244052 J-0.016655
G01 X16.644982 Y24.166426 Z-1.000000
G01 X16.644462 Y24.166426 Z-1.000000
G00 Z5.000000

(End cutting path id: path2)


(Start cutting path id: path2)
(Change tool to Default tool)

G00 Z5.000000
G00 X15.881201 Y23.756118

G01 Z-1.000000 F100.0(Penetrate)
G01 X15.864470 Y23.733374 Z-1.000000 F3500.000000
G03 X15.914791 Y23.563365 Z-1.000000 I1.104650 J0.234516
G03 X16.048856 Y23.441012 Z-1.000000 I0.189077 J0.072550
G03 X16.174723 Y23.489985 Z-1.000000 I0.030465 J0.107935
G03 X16.172515 Y23.553744 Z-1.000000 I-0.048914 J0.030224
G03 X16.039331 Y23.678604 Z-1.000000 I-0.382793 J-0.274850
G03 X15.914719 Y23.749580 Z-1.000000 I-0.938433 J-1.502720
G03 X15.881201 Y23.756114 Z-1.000000 I-0.027920 J-0.053989
G01 X15.881201 Y23.756118 Z-1.000000
G00 Z5.000000

(End cutting path id: path2)


(Start cutting path id: path2)
(Change tool to Default tool)

G00 Z5.000000
G00 X14.846639 Y24.710589

G01 Z-1.000000 F100.0(Penetrate)
G01 X14.823601 Y24.671651 Z-1.000000 F3500.000000
G03 X14.978931 Y24.432570 Z-1.000000 I0.820709 J0.363212
G03 X15.140114 Y24.272167 Z-1.000000 I1.612573 J1.459230
G01 X15.170650 Y24.260487 Z-1.000000
G01 X15.172611 Y24.260637 Z-1.000000
G01 X15.174250 Y24.261004 Z-1.000000
G01 X15.174766 Y24.261004 Z-1.000000
G01 X15.175283 Y24.261521 Z-1.000000
G01 X15.175800 Y24.262038 Z-1.000000
G01 X15.176317 Y24.262038 Z-1.000000
G01 X15.176833 Y24.262554 Z-1.000000
G01 X15.177350 Y24.263071 Z-1.000000
G03 X15.190171 Y24.403934 Z-1.000000 I-0.092125 J0.079400
G03 X14.916901 Y24.683717 Z-1.000000 I-0.698986 J-0.409368
G03 X14.867786 Y24.707711 Z-1.000000 I-0.145051 J-0.234649
G01 X14.846621 Y24.710587 Z-1.000000
G01 X14.846639 Y24.710589 Z-1.000000
G00 Z5.000000

(End cutting path id: path2)


(Start cutting path id: path2)
(Change tool to Default tool)

G00 Z5.000000
G00 X14.825452 Y25.108292

G01 Z-1.000000 F100.0(Penetrate)
G01 X14.824935 Y25.107775 Z-1.000000 F3500.000000
G01 X14.824418 Y25.107775 Z-1.000000
G01 X14.824418 Y25.107258 Z-1.000000
G01 X14.823901 Y25.107258 Z-1.000000
G01 X14.823901 Y25.106741 Z-1.000000
G01 X14.823385 Y25.106224 Z-1.000000
G01 X14.823385 Y25.105708 Z-1.000000
G01 X14.827738 Y25.092498 Z-1.000000
G03 X14.905545 Y24.988919 Z-1.000000 I2.530542 J1.819878
G03 X15.052502 Y24.863418 Z-1.000000 I0.384724 J0.301706
G03 X15.187698 Y24.831823 Z-1.000000 I0.122891 J0.220804
G03 X15.266518 Y24.839086 Z-1.000000 I-0.045872 J0.929088
G01 X15.283298 Y24.844743 Z-1.000000
G01 X15.283815 Y24.844743 Z-1.000000
G01 X15.284331 Y24.845259 Z-1.000000
G01 X15.284848 Y24.845776 Z-1.000000
G01 X15.285365 Y24.846293 Z-1.000000
G01 X15.285365 Y24.846810 Z-1.000000
G01 X15.285882 Y24.847327 Z-1.000000
G01 X15.285882 Y24.847843 Z-1.000000
G01 X15.285882 Y24.848360 Z-1.000000
G01 X15.285882 Y24.848877 Z-1.000000
G01 X15.285882 Y24.849394 Z-1.000000
G01 X15.285882 Y24.849910 Z-1.000000
G01 X15.285365 Y24.849910 Z-1.000000
G01 X15.285365 Y24.850427 Z-1.000000
G01 X15.284848 Y24.850427 Z-1.000000
G01 X15.284848 Y24.850944 Z-1.000000
G01 X15.272813 Y24.860782 Z-1.000000
G03 X15.199578 Y24.891254 Z-1.000000 I-0.420291 J-0.906860
G02 X15.063990 Y24.953629 Z-1.000000 I0.338789 J0.915003
G02 X14.917425 Y25.048351 Z-1.000000 I0.642888 J1.155502
G03 X14.839012 Y25.104063 Z-1.000000 I-1.323063 J-1.779114
G01 X14.826475 Y25.108291 Z-1.000000
G01 X14.825958 Y25.108291 Z-1.000000
G01 X14.825452 Y25.108292 Z-1.000000
G00 Z5.000000

(End cutting path id: path2)


(Start cutting path id: path2)
(Change tool to Default tool)

G00 Z5.000000
G00 X14.231689 Y24.072376

G01 Z-1.000000 F100.0(Penetrate)
G01 X14.207995 Y24.040703 Z-1.000000 F3500.000000
G03 X14.261659 Y23.929232 Z-1.000000 I0.250540 J0.051962
G02 X14.336396 Y23.788210 Z-1.000000 I-0.302242 J-0.250494
G02 X14.320569 Y23.726661 Z-1.000000 I-0.059922 J-0.017401
G03 X14.302405 Y23.665044 Z-1.000000 I0.047627 J-0.047526
G03 X14.358809 Y23.548894 Z-1.000000 I0.264421 J0.056636
G02 X14.397498 Y23.440806 Z-1.000000 I-0.128967 J-0.107130
G02 X14.357809 Y23.370093 Z-1.000000 I-0.083690 J0.000478
G03 X14.315900 Y23.293800 Z-1.000000 I0.046463 J-0.075179
G03 X14.360909 Y23.118946 Z-1.000000 I0.380796 J0.004800
G03 X14.470327 Y22.980160 Z-1.000000 I0.444649 J0.238032
G01 X14.515421 Y22.981487 Z-1.000000
G03 X14.528703 Y23.036051 Z-1.000000 I-0.038249 J0.038210
G03 X14.455991 Y23.169072 Z-1.000000 I-0.376794 J-0.119581
G02 X14.408075 Y23.293572 Z-1.000000 I0.161553 J0.133647
G02 X14.447191 Y23.367510 Z-1.000000 I0.082619 J0.003608
G02 X14.694410 Y23.338091 Z-1.000000 I0.105119 J-0.170095
G02 X14.753116 Y23.058484 Z-1.000000 I-0.187131 J-0.185256
G03 X14.723808 Y22.972547 Z-1.000000 I1.121647 J-0.430488
G01 X14.724696 Y22.956682 Z-1.000000
G01 X14.724696 Y22.956165 Z-1.000000
G01 X14.725212 Y22.955648 Z-1.000000
G01 X14.725212 Y22.955132 Z-1.000000
G01 X14.725729 Y22.954615 Z-1.000000
G01 X14.726246 Y22.954098 Z-1.000000
G01 X14.726763 Y22.954098 Z-1.000000
G01 X14.727279 Y22.953581 Z-1.000000
G01 X14.727796 Y22.953581 Z-1.000000
G01 X14.728313 Y22.953065 Z-1.000000
G01 X14.728830 Y22.953065 Z-1.000000
G01 X14.729346 Y22.953065 Z-1.000000
G01 X14.746521 Y22.958919 Z-1.000000
G03 X14.840968 Y23.041435 Z-1.000000 I-1.189222 J1.456483
G03 X14.942073 Y23.189385 Z-1.000000 I-0.280116 J0.299945
G03 X14.942770 Y23.296717 Z-1.000000 I-0.136836 J0.054557
G02 X14.945995 Y23.381272 Z-1.000000 I0.100360 J0.038511
G02 X14.998580 Y23.414539 Z-1.000000 I0.052585 J-0.024926
G01 X15.046161 Y23.451342 Z-1.000000
G03 X15.039400 Y23.571119 Z-1.000000 I-0.190037 J0.049352
G02 X15.034465 Y23.661232 Z-1.000000 I0.137416 J0.052717
G01 X15.066270 Y23.673955 Z-1.000000
G01 X15.117075 Y23.688401 Z-1.000000
G03 X15.164970 Y23.870325 Z-1.000000 I-0.410366 J0.205304
G03 X15.171035 Y24.037862 Z-1.000000 I-6.143243 J0.306281
G01 X15.164970 Y24.056360 Z-1.000000
G01 X15.164453 Y24.056877 Z-1.000000
G01 X15.163936 Y24.057394 Z-1.000000
G01 X15.163420 Y24.057911 Z-1.000000
G01 X15.162903 Y24.057911 Z-1.000000
G01 X15.162386 Y24.058427 Z-1.000000
G01 X15.161869 Y24.058427 Z-1.000000
G01 X15.161352 Y24.058427 Z-1.000000
G01 X15.160836 Y24.058427 Z-1.000000
G01 X15.160188 Y24.058217 Z-1.000000
G01 X15.159236 Y24.057911 Z-1.000000
G01 X15.158720 Y24.057911 Z-1.000000
G01 X15.144385 Y24.041998 Z-1.000000
G03 X15.080170 Y23.908049 Z-1.000000 I4.275087 J-2.131826
G02 X14.907465 Y23.734164 Z-1.000000 I-0.324140 J0.149231
G02 X14.823339 Y23.787643 Z-1.000000 I-0.025064 J0.053479
G01 X14.791489 Y23.832225 Z-1.000000
G03 X14.697765 Y23.830533 Z-1.000000 I-0.044531 J-0.129956
G02 X14.584593 Y23.830888 Z-1.000000 I-0.056127 J0.146251
G02 X14.451268 Y23.927163 Z-1.000000 I0.119767 J0.306314
G03 X14.318939 Y24.047181 Z-1.000000 I-0.487819 J-0.404898
G03 X14.236811 Y24.072374 Z-1.000000 I-0.082128 J-0.121270
G02 X14.234129 Y24.072428 Z-1.000000 I0.000000 J0.067152
G01 X14.231611 Y24.072374 Z-1.000000
G01 X14.231689 Y24.072376 Z-1.000000
G00 Z5.000000

(End cutting path id: path2)


(Start cutting path id: path2)
(Change tool to Default tool)

G00 Z5.000000
G00 X14.552083 Y22.545256

G01 Z-1.000000 F100.0(Penetrate)
G01 X14.551567 Y22.544740 Z-1.000000 F3500.000000
G01 X14.551050 Y22.544740 Z-1.000000
G01 X14.550533 Y22.544740 Z-1.000000
G01 X14.550016 Y22.544740 Z-1.000000
G01 X14.550016 Y22.544223 Z-1.000000
G01 X14.549500 Y22.544223 Z-1.000000
G01 X14.549500 Y22.543706 Z-1.000000
G01 X14.549500 Y22.543189 Z-1.000000
G01 X14.549500 Y22.542673 Z-1.000000
G01 X14.549500 Y22.542156 Z-1.000000
G01 X14.559391 Y22.529076 Z-1.000000
G03 X14.677140 Y22.432602 Z-1.000000 I4.458770 J5.321954
G03 X14.884589 Y22.308566 Z-1.000000 I0.555415 J0.693429
G01 X14.917436 Y22.330283 Z-1.000000
G01 X14.900206 Y22.363174 Z-1.000000
G03 X14.706079 Y22.476527 Z-1.000000 I-0.829692 J-1.198014
G03 X14.568392 Y22.541748 Z-1.000000 I-3.735966 J-7.709043
G01 X14.552083 Y22.545257 Z-1.000000
G01 X14.552083 Y22.545256 Z-1.000000
G00 Z5.000000

(End cutting path id: path2)


(Start cutting path id: path2)
(Change tool to Default tool)

G00 Z5.000000
G00 X14.374833 Y22.424850

G01 Z-1.000000 F100.0(Penetrate)
G01 X14.366728 Y22.423226 Z-1.000000 F3500.000000
G01 X14.361913 Y22.420150 Z-1.000000
G01 X14.359569 Y22.381367 Z-1.000000
G03 X14.501439 Y22.241867 Z-1.000000 I0.607942 J0.476381
G03 X14.689297 Y22.124972 Z-1.000000 I0.733924 J0.970061
G03 X14.776358 Y22.103891 Z-1.000000 I0.088959 J0.177074
G01 X14.789619 Y22.130791 Z-1.000000
G03 X14.636832 Y22.282174 Z-1.000000 I-0.675572 J-0.529044
G03 X14.438873 Y22.410370 Z-1.000000 I-0.893579 J-1.162915
G03 X14.374832 Y22.424801 Z-1.000000 I-0.057836 J-0.107348
G01 X14.374833 Y22.424850 Z-1.000000
G00 Z5.000000

(End cutting path id: path2)


(Start cutting path id: path2)
(Change tool to Default tool)

G00 Z5.000000
G00 X13.275675 Y21.104004

G01 Z-1.000000 F100.0(Penetrate)
G03 X13.075879 Y21.086677 Z-1.000000 I0.075684 J-2.033262 F3500.000000
G03 X12.991455 Y21.062144 Z-1.000000 I0.040636 J-0.297369
G03 X12.926978 Y21.028324 Z-1.000000 I0.284541 J-0.620843
G01 X12.915495 Y21.017184 Z-1.000000
G01 X12.915203 Y21.016639 Z-1.000000
G01 X12.914978 Y21.016184 Z-1.000000
G01 X12.914978 Y21.015667 Z-1.000000
G01 X12.914978 Y21.015150 Z-1.000000
G01 X12.914978 Y21.014634 Z-1.000000
G01 X12.914978 Y21.014117 Z-1.000000
G01 X12.914978 Y21.013600 Z-1.000000
G01 X12.914978 Y21.013083 Z-1.000000
G01 X12.915495 Y21.012566 Z-1.000000
G01 X12.915495 Y21.012050 Z-1.000000
G01 X12.916011 Y21.011533 Z-1.000000
G01 X12.916528 Y21.011016 Z-1.000000
G01 X12.917045 Y21.010499 Z-1.000000
G01 X12.940249 Y21.004659 Z-1.000000
G03 X13.148555 Y21.029619 Z-1.000000 I-0.248655 J2.956814
G02 X13.486066 Y21.043515 Z-1.000000 I0.229648 J-1.471984
G02 X13.656535 Y20.992409 Z-1.000000 I-0.029680 J-0.408855
G02 X13.693753 Y20.896634 Z-1.000000 I-0.039422 J-0.070438
G02 X13.572815 Y20.739194 Z-1.000000 I-0.286059 J0.094568
G03 X13.438327 Y20.542894 Z-1.000000 I0.171461 J-0.261691
G03 X13.466361 Y20.241033 Z-1.000000 I0.496516 J-0.106120
G02 X13.563953 Y19.995549 Z-1.000000 I-6.947982 J-2.904305
G01 X13.563001 Y19.969215 Z-1.000000
G01 X13.562485 Y19.968699 Z-1.000000
G01 X13.561963 Y19.967870 Z-1.000000
G01 X13.561485 Y19.967099 Z-1.000000
G01 X13.560968 Y19.966582 Z-1.000000
G01 X13.560452 Y19.966582 Z-1.000000
G01 X13.560452 Y19.966066 Z-1.000000
G01 X13.559935 Y19.966066 Z-1.000000
G01 X13.559418 Y19.966066 Z-1.000000
G01 X13.558901 Y19.965549 Z-1.000000
G01 X13.558385 Y19.965549 Z-1.000000
G01 X13.557868 Y19.965549 Z-1.000000
G01 X13.537413 Y19.972172 Z-1.000000
G02 X13.431777 Y20.063219 Z-1.000000 I1.823302 J2.222281
G03 X13.330415 Y20.063079 Z-1.000000 I-0.050604 J-0.056082
G03 X13.267963 Y19.914908 Z-1.000000 I0.128184 J-0.141275
G03 X13.302183 Y19.615803 Z-1.000000 I1.937241 J0.070129
G03 X13.348573 Y19.497879 Z-1.000000 I0.341527 J0.066265
G02 X13.371855 Y19.397372 Z-1.000000 I-0.134927 J-0.084205
G02 X13.331523 Y19.333031 Z-1.000000 I-0.085550 J0.008815
G02 X13.258800 Y19.339199 Z-1.000000 I-0.032204 J0.052101
G02 X13.058671 Y19.573844 Z-1.000000 I0.721932 J0.818405
G02 X12.944320 Y19.878556 Z-1.000000 I0.674091 J0.426784
G02 X12.962551 Y20.193444 Z-1.000000 I0.742613 J0.114976
G03 X13.016793 Y20.509792 Z-1.000000 I-1.551098 J0.428779
G03 X12.989941 Y20.581017 Z-1.000000 I-0.090986 J0.006372
G01 X12.995789 Y20.625807 Z-1.000000
G02 X13.288631 Y20.752583 Z-1.000000 I0.709824 J-1.238025
G01 X13.649849 Y20.863171 Z-1.000000
G01 X13.350126 Y20.870371 Z-1.000000
G03 X13.055536 Y20.850149 Z-1.000000 I-0.038686 J-1.592306
G03 X12.794087 Y20.779941 Z-1.000000 I0.215726 J-1.325257
G02 X12.557230 Y20.741496 Z-1.000000 I-0.212100 J0.557875
G02 X12.468526 Y20.793381 Z-1.000000 I0.004548 J0.109542
G03 X12.375216 Y20.853199 Z-1.000000 I-0.109031 J-0.067392
G03 X11.966231 Y20.855391 Z-1.000000 I-0.213769 J-1.729759
G02 X11.551738 Y20.847050 Z-1.000000 I-0.252402 J2.239729
G02 X11.479955 Y20.890531 Z-1.000000 I0.006629 J0.091938
G03 X11.417367 Y20.929738 Z-1.000000 I-0.071113 J-0.043962
G03 X11.318725 Y20.907071 Z-1.000000 I-0.016018 J-0.156262
G02 X11.159735 Y20.849698 Z-1.000000 I-0.215908 J0.349339
G02 X10.379764 Y20.775812 Z-1.000000 I-1.217814 J8.701922
G03 X9.947346 Y20.723088 Z-1.000000 I0.152103 J-3.047098
G03 X9.883154 Y20.678662 Z-1.000000 I0.018649 J-0.095535
G02 X9.824391 Y20.641047 Z-1.000000 I-0.068542 J0.042370
G02 X9.699186 Y20.656442 Z-1.000000 I-0.031686 J0.259151
G03 X9.601161 Y20.646145 Z-1.000000 I-0.038903 J-0.101380
G03 X9.549324 Y20.558772 Z-1.000000 I0.062348 J-0.096054
G02 X9.536188 Y20.407589 Z-1.000000 I-8.816602 J0.689875
G02 X9.525553 Y20.299357 Z-1.000000 I-20.034193 J1.914009
G02 X9.482535 Y20.215804 Z-1.000000 I-0.130134 J0.014150
G02 X9.326082 Y20.121590 Z-1.000000 I-0.328353 J0.368255
G03 X9.272118 Y20.049680 Z-1.000000 I0.028978 J-0.077949
G03 X9.315747 Y19.979480 Z-1.000000 I0.070082 J-0.005102
G02 X9.374408 Y19.892736 Z-1.000000 I-0.035532 J-0.087236
G02 X9.316777 Y19.778458 Z-1.000000 I-0.140659 J-0.000735
G03 X9.275564 Y19.675183 Z-1.000000 I0.061803 J-0.084523
G03 X9.350367 Y19.594490 Z-1.000000 I0.100698 J0.018330
G02 X9.453756 Y19.467531 Z-1.000000 I-0.035082 J-0.134146
G02 X9.363286 Y19.343859 Z-1.000000 I-0.121168 J-0.006289
G03 X9.329601 Y19.211349 Z-1.000000 I0.019760 J-0.075559
G03 X9.632003 Y19.091678 Z-1.000000 I0.302402 J0.322240
G03 X9.851175 Y19.142548 Z-1.000000 I-0.000000 J0.497586
G01 X9.861447 Y19.204333 Z-1.000000
G02 X9.778519 Y19.502954 Z-1.000000 I0.222664 J0.222660
G02 X9.973584 Y19.655468 Z-1.000000 I0.195066 J-0.048488
G03 X10.166074 Y19.702958 Z-1.000000 I0.000000 J0.413847
G03 X10.255221 Y19.803263 Z-1.000000 I-0.088485 J0.168410
G02 X10.343660 Y19.889259 Z-1.000000 I0.137225 J-0.052650
G02 X10.523422 Y19.897833 Z-1.000000 I0.104211 J-0.296162
G03 X10.598833 Y19.882688 Z-1.000000 I0.206997 J0.835376
G01 X10.613852 Y19.883363 Z-1.000000
G01 X10.614369 Y19.883363 Z-1.000000
G01 X10.614886 Y19.883880 Z-1.000000
G01 X10.615403 Y19.883880 Z-1.000000
G01 X10.615403 Y19.884397 Z-1.000000
G01 X10.615919 Y19.884397 Z-1.000000
G01 X10.615919 Y19.884914 Z-1.000000
G01 X10.616436 Y19.884914 Z-1.000000
G01 X10.616436 Y19.885430 Z-1.000000
G01 X10.616436 Y19.885947 Z-1.000000
G01 X10.616436 Y19.886464 Z-1.000000
G01 X10.616436 Y19.886981 Z-1.000000
G01 X10.616436 Y19.887498 Z-1.000000
G01 X10.604594 Y19.900168 Z-1.000000
G03 X10.463991 Y19.971728 Z-1.000000 I-1.107307 J-2.001748
G02 X10.446827 Y20.091341 Z-1.000000 I0.030501 J0.065415
G02 X10.639691 Y20.126241 Z-1.000000 I0.125390 J-0.142574
G03 X10.898554 Y20.103844 Z-1.000000 I0.168812 J0.443964
G01 X10.917710 Y20.179981 Z-1.000000
G02 X10.794946 Y20.282453 Z-1.000000 I3.779240 J4.652388
G01 X10.783868 Y20.298320 Z-1.000000
G01 X10.783351 Y20.298837 Z-1.000000
G01 X10.783351 Y20.299354 Z-1.000000
G01 X10.783351 Y20.299870 Z-1.000000
G01 X10.783351 Y20.300387 Z-1.000000
G01 X10.783351 Y20.300904 Z-1.000000
G01 X10.783351 Y20.301421 Z-1.000000
G01 X10.783351 Y20.301938 Z-1.000000
G01 X10.783868 Y20.301938 Z-1.000000
G01 X10.783868 Y20.302454 Z-1.000000
G01 X10.784385 Y20.302454 Z-1.000000
G01 X10.784901 Y20.302971 Z-1.000000
G01 X10.785418 Y20.302971 Z-1.000000
G01 X10.801137 Y20.302822 Z-1.000000
G02 X10.922877 Y20.261111 Z-1.000000 I-1.177769 J-3.636042
G03 X11.542700 Y20.124668 Z-1.000000 I0.830769 J2.297895
G03 X11.591054 Y20.203231 Z-1.000000 I0.004456 J0.051420
G02 X11.591256 Y20.521894 Z-1.000000 I0.257553 J0.159168
G02 X11.892327 Y20.689506 Z-1.000000 I0.301071 J-0.186590
G02 X12.116811 Y20.562925 Z-1.000000 I0.000000 J-0.262345
G02 X12.261814 Y20.078690 Z-1.000000 I-0.864067 J-0.522571
G03 X12.525993 Y18.885135 Z-1.000000 I3.414211 J0.129681
G03 X13.080369 Y18.129972 Z-1.000000 I1.850284 J0.777251
G03 X13.272863 Y17.967316 Z-1.000000 I193.227423 J228.479873
G03 X13.386293 Y17.871590 Z-1.000000 I242.080839 J286.733658
G03 X13.508645 Y17.794289 Z-1.000000 I0.341420 J0.404917
G03 X13.668446 Y17.743432 Z-1.000000 I0.293840 J0.646810
G02 X14.295254 Y17.563154 Z-1.000000 I-0.684133 J-3.558474
G02 X14.353676 Y17.477816 Z-1.000000 I-0.033116 J-0.085338
G01 X14.379999 Y17.435771 Z-1.000000
G03 X14.434286 Y17.438546 Z-1.000000 I0.024622 J0.050707
G02 X14.518940 Y17.457380 Z-1.000000 I0.069404 J-0.112288
G02 X14.833745 Y17.392036 Z-1.000000 I-0.209230 J-1.798979
G03 X15.637338 Y17.245637 Z-1.000000 I1.045202 J3.458493
G03 X15.968559 Y17.316066 Z-1.000000 I0.041485 J0.618968
G02 X16.093163 Y17.277730 Z-1.000000 I0.043098 J-0.081587
G02 X16.285853 Y16.718170 Z-1.000000 I-1.679923 J-0.891456
G03 X16.434753 Y16.499636 Z-1.000000 I0.317370 J0.056248
G03 X16.637252 Y16.502679 Z-1.000000 I0.098850 J0.161228
G02 X16.871376 Y16.457443 Z-1.000000 I0.093779 J-0.143122
G02 X16.893567 Y16.135260 Z-1.000000 I-0.257491 J-0.179591
G03 X16.748196 Y15.775713 Z-1.000000 I1.979150 J-1.009366
G03 X16.758692 Y15.694460 Z-1.000000 I0.094942 J-0.029040
G02 X16.751560 Y15.631914 Z-1.000000 I-0.043273 J-0.026746
G02 X16.573690 Y15.507908 Z-1.000000 I-0.427144 J0.423114
G03 X16.447475 Y15.381437 Z-1.000000 I0.105502 J-0.231503
G03 X16.467237 Y15.272780 Z-1.000000 I0.088365 J-0.040054
G03 X16.607184 Y15.195224 Z-1.000000 I0.205161 J0.205161
G03 X16.766960 Y15.203530 Z-1.000000 I0.065371 J0.283398
G02 X16.821615 Y15.215681 Z-1.000000 I0.081371 J-0.237004
G01 X16.837240 Y15.212330 Z-1.000000
G01 X16.837757 Y15.212330 Z-1.000000
G01 X16.838274 Y15.211813 Z-1.000000
G01 X16.838791 Y15.211119 Z-1.000000
G01 X16.839274 Y15.210213 Z-1.000000
G01 X16.839791 Y15.209696 Z-1.000000
G01 X16.836262 Y15.182623 Z-1.000000
G02 X16.680111 Y15.011258 Z-1.000000 I-1.476012 J1.188142
G03 X16.526134 Y14.767208 Z-1.000000 I0.427127 J-0.440085
G01 X16.580371 Y14.715152 Z-1.000000
G02 X16.660218 Y14.740530 Z-1.000000 I0.256200 J-0.667790
G01 X16.676491 Y14.737372 Z-1.000000
G01 X16.677008 Y14.736856 Z-1.000000
G01 X16.677525 Y14.736339 Z-1.000000
G01 X16.678042 Y14.735822 Z-1.000000
G01 X16.678559 Y14.735305 Z-1.000000
G01 X16.678818 Y14.734621 Z-1.000000
G01 X16.679075 Y14.733705 Z-1.000000
G01 X16.679592 Y14.733188 Z-1.000000
G01 X16.674925 Y14.709622 Z-1.000000
G02 X16.559703 Y14.560589 Z-1.000000 I-2.004357 J1.430576
G03 X16.474241 Y14.449871 Z-1.000000 I1.377254 J-1.151429
G01 X16.469273 Y14.435015 Z-1.000000
G01 X16.469273 Y14.434498 Z-1.000000
G01 X16.469273 Y14.433982 Z-1.000000
G01 X16.469273 Y14.433465 Z-1.000000
G01 X16.469790 Y14.433465 Z-1.000000
G01 X16.469790 Y14.432948 Z-1.000000
G01 X16.470306 Y14.432948 Z-1.000000
G01 X16.470823 Y14.432948 Z-1.000000
G01 X16.470823 Y14.432431 Z-1.000000
G01 X16.471340 Y14.432431 Z-1.000000
G01 X16.471857 Y14.432431 Z-1.000000
G01 X16.472374 Y14.432948 Z-1.000000
G01 X16.480820 Y14.436945 Z-1.000000
G03 X16.513194 Y14.462408 Z-1.000000 I-0.218454 J0.311060
G02 X16.657357 Y14.551813 Z-1.000000 I0.339757 J-0.386919
G02 X16.792763 Y14.577129 Z-1.000000 I0.128642 J-0.313279
G01 X16.823314 Y14.536772 Z-1.000000
G02 X16.756073 Y14.436053 Z-1.000000 I-0.178477 J0.046348
G03 X16.648451 Y14.322243 Z-1.000000 I0.289841 J-0.381873
G01 X16.662023 Y14.296010 Z-1.000000
G01 X16.675555 Y14.268118 Z-1.000000
G02 X16.515262 Y14.100673 Z-1.000000 I-0.781654 J0.587823
G01 X16.280134 Y13.907403 Z-1.000000
G01 X16.555053 Y13.967343 Z-1.000000
G02 X16.712000 Y13.956016 Z-1.000000 I0.059364 J-0.270446
G01 X16.726102 Y13.902753 Z-1.000000
G01 X16.744612 Y13.843704 Z-1.000000
G03 X17.015490 Y13.822653 Z-1.000000 I0.189297 J0.682491
G03 X17.257408 Y13.856060 Z-1.000000 I-0.645545 J5.567443
G03 X17.282657 Y13.867093 Z-1.000000 I-0.008716 J0.054352
G01 X17.283174 Y13.867610 Z-1.000000
G01 X17.283691 Y13.868127 Z-1.000000
G01 X17.284207 Y13.868643 Z-1.000000
G01 X17.284724 Y13.869160 Z-1.000000
G01 X17.284724 Y13.869677 Z-1.000000
G01 X17.285241 Y13.870194 Z-1.000000
G01 X17.285241 Y13.870711 Z-1.000000
G01 X17.285241 Y13.871227 Z-1.000000
G01 X17.285241 Y13.871744 Z-1.000000
G01 X17.285241 Y13.872261 Z-1.000000
G01 X17.284724 Y13.872778 Z-1.000000
G01 X17.284207 Y13.873294 Z-1.000000
G01 X17.284207 Y13.873811 Z-1.000000
G01 X17.267942 Y13.882197 Z-1.000000
G03 X17.144164 Y13.902231 Z-1.000000 I-0.355470 J-1.803808
G02 X16.993343 Y13.980414 Z-1.000000 I0.031082 J0.244523
G02 X16.991202 Y14.069663 Z-1.000000 I0.050143 J0.045853
G02 X17.117927 Y14.170528 Z-1.000000 I0.304945 J-0.253087
G02 X17.255269 Y14.202471 Z-1.000000 I0.134525 J-0.267173
G01 X17.299759 Y14.170273 Z-1.000000
G01 X17.282659 Y14.121851 Z-1.000000
G03 X17.251088 Y14.051492 Z-1.000000 I0.037436 J-0.059061
G03 X17.304879 Y13.985425 Z-1.000000 I0.084450 J0.013827
G02 X17.387320 Y13.784553 Z-1.000000 I-0.053454 J-0.139291
G02 X17.170003 Y13.687769 Z-1.000000 I-0.163133 J0.073923
G03 X17.017398 Y13.697167 Z-1.000000 I-0.095033 J-0.299439
G03 X16.941077 Y13.644879 Z-1.000000 I0.020960 J-0.112437
G01 X16.952324 Y13.606892 Z-1.000000
G03 X17.027377 Y13.604059 Z-1.000000 I0.040839 J0.086351
G02 X17.127851 Y13.594154 Z-1.000000 I0.040359 J-0.105153
G02 X17.173105 Y13.512079 Z-1.000000 I-0.051801 J-0.082075
G02 X17.128726 Y13.428478 Z-1.000000 I-0.100933 J0.000000
G02 X17.033062 Y13.417509 Z-1.000000 I-0.058351 J0.086257
G03 X16.919140 Y13.412545 Z-1.000000 I-0.051251 J-0.133548
G03 X16.835141 Y13.320869 Z-1.000000 I0.074261 J-0.152361
G02 X16.751334 Y13.207877 Z-1.000000 I-0.244681 J0.093906
G02 X16.640838 Y13.169974 Z-1.000000 I-0.110496 J0.142108
G03 X16.566446 Y13.135121 Z-1.000000 I-0.000000 J-0.096821
G03 X16.562288 Y13.075924 Z-1.000000 I0.038996 J-0.032483
G01 X16.525185 Y13.020754 Z-1.000000
G02 X16.292020 Y13.121394 Z-1.000000 I0.088460 J0.525367
G03 X16.104414 Y13.203296 Z-1.000000 I-0.263924 J-0.348730
G03 X15.846052 Y13.200454 Z-1.000000 I-0.121646 J-0.686402
G02 X15.618862 Y13.199438 Z-1.000000 I-0.116194 J0.580900
G02 X15.575268 Y13.252134 Z-1.000000 I0.010051 J0.052696
G02 X15.606745 Y13.326452 Z-1.000000 I0.103474 J0.000000
G02 X15.684822 Y13.358070 Z-1.000000 I0.078077 J-0.080595
G03 X15.734595 Y13.383021 Z-1.000000 I0.000000 J0.062120
G01 X15.731842 Y13.421120 Z-1.000000
G02 X15.716867 Y13.485153 Z-1.000000 I0.044159 J0.044095
G02 X15.803152 Y13.632476 Z-1.000000 I0.398072 J-0.134216
G03 X15.795167 Y13.721460 Z-1.000000 I-0.045170 J0.040797
G03 X15.591795 Y13.795774 Z-1.000000 I-0.218931 J-0.283704
G03 X15.370871 Y13.800867 Z-1.000000 I-0.234027 J-5.357420
G01 X15.348399 Y13.794174 Z-1.000000
G01 X15.347900 Y13.794174 Z-1.000000
G01 X15.347384 Y13.793658 Z-1.000000
G01 X15.346867 Y13.793141 Z-1.000000
G01 X15.346867 Y13.792624 Z-1.000000
G01 X15.346350 Y13.792624 Z-1.000000
G01 X15.346350 Y13.792107 Z-1.000000
G01 X15.346350 Y13.791591 Z-1.000000
G01 X15.346350 Y13.791074 Z-1.000000
G01 X15.346350 Y13.790557 Z-1.000000
G01 X15.346350 Y13.790040 Z-1.000000
G01 X15.346867 Y13.789524 Z-1.000000
G01 X15.346867 Y13.789007 Z-1.000000
G01 X15.361283 Y13.777797 Z-1.000000
G03 X15.481226 Y13.734747 Z-1.000000 I0.747126 J1.892982
G01 X15.489059 Y13.670136 Z-1.000000
G02 X15.316895 Y13.632944 Z-1.000000 I-0.138340 J0.223305
G03 X15.225498 Y13.543601 Z-1.000000 I-0.010479 J-0.080701
G03 X15.342735 Y13.391098 Z-1.000000 I0.183269 J0.019574
G02 X15.408730 Y13.315801 Z-1.000000 I-0.038473 J-0.100291
G02 X15.385105 Y13.214365 Z-1.000000 I-0.113245 J-0.027094
G03 X15.412279 Y13.064626 Z-1.000000 I0.076464 J-0.063459
G03 X15.721519 Y13.022129 Z-1.000000 I0.207441 J0.363115
G02 X15.912526 Y13.029862 Z-1.000000 I0.114062 J-0.454549
G01 X15.951479 Y12.983889 Z-1.000000
G02 X15.910952 Y12.928476 Z-1.000000 I-0.058147 J-0.000000
G02 X15.646071 Y12.886739 Z-1.000000 I-0.269056 J0.846155
G03 X15.472527 Y12.847148 Z-1.000000 I0.001941 J-0.408660
G01 X15.469855 Y12.803019 Z-1.000000
G03 X15.608283 Y12.756389 Z-1.000000 I0.164836 J0.260555
G03 X16.057416 Y12.752379 Z-1.000000 I0.250613 J2.915152
G02 X16.470835 Y12.735739 Z-1.000000 I0.130088 J-1.912013
G02 X16.515269 Y12.684169 Z-1.000000 I-0.007709 J-0.051570
G01 X16.558347 Y12.635387 Z-1.000000
G03 X16.867702 Y12.640239 Z-1.000000 I0.137425 J1.102342
G02 X17.079255 Y12.665717 Z-1.000000 I0.463567 J-2.958097
G01 X17.103347 Y12.659879 Z-1.000000
G01 X17.103864 Y12.659362 Z-1.000000
G01 X17.104380 Y12.658845 Z-1.000000
G01 X17.104897 Y12.658328 Z-1.000000
G01 X17.104897 Y12.658000 Z-1.000000
G01 X17.105414 Y12.657483 Z-1.000000
G01 X17.105414 Y12.656966 Z-1.000000
G01 X17.105414 Y12.656449 Z-1.000000
G01 X17.105414 Y12.655933 Z-1.000000
G01 X17.105414 Y12.655416 Z-1.000000
G01 X17.105414 Y12.654899 Z-1.000000
G01 X17.104897 Y12.654382 Z-1.000000
G01 X17.104369 Y12.653528 Z-1.000000
G01 X17.103897 Y12.652882 Z-1.000000
G01 X17.092284 Y12.641938 Z-1.000000
G02 X17.032587 Y12.610512 Z-1.000000 I-0.294605 J0.487210
G03 X16.952699 Y12.567600 Z-1.000000 I0.277063 J-0.611620
G01 X16.944217 Y12.552632 Z-1.000000
G01 X16.944229 Y12.552305 Z-1.000000
G01 X16.944217 Y12.551632 Z-1.000000
G01 X16.944217 Y12.551115 Z-1.000000
G01 X16.944673 Y12.549789 Z-1.000000
G03 X16.945217 Y12.548515 Z-1.000000 I0.051899 J0.021425
G01 X16.945712 Y12.547723 Z-1.000000
G01 X16.946217 Y12.546915 Z-1.000000
G01 X16.974153 Y12.532689 Z-1.000000
G03 X17.215452 Y12.519005 Z-1.000000 I0.296034 J3.085910
G02 X17.268489 Y12.407875 Z-1.000000 I-0.001219 J-0.068803
G02 X17.024766 Y12.274576 Z-1.000000 I-0.276135 J0.215423
G02 X16.662186 Y12.334406 Z-1.000000 I-0.067097 J0.721949
G02 X16.662514 Y12.436323 Z-1.000000 I0.022709 J0.050886
G03 X16.751221 Y12.478277 Z-1.000000 I-0.688025 J1.569508
G01 X16.762254 Y12.487483 Z-1.000000
G01 X16.762254 Y12.488000 Z-1.000000
G01 X16.762254 Y12.488517 Z-1.000000
G01 X16.762771 Y12.489034 Z-1.000000
G01 X16.762254 Y12.489551 Z-1.000000
G01 X16.762254 Y12.490067 Z-1.000000
G01 X16.761738 Y12.490584 Z-1.000000
G01 X16.761221 Y12.490584 Z-1.000000
G01 X16.761221 Y12.491101 Z-1.000000
G01 X16.745558 Y12.492749 Z-1.000000
G03 X16.609292 Y12.468361 Z-1.000000 I0.458680 J-2.955763
G02 X16.373271 Y12.430649 Z-1.000000 I-0.571365 J2.818444
G02 X16.139553 Y12.413071 Z-1.000000 I-0.326953 J2.784693
G03 X15.998608 Y12.403084 Z-1.000000 I0.065119 J-1.918633
G01 X15.981423 Y12.393951 Z-1.000000
G01 X15.980907 Y12.393434 Z-1.000000
G01 X15.980907 Y12.392918 Z-1.000000
G01 X15.980629 Y12.392146 Z-1.000000
G01 X15.980390 Y12.391318 Z-1.000000
G01 X15.979873 Y12.390802 Z-1.000000
G01 X15.979873 Y12.390285 Z-1.000000
G01 X15.979873 Y12.389768 Z-1.000000
G01 X15.979873 Y12.389251 Z-1.000000
G01 X15.979873 Y12.388734 Z-1.000000
G01 X15.989761 Y12.376705 Z-1.000000
G03 X16.075993 Y12.337574 Z-1.000000 I0.429029 J0.830869
G02 X16.219822 Y12.253272 Z-1.000000 I-0.198299 J-0.503165
G02 X16.240324 Y12.203215 Z-1.000000 I-0.035874 J-0.043920
G03 X16.306924 Y12.051256 Z-1.000000 I0.167000 J-0.017382
G03 X16.503874 Y12.006845 Z-1.000000 I0.148309 J0.198795
G02 X16.753941 Y12.013399 Z-1.000000 I0.143982 J-0.719722
G02 X16.838737 Y11.957755 Z-1.000000 I-0.017367 J-0.118898
G03 X16.921922 Y11.889268 Z-1.000000 I0.142097 J0.087831
G03 X17.108488 Y11.855952 Z-1.000000 I0.182939 J0.485407
G03 X17.185278 Y11.894324 Z-1.000000 I-0.000654 J0.097330
G01 X17.176188 Y11.944832 Z-1.000000
G02 X17.169621 Y12.066767 Z-1.000000 I0.040031 J0.063300
G02 X17.478495 Y12.185127 Z-1.000000 I0.342041 J-0.430396
G02 X17.758419 Y12.140563 Z-1.000000 I0.039507 J-0.653280
G02 X17.972521 Y11.990307 Z-1.000000 I-0.205659 J-0.520712
G03 X18.182161 Y11.807820 Z-1.000000 I0.794852 J0.701462
G03 X18.514607 Y11.631673 Z-1.000000 I1.066192 J1.610455
G02 X19.502744 Y11.035659 Z-1.000000 I-1.437740 J-3.500770
G02 X19.907804 Y10.467919 Z-1.000000 I-0.885157 J-1.059892
G03 X20.017942 Y10.299321 Z-1.000000 I0.442677 J0.168909
G03 X20.122261 Y10.256563 Z-1.000000 I0.104319 J0.105877
G03 X20.416959 Y10.373632 Z-1.000000 I0.000000 J0.429455
G03 X21.419856 Y11.481294 Z-1.000000 I-6.519016 J6.910288
G02 X21.679498 Y11.800138 Z-1.000000 I6.180038 J-4.767402
G02 X22.053926 Y12.218717 Z-1.000000 I10.637738 J-9.138941
G03 X22.390427 Y12.648575 Z-1.000000 I-2.336336 J2.175567
G03 X22.437365 Y12.806278 Z-1.000000 I-0.241457 J0.157703
G03 X22.337574 Y12.919572 Z-1.000000 I-0.114208 J0.000000
G03 X22.178466 Y12.839348 Z-1.000000 I-0.020108 J-0.158012
G02 X22.091418 Y12.812842 Z-1.000000 I-0.057329 J0.032085
G02 X21.883394 Y12.988693 Z-1.000000 I0.267532 J0.527445
G03 X21.636827 Y13.195059 Z-1.000000 I-0.549909 J-0.406551
G03 X21.417789 Y13.219170 Z-1.000000 I-0.142552 J-0.288033
G02 X21.252170 Y13.181813 Z-1.000000 I-1.097031 J4.477837
G01 X21.232271 Y13.185060 Z-1.000000
G01 X21.231754 Y13.185577 Z-1.000000
G01 X21.231237 Y13.186094 Z-1.000000
G01 X21.230720 Y13.186611 Z-1.000000
G01 X21.230204 Y13.188111 Z-1.000000
G01 X21.229687 Y13.188628 Z-1.000000
G01 X21.229687 Y13.189144 Z-1.000000
G01 X21.229674 Y13.189832 Z-1.000000
G01 X21.229687 Y13.190744 Z-1.000000
G01 X21.240773 Y13.207955 Z-1.000000
G02 X21.352677 Y13.295130 Z-1.000000 I1.959545 J-2.399997
G03 X21.456662 Y13.379124 Z-1.000000 I-0.983268 J1.323658
G01 X21.465848 Y13.400550 Z-1.000000
G01 X21.465848 Y13.401067 Z-1.000000
G01 X21.465848 Y13.401584 Z-1.000000
G01 X21.465399 Y13.402864 Z-1.000000
G01 X21.464848 Y13.404184 Z-1.000000
G02 X21.464354 Y13.404947 Z-1.000000 I0.043439 J0.028689
G01 X21.463848 Y13.405784 Z-1.000000
G01 X21.436757 Y13.417088 Z-1.000000
G03 X21.212184 Y13.405267 Z-1.000000 I0.090051 J-3.849999
G03 X20.888152 Y13.371184 Z-1.000000 I0.579613 J-7.067811
G03 X20.839080 Y13.357207 Z-1.000000 I0.021797 J-0.169661
G02 X20.790946 Y13.344516 Z-1.000000 I-0.061069 J0.133990
G02 X20.721775 Y13.346867 Z-1.000000 I-0.024992 J0.283398
G01 X20.679531 Y13.325059 Z-1.000000
G03 X20.651495 Y13.205790 Z-1.000000 I0.239673 J-0.119269
G02 X20.604645 Y13.151386 Z-1.000000 I-0.055013 J0.000000
G02 X20.492331 Y13.182020 Z-1.000000 I-0.021413 J0.142701
G03 X20.401905 Y13.246903 Z-1.000000 I-0.591120 J-0.728380
G01 X20.385361 Y13.250230 Z-1.000000
G01 X20.384844 Y13.250230 Z-1.000000
G01 X20.384327 Y13.250230 Z-1.000000
G01 X20.383811 Y13.249713 Z-1.000000
G01 X20.383294 Y13.249713 Z-1.000000
G01 X20.383294 Y13.249196 Z-1.000000
G01 X20.382777 Y13.249196 Z-1.000000
G01 X20.382260 Y13.248679 Z-1.000000
G01 X20.382260 Y13.248163 Z-1.000000
G01 X20.382260 Y13.247646 Z-1.000000
G01 X20.381744 Y13.247129 Z-1.000000
G01 X20.382714 Y13.236056 Z-1.000000
G03 X20.403964 Y13.193899 Z-1.000000 I0.291677 J0.120592
G02 X20.416846 Y13.108902 Z-1.000000 I-0.096853 J-0.058154
G01 X20.375024 Y13.076077 Z-1.000000
G02 X20.305396 Y13.105999 Z-1.000000 I-0.000000 J0.095971
G02 X20.275284 Y13.181497 Z-1.000000 I0.079588 J0.075498
G01 X20.239687 Y13.212284 Z-1.000000
G03 X20.116638 Y13.158247 Z-1.000000 I0.036436 J-0.250088
G02 X20.013617 Y13.081945 Z-1.000000 I-0.885960 J1.088505
G01 X19.995198 Y13.079697 Z-1.000000
G01 X19.994681 Y13.080214 Z-1.000000
G01 X19.994164 Y13.080731 Z-1.000000
G01 X19.993648 Y13.080731 Z-1.000000
G01 X19.993131 Y13.081248 Z-1.000000
G01 X19.992614 Y13.081764 Z-1.000000
G01 X19.992614 Y13.082281 Z-1.000000
G01 X19.990123 Y13.100074 Z-1.000000
G02 X20.020004 Y13.193902 Z-1.000000 I0.955078 J-0.252491
G03 X20.029448 Y13.322209 Z-1.000000 I-0.214187 J0.080267
G01 X19.984864 Y13.358233 Z-1.000000
G01 X19.941160 Y13.387662 Z-1.000000
G02 X19.946624 Y13.452283 Z-1.000000 I0.066357 J0.026931
G03 X19.952665 Y13.517362 Z-1.000000 I-0.062596 J0.038631
G01 X19.910454 Y13.546333 Z-1.000000
G03 X19.752902 Y13.431411 Z-1.000000 I0.000000 J-0.165459
G03 X19.816924 Y13.254877 Z-1.000000 I0.146141 J-0.046877
G02 X19.855406 Y13.198744 Z-1.000000 I-0.046171 J-0.072910
G01 X19.833464 Y13.171677 Z-1.000000
G02 X19.739464 Y13.203269 Z-1.000000 I-0.001914 J0.149945
G02 X19.624174 Y13.334458 Z-1.000000 I0.286036 J0.367626
G03 X19.524667 Y13.406277 Z-1.000000 I-0.131688 J-0.077613
G03 X19.443823 Y13.373218 Z-1.000000 I-0.016276 J-0.075577
G02 X19.337694 Y13.286866 Z-1.000000 I-0.190099 J0.125242
G02 X19.076404 Y13.227491 Z-1.000000 I-0.321463 J0.810046
G02 X18.871134 Y13.270756 Z-1.000000 I-0.026506 J0.382827
G02 X18.836625 Y13.353581 Z-1.000000 I0.032776 J0.062258
G03 X18.847174 Y13.403526 Z-1.000000 I-0.276757 J0.084544
G01 X18.844925 Y13.416631 Z-1.000000
G01 X18.844178 Y13.417416 Z-1.000000
G01 X18.843325 Y13.418231 Z-1.000000
G01 X18.842809 Y13.418748 Z-1.000000
G01 X18.842292 Y13.419265 Z-1.000000
G01 X18.841775 Y13.419265 Z-1.000000
G01 X18.841258 Y13.419781 Z-1.000000
G01 X18.840741 Y13.419781 Z-1.000000
G01 X18.822539 Y13.413914 Z-1.000000
G03 X18.732221 Y13.316945 Z-1.000000 I0.686778 J-0.730223
G02 X18.614507 Y13.221491 Z-1.000000 I-0.287509 J0.234247
G01 X18.583393 Y13.240465 Z-1.000000
G02 X18.607467 Y13.333635 Z-1.000000 I0.192326 J-0.000000
G02 X18.673313 Y13.402729 Z-1.000000 I0.165121 J-0.091437
G03 X18.719179 Y13.473317 Z-1.000000 I-0.051895 J0.083915
G03 X18.702763 Y13.619770 Z-1.000000 I-0.298484 J0.040690
G02 X18.673211 Y13.711356 Z-1.000000 I0.974162 J0.364899
G01 X18.675893 Y13.728291 Z-1.000000
G01 X18.676409 Y13.728807 Z-1.000000
G01 X18.676926 Y13.729324 Z-1.000000
G01 X18.677443 Y13.729841 Z-1.000000
G01 X18.677960 Y13.730358 Z-1.000000
G01 X18.678476 Y13.730358 Z-1.000000
G01 X18.678993 Y13.730874 Z-1.000000
G01 X18.679510 Y13.730874 Z-1.000000
G01 X18.698311 Y13.728052 Z-1.000000
G02 X18.803017 Y13.650254 Z-1.000000 I-0.830818 J-1.227534
G03 X18.911943 Y13.570095 Z-1.000000 I0.879350 J1.080838
G01 X18.930657 Y13.567574 Z-1.000000
G01 X18.931174 Y13.567574 Z-1.000000
G01 X18.931691 Y13.568091 Z-1.000000
G01 X18.932208 Y13.568091 Z-1.000000
G01 X18.932724 Y13.568607 Z-1.000000
G01 X18.933241 Y13.569124 Z-1.000000
G01 X18.936484 Y13.583038 Z-1.000000
G03 X18.917221 Y13.650254 Z-1.000000 I-0.547639 J-0.120580
G02 X18.878388 Y13.782993 Z-1.000000 I1.137375 J0.404794
G02 X18.828341 Y14.033693 Z-1.000000 I4.115716 J0.951956
G02 X18.850994 Y14.207010 Z-1.000000 I0.295252 J0.049549
G02 X18.919811 Y14.235231 Z-1.000000 I0.049392 J-0.022425
G03 X18.994493 Y14.288547 Z-1.000000 I0.019705 J0.051362
G03 X18.909471 Y14.527720 Z-1.000000 I-0.421017 J-0.014965
G02 X18.845398 Y14.696728 Z-1.000000 I0.256421 J0.193861
G02 X18.889321 Y14.784552 Z-1.000000 I0.095029 J0.007369
G01 X18.899372 Y14.828405 Z-1.000000
G03 X18.842301 Y14.860512 Z-1.000000 I-0.057649 J-0.035698
G02 X18.741514 Y14.954580 Z-1.000000 I0.000899 J0.101991
G02 X18.824731 Y15.086338 Z-1.000000 I0.129891 J0.010120
G03 X18.910467 Y15.163601 Z-1.000000 I-0.057131 J0.149597
G03 X18.906891 Y15.247569 Z-1.000000 I-0.076627 J0.038797
G03 X18.840095 Y15.278644 Z-1.000000 I-0.057022 J-0.035244
G03 X18.752896 Y15.224829 Z-1.000000 I0.018887 J-0.128157
G02 X18.673566 Y15.183733 Z-1.000000 I-0.079002 J0.055387
G02 X18.612336 Y15.225346 Z-1.000000 I0.000225 J0.066184
G03 X18.553581 Y15.268176 Z-1.000000 I-0.063467 J-0.025349
G03 X18.487279 Y15.234146 Z-1.000000 I-0.004970 J-0.071920
G01 X18.452059 Y15.235960 Z-1.000000
G02 X18.428369 Y15.355585 Z-1.000000 I0.217289 J0.105188
G02 X18.468740 Y15.545467 Z-1.000000 I0.652421 J-0.039481
G01 X18.504329 Y15.557640 Z-1.000000
G03 X18.568405 Y15.545412 Z-1.000000 I0.048066 J0.077872
G03 X18.786482 Y15.607770 Z-1.000000 I-0.193601 J1.089561
G01 X19.006624 Y15.696140 Z-1.000000
G01 X18.789066 Y15.702340 Z-1.000000
G02 X18.299771 Y15.835293 Z-1.000000 I0.029540 J1.075541
G02 X18.257832 Y15.994829 Z-1.000000 I0.054883 J0.099708
G03 X18.260605 Y16.054951 Z-1.000000 I-0.052772 J0.032559
G03 X18.213392 Y16.084229 Z-1.000000 I-0.047213 J-0.023428
G03 X18.126654 Y15.999515 Z-1.000000 I0.000000 J-0.086762
G03 X18.208192 Y15.849101 Z-1.000000 I0.172011 J-0.004062
G02 X18.278405 Y15.777684 Z-1.000000 I-0.110585 J-0.178944
G02 X18.302242 Y15.690971 Z-1.000000 I-0.145801 J-0.086713
G01 X18.269075 Y15.661570 Z-1.000000
G02 X18.161165 Y15.708021 Z-1.000000 I0.024954 J0.206538
G02 X18.008720 Y16.005234 Z-1.000000 I0.271134 J0.326770
G02 X18.124475 Y16.230986 Z-1.000000 I0.244713 J0.017076
G03 X18.154358 Y16.296363 Z-1.000000 I-0.034030 J0.055073
G03 X18.100705 Y16.379298 Z-1.000000 I-0.121106 J-0.019525
G02 X18.066977 Y16.460980 Z-1.000000 I0.043234 J0.065657
G02 X18.138425 Y16.560682 Z-1.000000 I0.148411 J-0.030902
G03 X18.230304 Y16.678582 Z-1.000000 I-0.103270 J0.175229
G03 X18.215425 Y16.822681 Z-1.000000 I-0.183407 J0.053879
G02 X18.212692 Y17.102025 Z-1.000000 I0.265869 J0.142286
G02 X18.404560 Y17.193201 Z-1.000000 I0.155240 J-0.079214
G03 X18.482961 Y17.221398 Z-1.000000 I0.016566 J0.077033
G03 X18.509980 Y17.326527 Z-1.000000 I-0.105178 J0.083069
G02 X18.535506 Y17.464495 Z-1.000000 I0.202796 J0.033826
G02 X18.674828 Y17.607646 Z-1.000000 I0.361279 J-0.212244
G03 X18.795711 Y17.784091 Z-1.000000 I-0.141535 J0.226597
G03 X18.724958 Y17.869646 Z-1.000000 I-0.070753 J0.013522
G02 X18.614612 Y17.900418 Z-1.000000 I0.000000 J0.213230
G02 X18.583882 Y17.954916 Z-1.000000 I0.032959 J0.054498
G01 X18.549953 Y17.996046 Z-1.000000
G03 X18.396296 Y17.991086 Z-1.000000 I-0.065920 J-0.340417
G03 X18.241912 Y17.915942 Z-1.000000 I0.110907 J-0.424021
G03 X18.208194 Y17.847943 Z-1.000000 I0.051707 J-0.067999
G01 X18.244926 Y17.801390 Z-1.000000
G03 X18.396296 Y17.802983 Z-1.000000 I0.072504 J0.303152
G02 X18.466742 Y17.733583 Z-1.000000 I0.014559 J-0.055676
G02 X18.319816 Y17.491374 Z-1.000000 I-0.458864 J0.112683
G03 X18.073012 Y17.244569 Z-1.000000 I1.793060 J-2.039857
G03 X17.949813 Y17.070728 Z-1.000000 I0.766656 J-0.673895
G02 X17.789004 Y17.045831 Z-1.000000 I-0.090183 J0.050708
G02 X17.597379 Y17.399907 Z-1.000000 I0.432439 J0.462927
G03 X17.229982 Y18.800807 Z-1.000000 I-8.525377 J-1.487222
G03 X16.950391 Y19.228219 Z-1.000000 I-1.016757 J-0.359957
G03 X15.688660 Y20.236189 Z-1.000000 I-7.044028 J-7.523719
G03 X14.836308 Y20.660690 Z-1.000000 I-2.005918 J-2.959701
G02 X14.405337 Y20.830249 Z-1.000000 I1.612926 J4.732070
G02 X14.374320 Y20.865329 Z-1.000000 I0.023183 J0.051751
G01 X14.374138 Y20.866097 Z-1.000000
G01 X14.373804 Y20.867429 Z-1.000000
G01 X14.373804 Y20.867945 Z-1.000000
G01 X14.374320 Y20.869545 Z-1.000000
G01 X14.374320 Y20.870062 Z-1.000000
G01 X14.374792 Y20.870766 Z-1.000000
G01 X14.375320 Y20.871662 Z-1.000000
G01 X14.375837 Y20.872179 Z-1.000000
G01 X14.376662 Y20.872736 Z-1.000000
G01 X14.377337 Y20.873179 Z-1.000000
G01 X14.384494 Y20.876043 Z-1.000000
G02 X14.401627 Y20.878379 Z-1.000000 I0.019240 J-0.077106
G03 X14.462079 Y20.915015 Z-1.000000 I-0.002030 J0.071542
G01 X14.448647 Y20.962609 Z-1.000000
G03 X14.077842 Y21.079442 Z-1.000000 I-0.465005 J-0.828987
G03 X13.275592 Y21.104203 Z-1.000000 I-0.581807 J-5.841695
G01 X13.275675 Y21.104004 Z-1.000000
G00 Z5.000000

(End cutting path id: path2)


(Start cutting path id: path2)
(Change tool to Default tool)

G00 Z5.000000
G00 X12.711886 Y21.064734

G01 Z-1.000000 F100.0(Penetrate)
G03 X12.677391 Y21.048590 Z-1.000000 I0.006223 J-0.058221 F3500.000000
G03 X12.614736 Y20.970684 Z-1.000000 I0.279966 J-0.289307
G03 X12.610216 Y20.906592 Z-1.000000 I0.058711 J-0.036346
G03 X12.656076 Y20.876634 Z-1.000000 I0.045860 J0.020124
G03 X12.727409 Y20.904928 Z-1.000000 I-0.000000 J0.104068
G03 X12.755816 Y20.970684 Z-1.000000 I-0.061903 J0.065756
G03 X12.739538 Y21.048356 Z-1.000000 I-0.193454 J0.000000
G01 X12.714476 Y21.064734 Z-1.000000
G01 X12.713253 Y21.064767 Z-1.000000
G01 X12.711876 Y21.064734 Z-1.000000
G01 X12.711886 Y21.064734 Z-1.000000
G00 Z5.000000

(End cutting path id: path2)


(Start cutting path id: path2)
(Change tool to Default tool)

G00 Z5.000000
G00 X10.091374 Y19.453463

G01 Z-1.000000 F100.0(Penetrate)
G01 X10.078691 Y19.449802 Z-1.000000 F3500.000000
G01 X10.068634 Y19.442613 Z-1.000000
G03 X10.055035 Y19.383808 Z-1.000000 I0.040260 J-0.040286
G03 X10.137884 Y19.241592 Z-1.000000 I0.398989 J0.137195
G03 X10.283646 Y19.141126 Z-1.000000 I0.275227 J0.243342
G03 X10.500136 Y19.105166 Z-1.000000 I0.199020 J0.528515
G03 X10.635461 Y19.113101 Z-1.000000 I-0.079070 J2.506246
G01 X10.651031 Y19.119116 Z-1.000000
G01 X10.651031 Y19.119633 Z-1.000000
G01 X10.651548 Y19.120150 Z-1.000000
G01 X10.652065 Y19.120150 Z-1.000000
G01 X10.652065 Y19.120666 Z-1.000000
G01 X10.652065 Y19.121183 Z-1.000000
G01 X10.652582 Y19.121700 Z-1.000000
G01 X10.652582 Y19.122217 Z-1.000000
G01 X10.652582 Y19.122733 Z-1.000000
G01 X10.652065 Y19.123250 Z-1.000000
G01 X10.651548 Y19.123767 Z-1.000000
G01 X10.651031 Y19.124284 Z-1.000000
G01 X10.636527 Y19.132452 Z-1.000000
G03 X10.547162 Y19.156844 Z-1.000000 I-0.379936 J-1.216087
G02 X10.376678 Y19.228508 Z-1.000000 I0.126147 J0.538716
G02 X10.242271 Y19.350630 Z-1.000000 I0.284903 J0.448586
G03 X10.150366 Y19.437170 Z-1.000000 I-0.324442 J-0.252484
G03 X10.095510 Y19.453467 Z-1.000000 I-0.052656 J-0.076769
G01 X10.093463 Y19.453509 Z-1.000000
G01 X10.091410 Y19.453467 Z-1.000000
G01 X10.091374 Y19.453463 Z-1.000000
G00 Z5.000000

(End cutting path id: path2)


(Start cutting path id: path2)
(Change tool to Default tool)

G00 Z5.000000
G00 X10.132715 Y18.708247

G01 Z-1.000000 F100.0(Penetrate)
G03 X10.001223 Y18.656712 Z-1.000000 I0.002790 J-0.200637 F3500.000000
G03 X9.935828 Y18.509810 Z-1.000000 I0.132301 J-0.146902
G01 X9.969179 Y18.480617 Z-1.000000
G03 X10.079488 Y18.528930 Z-1.000000 I-0.028844 J0.215940
G03 X10.184512 Y18.649453 Z-1.000000 I-0.318467 J0.383533
G01 X10.179740 Y18.690677 Z-1.000000
G03 X10.158785 Y18.703926 Z-1.000000 I-0.039878 J-0.039878
G03 X10.132710 Y18.708247 Z-1.000000 I-0.025053 J-0.070337
G01 X10.132715 Y18.708247 Z-1.000000
G00 Z5.000000

(End cutting path id: path2)


(Start cutting path id: path2)
(Change tool to Default tool)

G00 Z5.000000
G00 X10.288778 Y18.432300

G01 Z-1.000000 F100.0(Penetrate)
G03 X10.198210 Y18.396062 Z-1.000000 I0.000879 J-0.133493 F3500.000000
G01 X10.202478 Y18.351170 Z-1.000000
G01 X10.215356 Y18.289244 Z-1.000000
G02 X10.109978 Y18.214744 Z-1.000000 I-0.151753 J0.102871
G03 X10.031169 Y18.131164 Z-1.000000 I0.027399 J-0.104780
G03 X10.072258 Y18.025609 Z-1.000000 I0.103205 J-0.020601
G02 X10.112059 Y17.904289 Z-1.000000 I-0.064650 J-0.088398
G02 X9.986992 Y17.754824 Z-1.000000 I-0.243608 J0.076784
G01 X9.721375 Y17.615815 Z-1.000000
G01 X10.151840 Y17.630285 Z-1.000000
G02 X10.509179 Y17.614578 Z-1.000000 I0.077970 J-2.298855
G01 X10.541480 Y17.584295 Z-1.000000
G01 X10.541480 Y17.583778 Z-1.000000
G01 X10.541997 Y17.583778 Z-1.000000
G01 X10.541997 Y17.583261 Z-1.000000
G01 X10.541997 Y17.582745 Z-1.000000
G01 X10.541997 Y17.582228 Z-1.000000
G01 X10.541055 Y17.579156 Z-1.000000
G01 X10.539397 Y17.576028 Z-1.000000
G01 X10.549739 Y17.530496 Z-1.000000
G03 X10.709930 Y17.466474 Z-1.000000 I0.246250 J0.383725
G02 X10.787507 Y17.447174 Z-1.000000 I-0.140108 J-0.728728
G01 X10.800360 Y17.439084 Z-1.000000
G01 X10.800877 Y17.438567 Z-1.000000
G01 X10.800877 Y17.438051 Z-1.000000
G01 X10.801394 Y17.437534 Z-1.000000
G01 X10.801394 Y17.437017 Z-1.000000
G01 X10.801394 Y17.436500 Z-1.000000
G01 X10.801394 Y17.435984 Z-1.000000
G01 X10.801394 Y17.435467 Z-1.000000
G01 X10.801394 Y17.434950 Z-1.000000
G01 X10.800877 Y17.434433 Z-1.000000
G01 X10.800877 Y17.433917 Z-1.000000
G01 X10.800360 Y17.433400 Z-1.000000
G01 X10.781196 Y17.423605 Z-1.000000
G02 X10.594171 Y17.404980 Z-1.000000 I-0.339226 J2.457985
G01 X10.264993 Y17.384830 Z-1.000000
G01 X10.523375 Y17.290780 Z-1.000000
G02 X10.748873 Y17.173135 Z-1.000000 I-0.334760 J-0.916592
G02 X10.781757 Y17.109912 Z-1.000000 I-0.044335 J-0.063223
G01 X10.782274 Y17.109912 Z-1.000000
G03 X10.864602 Y17.027604 Z-1.000000 I0.082308 J0.000000
G03 X11.012234 Y17.109912 Z-1.000000 I-0.000042 J0.173629
G03 X11.015533 Y17.179282 Z-1.000000 I-0.060970 J0.037663
G03 X10.947124 Y17.242204 Z-1.000000 I-0.115597 J-0.057030
G02 X10.933921 Y17.248428 Z-1.000000 I0.042105 J0.106431
G01 X10.930074 Y17.251504 Z-1.000000
G01 X10.930074 Y17.252021 Z-1.000000
G01 X10.929557 Y17.252021 Z-1.000000
G01 X10.929557 Y17.252537 Z-1.000000
G01 X10.929041 Y17.253054 Z-1.000000
G01 X10.929041 Y17.253571 Z-1.000000
G01 X10.929041 Y17.254088 Z-1.000000
G01 X10.929041 Y17.254604 Z-1.000000
G01 X10.929557 Y17.255121 Z-1.000000
G01 X10.929557 Y17.255638 Z-1.000000
G01 X10.930074 Y17.255638 Z-1.000000
G01 X10.930591 Y17.256155 Z-1.000000
G01 X10.931108 Y17.256671 Z-1.000000
G02 X10.960517 Y17.262675 Z-1.000000 I0.026141 J-0.053011
G02 X11.204993 Y17.240131 Z-1.000000 I-0.185359 J-3.346906
G01 X11.580680 Y17.191041 Z-1.000000
G01 X11.346069 Y17.362090 Z-1.000000
G02 X11.116177 Y17.539175 Z-1.000000 I3.100446 J4.262783
G02 X10.986918 Y17.654579 Z-1.000000 I1.218512 J1.494885
G03 X10.853942 Y17.754273 Z-1.000000 I-0.446417 J-0.456919
G03 X10.772978 Y17.775502 Z-1.000000 I-0.080964 J-0.143777
G02 X10.538827 Y17.921367 Z-1.000000 I0.000000 J0.260868
G02 X10.484623 Y18.363063 Z-1.000000 I0.608452 J0.298842
G01 X10.462346 Y18.403047 Z-1.000000
G03 X10.288770 Y18.432313 Z-1.000000 I-0.170120 J-0.479602
G01 X10.288778 Y18.432300 Z-1.000000
G00 Z5.000000

(End cutting path id: path2)


(Start cutting path id: path2)
(Change tool to Default tool)

G00 Z5.000000
G00 X10.116178 Y17.481403

G01 Z-1.000000 F100.0(Penetrate)
G03 X10.066178 Y17.478331 Z-1.000000 I-0.009866 J-0.247873 F3500.000000
G03 X10.012309 Y17.463313 Z-1.000000 I0.041436 J-0.252749
G01 X10.006302 Y17.434033 Z-1.000000
G03 X10.069149 Y17.406473 Z-1.000000 I0.066721 J0.066714
G03 X10.186612 Y17.426390 Z-1.000000 I0.011854 J0.286416
G01 X10.192656 Y17.455563 Z-1.000000
G03 X10.164751 Y17.472669 Z-1.000000 I-0.049654 J-0.049686
G03 X10.116176 Y17.481403 Z-1.000000 I-0.055988 J-0.171943
G01 X10.116178 Y17.481403 Z-1.000000
G00 Z5.000000

(End cutting path id: path2)


(Start cutting path id: path2)
(Change tool to Default tool)

G00 Z5.000000
G00 X11.092863 Y16.834494

G01 Z-1.000000 F100.0(Penetrate)
G03 X10.968077 Y16.792428 Z-1.000000 I0.001124 J-0.209454 F3500.000000
G01 X10.969873 Y16.741994 Z-1.000000
G03 X11.185159 Y16.678482 Z-1.000000 I0.215286 J0.333122
G03 X11.299052 Y16.741994 Z-1.000000 I0.000000 J0.133876
G01 X11.282962 Y16.794386 Z-1.000000
G03 X11.092863 Y16.834494 Z-1.000000 I-0.187600 J-0.418610
G01 X11.092863 Y16.834494 Z-1.000000
G00 Z5.000000

(End cutting path id: path2)


(Start cutting path id: path2)
(Change tool to Default tool)

G00 Z5.000000
G00 X12.187370 Y16.894434

G01 Z-1.000000 F100.0(Penetrate)
G02 X12.399999 Y16.857587 Z-1.000000 I-0.007409 J-0.674673 F3500.000000
G02 X12.610083 Y16.731136 Z-1.000000 I-0.192141 J-0.556961
G01 X12.608438 Y16.685729 Z-1.000000
G02 X12.516033 Y16.655176 Z-1.000000 I-0.086803 J0.107515
G02 X12.168229 Y16.739708 Z-1.000000 I0.036821 J0.909279
G02 X12.097971 Y16.849996 Z-1.000000 I0.051433 J0.110288
G01 X12.117596 Y16.880115 Z-1.000000
G02 X12.187371 Y16.894436 Z-1.000000 I0.067931 J-0.153837
G01 X12.187370 Y16.894434 Z-1.000000
G00 Z5.000000

(End cutting path id: path2)


(Start cutting path id: path2)
(Change tool to Default tool)

G00 Z5.000000
G00 X12.003918 Y17.578553

G01 Z-1.000000 F100.0(Penetrate)
G02 X12.048712 Y17.565917 Z-1.000000 I0.000000 J-0.085713 F3500.000000
G02 X12.116573 Y17.512403 Z-1.000000 I-0.192097 J-0.313382
G01 X12.116572 Y17.446408 Z-1.000000
G02 X12.003918 Y17.399748 Z-1.000000 I-0.112654 J0.112662
G02 X11.891263 Y17.446422 Z-1.000000 I0.000000 J0.159292
G01 X11.891264 Y17.512403 Z-1.000000
G02 X11.959135 Y17.565919 Z-1.000000 I0.260189 J-0.260189
G02 X12.003918 Y17.578553 Z-1.000000 I0.044783 J-0.073049
G01 X12.003918 Y17.578553 Z-1.000000
G00 Z5.000000

(End cutting path id: path2)


(Start cutting path id: path2)
(Change tool to Default tool)

G00 Z5.000000
G00 X12.242664 Y17.703093

G01 Z-1.000000 F100.0(Penetrate)
G03 X12.148194 Y17.703729 Z-1.000000 I-0.062970 J-2.336938 F3500.000000
G03 X12.015287 Y17.699993 Z-1.000000 I0.061238 J-4.544453
G03 X11.515925 Y17.659323 Z-1.000000 I0.278189 J-6.501754
G03 X11.431344 Y17.629713 Z-1.000000 I0.024868 J-0.206642
G03 X11.398972 Y17.394632 Z-1.000000 I0.080911 J-0.130911
G03 X11.815816 Y17.211651 Z-1.000000 I0.416844 J0.383311
G02 X11.882324 Y17.184100 Z-1.000000 I0.000000 J-0.094050
G02 X11.909866 Y17.117601 Z-1.000000 I-0.066508 J-0.066499
G02 X11.877065 Y17.056324 Z-1.000000 I-0.073638 J-0.000000
G02 X11.768790 Y17.023551 Z-1.000000 I-0.108275 J0.162473
G02 X11.657394 Y17.053336 Z-1.000000 I-0.000000 J0.223205
G02 X11.627713 Y17.104681 Z-1.000000 I0.029571 J0.051345
G01 X11.593373 Y17.144261 Z-1.000000
G03 X11.383800 Y17.139301 Z-1.000000 I-0.089910 J-0.631026
G03 X11.259016 Y17.070083 Z-1.000000 I0.042891 J-0.224410
G01 X11.266495 Y17.012694 Z-1.000000
G03 X11.834600 Y16.852278 Z-1.000000 I0.553130 J0.872718
G03 X12.003401 Y17.023544 Z-1.000000 I-0.002482 J0.171266
G02 X12.038005 Y17.082966 Z-1.000000 I0.068322 J0.000000
G02 X12.168249 Y17.117074 Z-1.000000 I0.129231 J-0.227752
G01 X12.191751 Y17.074325 Z-1.000000
G02 X12.050426 Y16.929489 Z-1.000000 I-0.408061 J0.256802
G02 X11.763480 Y16.785146 Z-1.000000 I-0.741196 J1.116073
G02 X11.650967 Y16.785828 Z-1.000000 I-0.055329 J0.153521
G03 X11.553359 Y16.801585 Z-1.000000 I-0.088096 J-0.235518
G01 X11.533662 Y16.781128 Z-1.000000
G01 X11.554420 Y16.746948 Z-1.000000
G03 X11.822533 Y16.631267 Z-1.000000 I0.937280 J1.803780
G02 X12.020347 Y16.509588 Z-1.000000 I-0.178210 J-0.511351
G01 X12.020971 Y16.439547 Z-1.000000
G02 X11.922081 Y16.400844 Z-1.000000 I-0.093695 J0.093711
G02 X11.737784 Y16.450917 Z-1.000000 I0.016702 J0.425667
G03 X11.540416 Y16.527558 Z-1.000000 I-0.413692 J-0.772898
G03 X11.375532 Y16.542897 Z-1.000000 I-0.131025 J-0.514556
G03 X11.275557 Y16.534401 Z-1.000000 I0.158242 J-2.454593
G01 X11.258743 Y16.529457 Z-1.000000
G01 X11.258227 Y16.529457 Z-1.000000
G01 X11.257710 Y16.528940 Z-1.000000
G01 X11.257710 Y16.528423 Z-1.000000
G01 X11.257193 Y16.528423 Z-1.000000
G01 X11.257193 Y16.527907 Z-1.000000
G01 X11.256676 Y16.527390 Z-1.000000
G01 X11.256676 Y16.526873 Z-1.000000
G01 X11.256676 Y16.526356 Z-1.000000
G01 X11.256676 Y16.525840 Z-1.000000
G01 X11.257193 Y16.525323 Z-1.000000
G01 X11.257710 Y16.524806 Z-1.000000
G01 X11.270979 Y16.517117 Z-1.000000
G03 X11.369331 Y16.489146 Z-1.000000 I0.700096 J2.274811
G02 X11.505614 Y16.424183 Z-1.000000 I-0.101407 J-0.388170
G02 X11.533662 Y16.368740 Z-1.000000 I-0.040773 J-0.055443
G03 X11.667521 Y16.205344 Z-1.000000 I0.166655 J0.000000
G03 X11.968777 Y16.281410 Z-1.000000 I0.070962 J0.353547
G02 X12.100307 Y16.319577 Z-1.000000 I0.109638 J-0.132111
G02 X12.309325 Y16.237480 Z-1.000000 I-0.058702 J-0.456584
G03 X12.531392 Y16.138858 Z-1.000000 I0.351067 J0.491172
G03 X12.755810 Y16.139810 Z-1.000000 I0.110076 J0.503270
G02 X12.992265 Y16.183483 Z-1.000000 I0.648117 J-2.847131
G02 X13.241568 Y16.209060 Z-1.000000 I0.450608 J-3.164295
G03 X13.481352 Y16.248484 Z-1.000000 I-0.076714 J1.215514
G03 X13.562479 Y16.295360 Z-1.000000 I-0.047167 J0.175269
G01 X13.542667 Y16.353679 Z-1.000000
G03 X12.896886 Y16.382690 Z-1.000000 I-0.492080 J-3.751615
G02 X12.733313 Y16.387784 Z-1.000000 I-0.046290 J1.142331
G01 X12.710334 Y16.400260 Z-1.000000
G01 X12.710334 Y16.400777 Z-1.000000
G01 X12.709818 Y16.400777 Z-1.000000
G01 X12.709818 Y16.401293 Z-1.000000
G01 X12.709818 Y16.401810 Z-1.000000
G01 X12.709301 Y16.402327 Z-1.000000
G01 X12.709301 Y16.402844 Z-1.000000
G01 X12.709301 Y16.403360 Z-1.000000
G01 X12.709301 Y16.403877 Z-1.000000
G01 X12.709301 Y16.404394 Z-1.000000
G01 X12.712838 Y16.410860 Z-1.000000
G02 X12.733071 Y16.423514 Z-1.000000 I0.054757 J-0.065052
G03 X12.809435 Y16.488554 Z-1.000000 I-0.071278 J0.161039
G01 X12.810071 Y16.541853 Z-1.000000
G02 X12.891340 Y16.669416 Z-1.000000 I0.071446 J0.044152
G02 X13.665833 Y16.441084 Z-1.000000 I-0.279991 J-2.377410
G03 X13.875472 Y16.380526 Z-1.000000 I0.275856 J0.561812
G03 X14.089062 Y16.395614 Z-1.000000 I0.064502 J0.606254
G02 X14.230055 Y16.428321 Z-1.000000 I0.924273 J-3.664040
G01 X14.248743 Y16.426104 Z-1.000000
G01 X14.249259 Y16.426104 Z-1.000000
G01 X14.249776 Y16.425587 Z-1.000000
G01 X14.250293 Y16.425071 Z-1.000000
G01 X14.250810 Y16.425071 Z-1.000000
G01 X14.251326 Y16.424554 Z-1.000000
G01 X14.251326 Y16.424037 Z-1.000000
G01 X14.251326 Y16.423520 Z-1.000000
G01 X14.251843 Y16.423004 Z-1.000000
G01 X14.251857 Y16.422361 Z-1.000000
G01 X14.251843 Y16.421404 Z-1.000000
G01 X14.251326 Y16.420887 Z-1.000000
G01 X14.239875 Y16.404025 Z-1.000000
G02 X14.122135 Y16.312367 Z-1.000000 I-2.360512 J2.910764
G03 X14.013133 Y16.225649 Z-1.000000 I1.363557 J-1.825808
G01 X14.003280 Y16.205397 Z-1.000000
G01 X14.003474 Y16.204127 Z-1.000000
G01 X14.003796 Y16.202797 Z-1.000000
G01 X14.004313 Y16.201297 Z-1.000000
G01 X14.004313 Y16.200780 Z-1.000000
G01 X14.005044 Y16.199998 Z-1.000000
G01 X14.005813 Y16.199280 Z-1.000000
G01 X14.006330 Y16.198763 Z-1.000000
G01 X14.032383 Y16.190579 Z-1.000000
G03 X14.220271 Y16.205963 Z-1.000000 I-0.194031 J3.524733
G03 X14.643156 Y16.338824 Z-1.000000 I-0.124224 J1.134829
G03 X14.729283 Y16.483982 Z-1.000000 I-0.079261 J0.145158
G01 X14.697443 Y16.514423 Z-1.000000
G03 X14.616629 Y16.478782 Z-1.000000 I0.005478 J-0.121863
G02 X14.440947 Y16.418179 Z-1.000000 I-0.150060 J0.150064
G02 X14.387702 Y16.506692 Z-1.000000 I0.007909 J0.065029
G03 X14.339819 Y16.614391 Z-1.000000 I-0.077858 J0.029878
G03 X14.002713 Y16.655004 Z-1.000000 I-0.248827 J-0.645999
G02 X13.944512 Y16.685777 Z-1.000000 I-0.007215 J0.056778
G02 X13.939663 Y16.777994 Z-1.000000 I0.101072 J0.051551
G03 X13.915980 Y16.847394 Z-1.000000 I-0.053433 J0.020507
G03 X13.797036 Y16.864814 Z-1.000000 I-0.080005 J-0.131487
G02 X13.643701 Y16.868266 Z-1.000000 I-0.070628 J0.270029
G02 X13.601699 Y16.925274 Z-1.000000 I0.017687 J0.057008
G03 X13.559396 Y16.978745 Z-1.000000 I-0.054945 J0.000000
G03 X13.401711 Y16.972814 Z-1.000000 I-0.068117 J-0.288105
G02 X13.282087 Y16.971978 Z-1.000000 I-0.061162 J0.192747
G01 X13.266319 Y17.013634 Z-1.000000
G03 X13.263103 Y17.079898 Z-1.000000 I-0.049864 J0.030790
G03 X13.187259 Y17.117504 Z-1.000000 I-0.075844 J-0.057677
G02 X13.110457 Y17.163529 Z-1.000000 I0.000000 J0.087092
G02 X13.103539 Y17.274083 Z-1.000000 I0.117536 J0.062848
G03 X13.100632 Y17.354521 Z-1.000000 I-0.095973 J0.036803
G01 X13.060129 Y17.366583 Z-1.000000
G02 X12.967633 Y17.349622 Z-1.000000 I-0.067971 J0.109987
G02 X12.897348 Y17.398103 Z-1.000000 I0.020176 J0.104438
G03 X12.820839 Y17.462207 Z-1.000000 I-0.135052 J-0.083479
G03 X12.656019 Y17.493703 Z-1.000000 I-0.164820 J-0.415498
G02 X12.525025 Y17.535628 Z-1.000000 I-0.000000 J0.225607
G02 X12.496856 Y17.607391 Z-1.000000 I0.041013 J0.057508
G01 X12.469124 Y17.658029 Z-1.000000
G03 X12.242608 Y17.702991 Z-1.000000 I-0.244838 J-0.640409
G01 X12.242664 Y17.703093 Z-1.000000
G00 Z5.000000

(End cutting path id: path2)


(Start cutting path id: path2)
(Change tool to Default tool)

G00 Z5.000000
G00 X11.874211 Y18.057081

G01 Z-1.000000 F100.0(Penetrate)
G03 X11.748610 Y18.028998 Z-1.000000 I0.000000 J-0.294920 F3500.000000
G03 X11.674740 Y17.963031 Z-1.000000 I0.073996 J-0.157204
G01 X11.679808 Y17.904137 Z-1.000000
G03 X11.757940 Y17.868981 Z-1.000000 I0.078132 J0.069244
G03 X11.883150 Y17.897122 Z-1.000000 I-0.000000 J0.292624
G03 X11.956894 Y17.963031 Z-1.000000 I-0.074700 J0.157788
G01 X11.951967 Y18.021885 Z-1.000000
G03 X11.874214 Y18.057081 Z-1.000000 I-0.077753 J-0.068287
G01 X11.874211 Y18.057081 Z-1.000000
G00 Z5.000000

(End cutting path id: path2)


(Start cutting path id: path2)
(Change tool to Default tool)

G00 Z5.000000
G00 X12.077816 Y16.084156

G01 Z-1.000000 F100.0(Penetrate)
G03 X11.954090 Y16.078873 Z-1.000000 I0.000000 J-1.451326 F3500.000000
G01 X11.936222 Y16.065036 Z-1.000000
G01 X11.943485 Y16.038660 Z-1.000000
G03 X12.097970 Y15.896054 Z-1.000000 I2.377233 J2.420287
G03 X12.690638 Y15.628852 Z-1.000000 I0.742593 J0.856226
G03 X12.802836 Y15.802004 Z-1.000000 I0.015099 J0.113143
G03 X12.727555 Y15.865266 Z-1.000000 I-0.133635 J-0.082601
G03 X12.567708 Y15.896054 Z-1.000000 I-0.159847 J-0.399559
G02 X12.407829 Y15.926832 Z-1.000000 I0.000000 J0.430645
G02 X12.332581 Y15.990104 Z-1.000000 I0.058227 J0.145629
G03 X12.256724 Y16.052151 Z-1.000000 I-0.128037 J-0.079141
G03 X12.077816 Y16.084154 Z-1.000000 I-0.178908 J-0.484080
G01 X12.077816 Y16.084156 Z-1.000000
G00 Z5.000000

(End cutting path id: path2)


(Start cutting path id: path2)
(Change tool to Default tool)

G00 Z5.000000
G00 X13.026595 Y15.935845

G01 Z-1.000000 F100.0(Penetrate)
G03 X12.961645 Y15.917404 Z-1.000000 I0.006782 J-0.147490 F3500.000000
G01 X12.943915 Y15.887265 Z-1.000000
G03 X12.977221 Y15.835488 Z-1.000000 I0.056899 J-0.000000
G03 X13.131500 Y15.801995 Z-1.000000 I0.154279 J0.338581
G03 X13.288350 Y15.815726 Z-1.000000 I0.000000 J0.902750
G01 X13.318052 Y15.833515 Z-1.000000
G01 X13.318569 Y15.834032 Z-1.000000
G01 X13.318569 Y15.834549 Z-1.000000
G01 X13.319089 Y15.835909 Z-1.000000
G01 X13.319569 Y15.837649 Z-1.000000
G01 X13.319569 Y15.838165 Z-1.000000
G01 X13.301486 Y15.862721 Z-1.000000
G03 X13.131467 Y15.923435 Z-1.000000 I-0.432445 J-0.942581
G03 X13.071922 Y15.934402 Z-1.000000 I-0.104062 J-0.397880
G03 X13.026564 Y15.935835 Z-1.000000 I-0.031983 J-0.293732
G01 X13.026595 Y15.935845 Z-1.000000
G00 Z5.000000

(End cutting path id: path2)


(Start cutting path id: path2)
(Change tool to Default tool)

G00 Z5.000000
G00 X14.948958 Y16.324448

G01 Z-1.000000 F100.0(Penetrate)
G03 X14.923576 Y16.322334 Z-1.000000 I-0.004862 J-0.095072 F3500.000000
G03 X14.875578 Y16.307908 Z-1.000000 I0.072367 J-0.327837
G03 X14.744088 Y16.241749 Z-1.000000 I0.263947 J-0.688338
G01 X14.729333 Y16.214888 Z-1.000000
G03 X14.804417 Y16.155551 Z-1.000000 I0.060989 J0.000000
G03 X14.963944 Y16.270698 Z-1.000000 I-0.059513 J0.250530
G01 X14.968891 Y16.308881 Z-1.000000
G01 X14.948954 Y16.324438 Z-1.000000
G01 X14.948958 Y16.324448 Z-1.000000
G00 Z5.000000

(End cutting path id: path2)


(Start cutting path id: path2)
(Change tool to Default tool)

G00 Z5.000000
G00 X15.987138 Y14.760710

G01 Z-1.000000 F100.0(Penetrate)
G03 X15.916030 Y14.746431 Z-1.000000 I0.002573 J-0.197012 F3500.000000
G03 X15.669328 Y14.626868 Z-1.000000 I0.754264 J-1.870620
G03 X15.558167 Y14.525495 Z-1.000000 I0.170981 J-0.299124
G01 X15.575278 Y14.492509 Z-1.000000
G03 X15.707239 Y14.519180 Z-1.000000 I0.000810 J0.335783
G03 X15.898772 Y14.629968 Z-1.000000 I-0.351797 J0.829152
G03 X16.004318 Y14.728889 Z-1.000000 I-0.414619 J0.548156
G01 X16.009876 Y14.751408 Z-1.000000
G01 X16.009412 Y14.752690 Z-1.000000
G02 X16.008876 Y14.754008 Z-1.000000 I3.298818 J1.343055
G03 X16.008343 Y14.754839 Z-1.000000 I-0.056527 J-0.035690
G01 X16.007876 Y14.755508 Z-1.000000
G01 X16.001267 Y14.759030 Z-1.000000
G03 X15.987206 Y14.760708 Z-1.000000 I-0.013494 J-0.053324
G01 X15.987138 Y14.760710 Z-1.000000
G00 Z5.000000

(End cutting path id: path2)


(Start cutting path id: path2)
(Change tool to Default tool)

G00 Z5.000000
G00 X15.342216 Y14.271334

G01 Z-1.000000 F100.0(Penetrate)
G01 X15.341699 Y14.270817 Z-1.000000 F3500.000000
G01 X15.340749 Y14.270510 Z-1.000000
G01 X15.340199 Y14.270300 Z-1.000000
G01 X15.339682 Y14.270300 Z-1.000000
G01 X15.339682 Y14.269784 Z-1.000000
G01 X15.339165 Y14.269784 Z-1.000000
G01 X15.339165 Y14.269267 Z-1.000000
G01 X15.339165 Y14.268750 Z-1.000000
G01 X15.339682 Y14.268750 Z-1.000000
G01 X15.339682 Y14.268233 Z-1.000000
G01 X15.340199 Y14.267717 Z-1.000000
G01 X15.352480 Y14.261432 Z-1.000000
G03 X15.446652 Y14.232057 Z-1.000000 I1.396948 J4.312727
G02 X15.501539 Y14.171081 Z-1.000000 I-0.022692 J-0.075618
G02 X15.471452 Y14.101832 Z-1.000000 I-0.066046 J-0.012465
G01 X15.457504 Y14.052341 Z-1.000000
G03 X15.512792 Y14.017602 Z-1.000000 I0.055790 J0.027425
G03 X15.603450 Y14.133933 Z-1.000000 I0.000780 J0.092883
G03 X15.448192 Y14.265132 Z-1.000000 I-0.170695 J-0.044533
G03 X15.360098 Y14.271962 Z-1.000000 I-0.366108 J-4.150400
G03 X15.343289 Y14.271332 Z-1.000000 I-0.005393 J-0.080636
G01 X15.342772 Y14.271332 Z-1.000000
G01 X15.342216 Y14.271334 Z-1.000000
G00 Z5.000000

(End cutting path id: path2)


(Start cutting path id: path2)
(Change tool to Default tool)

G00 Z5.000000
G00 X17.272847 Y14.862000

G01 Z-1.000000 F100.0(Penetrate)
G02 X17.318661 Y14.832074 Z-1.000000 I0.000000 J-0.050031 F3500.000000
G02 X17.314187 Y14.767950 Z-1.000000 I-0.063346 J-0.027799
G02 X17.248823 Y14.687423 Z-1.000000 I-0.343280 J0.211852
G01 X17.214967 Y14.673900 Z-1.000000
G01 X17.189905 Y14.690278 Z-1.000000
G02 X17.173627 Y14.767950 Z-1.000000 I0.177176 J0.077672
G02 X17.201788 Y14.833602 Z-1.000000 I0.090609 J0.000000
G02 X17.272847 Y14.862000 Z-1.000000 I0.071059 J-0.074705
G01 X17.272847 Y14.862000 Z-1.000000
G00 Z5.000000

(End cutting path id: path2)


(Start cutting path id: path2)
(Change tool to Default tool)

G00 Z5.000000
G00 X17.471285 Y15.222710

G01 Z-1.000000 F100.0(Penetrate)
G01 X17.500835 Y15.197614 Z-1.000000 F3500.000000
G02 X17.492475 Y15.104888 Z-1.000000 I-0.167710 J-0.031619
G02 X17.415079 Y14.985658 Z-1.000000 I-0.319237 J0.122492
G02 X17.343647 Y14.956060 Z-1.000000 I-0.071432 J0.071397
G02 X17.273350 Y15.056173 Z-1.000000 I0.000000 J0.074737
G02 X17.437697 Y15.216509 Z-1.000000 I0.247577 J-0.089373
G02 X17.457271 Y15.221568 Z-1.000000 I0.046224 J-0.138458
G02 X17.471287 Y15.222709 Z-1.000000 I0.012563 J-0.067655
G01 X17.471285 Y15.222710 Z-1.000000
G00 Z5.000000

(End cutting path id: path2)


(Start cutting path id: path2)
(Change tool to Default tool)

G00 Z5.000000
G00 X17.697111 Y14.825310

G01 Z-1.000000 F100.0(Penetrate)
G01 X17.708647 Y14.824154 Z-1.000000 F3500.000000
G01 X17.719331 Y14.817510 Z-1.000000
G01 X17.730564 Y14.765002 Z-1.000000
G02 X17.655251 Y14.649045 Z-1.000000 I-0.305952 J0.116277
G02 X17.591145 Y14.592101 Z-1.000000 I-0.544360 J0.548271
G01 X17.577741 Y14.589105 Z-1.000000
G01 X17.577225 Y14.589105 Z-1.000000
G01 X17.576708 Y14.589105 Z-1.000000
G01 X17.576191 Y14.589622 Z-1.000000
G01 X17.575674 Y14.589622 Z-1.000000
G01 X17.575158 Y14.590138 Z-1.000000
G01 X17.574641 Y14.590655 Z-1.000000
G01 X17.571927 Y14.605593 Z-1.000000
G02 X17.602551 Y14.701760 Z-1.000000 I0.879560 J-0.227131
G02 X17.660668 Y14.804658 Z-1.000000 I0.368708 J-0.140385
G02 X17.697121 Y14.825266 Z-1.000000 I0.043167 J-0.033812
G01 X17.697111 Y14.825310 Z-1.000000
G00 Z5.000000

(End cutting path id: path2)


(Start cutting path id: path2)
(Change tool to Default tool)

G00 Z5.000000
G00 X17.176729 Y13.243494

G01 Z-1.000000 F100.0(Penetrate)
G02 X17.356033 Y13.145646 Z-1.000000 I-0.006410 J-0.224956 F3500.000000
G02 X17.342611 Y13.001131 Z-1.000000 I-0.093761 J-0.064173
G02 X17.179849 Y12.952479 Z-1.000000 I-0.126451 J0.126453
G02 X17.011365 Y13.069861 Z-1.000000 I0.053028 J0.255720
G02 X17.022577 Y13.180017 Z-1.000000 I0.076627 J0.047849
G02 X17.176729 Y13.243494 Z-1.000000 I0.148317 J-0.141267
G01 X17.176729 Y13.243494 Z-1.000000
G00 Z5.000000

(End cutting path id: path2)


(Start cutting path id: path2)
(Change tool to Default tool)

G00 Z5.000000
G00 X17.479553 Y12.927751

G01 Z-1.000000 F100.0(Penetrate)
G01 X17.481428 Y12.927798 Z-1.000000 F3500.000000
G01 X17.483153 Y12.927751 Z-1.000000
G01 X17.504752 Y12.912855 Z-1.000000
G02 X17.517773 Y12.839901 Z-1.000000 I-0.197858 J-0.072954
G02 X17.479229 Y12.739046 Z-1.000000 I-0.151223 J-0.000000
G02 X17.392716 Y12.700374 Z-1.000000 I-0.086513 J0.077435
G02 X17.286660 Y12.714791 Z-1.000000 I-0.000000 J0.397305
G01 X17.267659 Y12.733964 Z-1.000000
G01 X17.267659 Y12.734481 Z-1.000000
G01 X17.267659 Y12.734998 Z-1.000000
G01 X17.267142 Y12.735514 Z-1.000000
G01 X17.278706 Y12.765607 Z-1.000000
G02 X17.392716 Y12.875041 Z-1.000000 I0.814617 J-0.734573
G02 X17.452825 Y12.918409 Z-1.000000 I0.348761 J-0.420047
G02 X17.479536 Y12.927751 Z-1.000000 I0.034182 J-0.054877
G01 X17.479553 Y12.927751 Z-1.000000
G00 Z5.000000

(End cutting path id: path2)


(Start cutting path id: path2)
(Change tool to Default tool)

G00 Z5.000000
G00 X20.237527 Y9.834399

G01 Z-1.000000 F100.0(Penetrate)
G03 X20.157480 Y9.826463 Z-1.000000 I0.017257 J-0.581760 F3500.000000
G03 X20.038056 Y9.800289 Z-1.000000 I0.213935 J-1.261635
G01 X19.757970 Y9.724839 Z-1.000000
G01 X20.040123 Y9.575494 Z-1.000000
G01 X20.040123 Y9.576011 Z-1.000000
G03 X20.287962 Y9.516855 Z-1.000000 I0.238121 J0.448879
G03 X20.381705 Y9.582711 Z-1.000000 I-0.001960 J0.102437
G03 X20.367821 Y9.761377 Z-1.000000 I-0.195429 J0.074686
G03 X20.237527 Y9.834375 Z-1.000000 I-0.126040 J-0.072190
G01 X20.237527 Y9.834399 Z-1.000000
G00 Z5.000000

(End cutting path id: path2)


(Start cutting path id: path2)
(Change tool to Default tool)

G00 Z5.000000
G00 X19.266007 Y17.389933

G01 Z-1.000000 F100.0(Penetrate)
G03 X19.137746 Y17.326669 Z-1.000000 I-0.000969 J-0.159685 F3500.000000
G03 X19.054651 Y17.087625 Z-1.000000 I0.326852 J-0.247582
G01 X19.079415 Y17.071942 Z-1.000000
G03 X19.205546 Y17.162555 Z-1.000000 I-0.213048 J0.429649
G03 X19.307096 Y17.314782 Z-1.000000 I-0.328024 J0.328808
G03 X19.294426 Y17.378046 Z-1.000000 I-0.053818 J0.022123
G01 X19.281070 Y17.386925 Z-1.000000
G01 X19.266006 Y17.389936 Z-1.000000
G01 X19.266007 Y17.389933 Z-1.000000
G00 Z5.000000

(End cutting path id: path2)


(Start cutting path id: path2)
(Change tool to Default tool)

G00 Z5.000000
G00 X19.683036 Y17.762523

G01 Z-1.000000 F100.0(Penetrate)
G03 X19.659843 Y17.758692 Z-1.000000 I0.007295 J-0.116282 F3500.000000
G03 X19.585886 Y17.736683 Z-1.000000 I0.412344 J-1.520880
G02 X19.412350 Y17.690190 Z-1.000000 I-0.534170 J1.646676
G02 X19.323886 Y17.680873 Z-1.000000 I-0.088464 J0.415337
G01 X19.299977 Y17.650999 Z-1.000000
G03 X19.354896 Y17.543414 Z-1.000000 I0.237181 J0.053264
G03 X19.524526 Y17.446728 Z-1.000000 I0.226004 J0.199365
G01 X19.563669 Y17.503624 Z-1.000000
G02 X19.552694 Y17.597356 Z-1.000000 I0.095018 J0.058634
G02 X19.628779 Y17.700511 Z-1.000000 I0.195935 J-0.064881
G03 X19.685481 Y17.744559 Z-1.000000 I-0.504660 J0.708158
G01 X19.694409 Y17.756321 Z-1.000000
G01 X19.694409 Y17.756838 Z-1.000000
G01 X19.694409 Y17.757355 Z-1.000000
G01 X19.694409 Y17.757872 Z-1.000000
G01 X19.694409 Y17.758389 Z-1.000000
G01 X19.694409 Y17.758905 Z-1.000000
G01 X19.694409 Y17.759422 Z-1.000000
G01 X19.694409 Y17.759939 Z-1.000000
G01 X19.693892 Y17.759939 Z-1.000000
G01 X19.693892 Y17.760456 Z-1.000000
G01 X19.693376 Y17.760972 Z-1.000000
G01 X19.692859 Y17.760972 Z-1.000000
G01 X19.692342 Y17.761489 Z-1.000000
G01 X19.691523 Y17.761767 Z-1.000000
G01 X19.690842 Y17.762006 Z-1.000000
G01 X19.687852 Y17.762486 Z-1.000000
G01 X19.683042 Y17.762523 Z-1.000000
G01 X19.683036 Y17.762523 Z-1.000000
G00 Z5.000000

(End cutting path id: path2)


(Start cutting path id: path2)
(Change tool to Default tool)

G00 Z5.000000
G00 X20.224089 Y17.905669

G01 Z-1.000000 F100.0(Penetrate)
G03 X20.180864 Y17.895454 Z-1.000000 I0.009264 J-0.135763 F3500.000000
G03 X20.087663 Y17.847279 Z-1.000000 I0.249832 J-0.597575
G03 X19.946536 Y17.663792 Z-1.000000 I0.175526 J-0.281021
G03 X19.993093 Y17.539804 Z-1.000000 I0.103487 J-0.031876
G01 X20.050080 Y17.548247 Z-1.000000
G03 X20.087143 Y17.646258 Z-1.000000 I-0.111059 J0.098011
G01 X20.136499 Y17.685148 Z-1.000000
G02 X20.284547 Y17.598718 Z-1.000000 I-0.069575 J-0.289190
G03 X20.482955 Y17.439637 Z-1.000000 I0.644167 J0.600147
G01 X20.542929 Y17.447306 Z-1.000000
G01 X20.549261 Y17.504285 Z-1.000000
G03 X20.415805 Y17.648328 Z-1.000000 I-0.455386 J-0.288072
G02 X20.265641 Y17.801348 Z-1.000000 I0.416336 J0.558756
G02 X20.251991 Y17.876738 Z-1.000000 I0.072747 J0.052102
G01 X20.246288 Y17.897496 Z-1.000000
G01 X20.224081 Y17.905678 Z-1.000000
G01 X20.224089 Y17.905669 Z-1.000000
G00 Z5.000000

(End cutting path id: path2)


(Start cutting path id: path2)
(Change tool to Default tool)

G00 Z5.000000
G00 X20.166728 Y18.432817

G01 Z-1.000000 F100.0(Penetrate)
G01 X20.150128 Y18.403655 Z-1.000000 F3500.000000
G03 X20.247348 Y18.247815 Z-1.000000 I0.562152 J0.242450
G03 X20.407476 Y18.101292 Z-1.000000 I0.679490 J0.581821
G01 X20.447852 Y18.104672 Z-1.000000
G03 X20.456004 Y18.300321 Z-1.000000 I-0.102236 J0.102254
G03 X20.170350 Y18.432817 Z-1.000000 I-0.285654 J-0.241680
G03 X20.168950 Y18.432806 Z-1.000000 I-0.000000 J-0.091012
G01 X20.167750 Y18.432817 Z-1.000000
G01 X20.167233 Y18.432817 Z-1.000000
G01 X20.166728 Y18.432817 Z-1.000000
G00 Z5.000000

(End cutting path id: path2)


(Start cutting path id: path2)
(Change tool to Default tool)

G00 Z5.000000
G00 X19.836515 Y18.678277

G01 Z-1.000000 F100.0(Penetrate)
G03 X19.821604 Y18.675421 Z-1.000000 I0.003005 J-0.056049 F3500.000000
G03 X19.803445 Y18.666907 Z-1.000000 I0.028249 J-0.083869
G03 X19.751330 Y18.597798 Z-1.000000 I0.062826 J-0.101582
G03 X19.762105 Y18.520663 Z-1.000000 I0.093128 J-0.026311
G03 X19.843368 Y18.495026 Z-1.000000 I0.055495 J0.034297
G03 X19.899048 Y18.579573 Z-1.000000 I-0.036350 J0.084547
G03 X19.875313 Y18.658703 Z-1.000000 I-0.143775 J-0.000000
G01 X19.836518 Y18.678273 Z-1.000000
G01 X19.836515 Y18.678277 Z-1.000000
G00 Z5.000000

(End cutting path id: path2)


(Start cutting path id: path2)
(Change tool to Default tool)

G00 Z5.000000
G00 X19.709391 Y18.328431

G01 Z-1.000000 F100.0(Penetrate)
G03 X19.665393 Y18.313115 Z-1.000000 I0.004033 J-0.082439 F3500.000000
G03 X19.594153 Y18.250401 Z-1.000000 I0.274604 J-0.383757
G03 X19.532648 Y18.176607 Z-1.000000 I0.657492 J-0.610528
G01 X19.529553 Y18.161001 Z-1.000000
G01 X19.530070 Y18.160484 Z-1.000000
G01 X19.530070 Y18.159967 Z-1.000000
G01 X19.530587 Y18.159451 Z-1.000000
G01 X19.530587 Y18.158934 Z-1.000000
G01 X19.531104 Y18.158417 Z-1.000000
G01 X19.531620 Y18.157900 Z-1.000000
G01 X19.547429 Y18.154465 Z-1.000000
G03 X19.640658 Y18.181160 Z-1.000000 I-0.175293 J0.788330
G02 X19.731824 Y18.130617 Z-1.000000 I0.023137 J-0.065758
G02 X19.687688 Y17.970837 Z-1.000000 I-0.172011 J-0.038472
G03 X19.637373 Y17.913646 Z-1.000000 I0.734308 J-0.696748
G01 X19.631878 Y17.901587 Z-1.000000
G01 X19.631878 Y17.901070 Z-1.000000
G01 X19.631878 Y17.900554 Z-1.000000
G01 X19.631878 Y17.900037 Z-1.000000
G01 X19.631878 Y17.899520 Z-1.000000
G01 X19.631878 Y17.899003 Z-1.000000
G01 X19.632394 Y17.898487 Z-1.000000
G01 X19.632911 Y17.897970 Z-1.000000
G01 X19.633428 Y17.897970 Z-1.000000
G01 X19.633945 Y17.897453 Z-1.000000
G01 X19.634461 Y17.897453 Z-1.000000
G01 X19.651474 Y17.900786 Z-1.000000
G03 X19.780189 Y17.973423 Z-1.000000 I-1.175641 J2.233640
G03 X19.885230 Y18.112988 Z-1.000000 I-0.120824 J0.200247
G03 X19.851499 Y18.239039 Z-1.000000 I-0.125944 J0.033836
G03 X19.758962 Y18.314783 Z-1.000000 I-0.426102 J-0.426171
G03 X19.709389 Y18.328439 Z-1.000000 I-0.045545 J-0.068532
G01 X19.709391 Y18.328431 Z-1.000000
G00 Z5.000000

(End cutting path id: path2)


(Start cutting path id: path2)
(Change tool to Default tool)

G00 Z5.000000
G00 X19.282544 Y18.589397

G01 Z-1.000000 F100.0(Penetrate)
G02 X19.304508 Y18.587452 Z-1.000000 I0.005868 J-0.058717 F3500.000000
G02 X19.335254 Y18.573897 Z-1.000000 I-0.033086 J-0.116697
G02 X19.415783 Y18.508512 Z-1.000000 I-0.212863 J-0.344445
G01 X19.429304 Y18.474677 Z-1.000000
G01 X19.412954 Y18.449433 Z-1.000000
G02 X19.335254 Y18.432817 Z-1.000000 I-0.077700 J0.173368
G02 X19.269517 Y18.461202 Z-1.000000 I-0.000000 J0.090313
G02 X19.241204 Y18.532547 Z-1.000000 I0.075734 J0.071345
G02 X19.255267 Y18.574175 Z-1.000000 I0.068641 J0.000000
G01 X19.282544 Y18.589397 Z-1.000000
G01 X19.282544 Y18.589397 Z-1.000000
G00 Z5.000000

(End cutting path id: path2)


(Start cutting path id: path2)
(Change tool to Default tool)

G00 Z5.000000
G00 X19.359542 Y18.754237

G01 Z-1.000000 F100.0(Penetrate)
G03 X19.311613 Y18.743825 Z-1.000000 I0.003357 J-0.130981 F3500.000000
G03 X19.207096 Y18.692737 Z-1.000000 I0.434128 J-1.020594
G02 X19.003737 Y18.602526 Z-1.000000 I-0.603868 J1.086962
G02 X18.935795 Y18.600757 Z-1.000000 I-0.036811 J0.108196
G01 X18.893556 Y18.583263 Z-1.000000
G03 X18.864995 Y18.473633 Z-1.000000 I0.196128 J-0.109630
G02 X18.816288 Y18.392885 Z-1.000000 I-0.091287 J0.000000
G02 X18.690329 Y18.381653 Z-1.000000 I-0.076399 J0.144882
G03 X18.531947 Y18.381910 Z-1.000000 I-0.079598 J-0.250810
G03 X18.392156 Y18.288123 Z-1.000000 I0.089062 J-0.283822
G01 X18.401552 Y18.222983 Z-1.000000
G03 X18.519797 Y18.202343 Z-1.000000 I0.082311 J0.122522
G02 X18.715252 Y18.193321 Z-1.000000 I0.082720 J-0.329626
G02 X18.771461 Y18.113973 Z-1.000000 I-0.027901 J-0.079348
G03 X18.814058 Y18.005717 Z-1.000000 I0.158860 J-0.000000
G03 X18.912021 Y17.963078 Z-1.000000 I0.097963 J0.091216
G02 X19.020325 Y17.930277 Z-1.000000 I0.000000 J-0.195201
G02 X19.053098 Y17.869028 Z-1.000000 I-0.040847 J-0.061249
G03 X19.178041 Y17.731802 Z-1.000000 I0.137829 J0.000000
G03 X19.454107 Y17.831308 Z-1.000000 I0.032237 J0.343272
G03 X19.491125 Y18.049594 Z-1.000000 I-0.135212 J0.135212
G03 X19.325432 Y18.097959 Z-1.000000 I-0.104638 J-0.050472
G01 X19.280460 Y18.130637 Z-1.000000
G02 X19.374012 Y18.296913 Z-1.000000 I0.343788 J-0.083970
G03 X19.457438 Y18.442988 Z-1.000000 I-0.226134 J0.226010
G03 X19.457212 Y18.617307 Z-1.000000 I-0.335849 J0.086723
G03 X19.408026 Y18.728717 Z-1.000000 I-0.369807 J-0.096702
G03 X19.359542 Y18.754249 Z-1.000000 I-0.047046 J-0.030537
G01 X19.359542 Y18.754237 Z-1.000000
G00 Z5.000000

(End cutting path id: path2)


(Start cutting path id: path2)
(Change tool to Default tool)

G00 Z5.000000
G00 X19.367293 Y19.149041

G01 Z-1.000000 F100.0(Penetrate)
G01 X19.352845 Y19.146172 Z-1.000000 F3500.000000
G03 X19.335253 Y19.137671 Z-1.000000 I0.032678 J-0.090073
G03 X19.263532 Y19.067294 Z-1.000000 I0.119746 J-0.193767
G03 X19.241203 Y18.991426 Z-1.000000 I0.117726 J-0.075868
G03 X19.267916 Y18.929710 Z-1.000000 I0.084649 J-0.000000
G03 X19.335253 Y18.903056 Z-1.000000 I0.067337 J0.071730
G03 X19.396022 Y18.936193 Z-1.000000 I0.000000 J0.072289
G03 X19.429303 Y19.049300 Z-1.000000 I-0.175557 J0.113107
G03 X19.405658 Y19.129264 Z-1.000000 I-0.147033 J-0.000000
G01 X19.367293 Y19.149040 Z-1.000000
G01 X19.367293 Y19.149041 Z-1.000000
G00 Z5.000000

(End cutting path id: path2)


(Start cutting path id: path2)
(Change tool to Default tool)

G00 Z5.000000
G00 X18.843294 Y19.337713

G01 Z-1.000000 F100.0(Penetrate)
G03 X18.824663 Y19.336380 Z-1.000000 I0.011126 J-0.286468 F3500.000000
G03 X18.801954 Y19.333613 Z-1.000000 I0.068704 J-0.658330
G03 X18.682819 Y19.258557 Z-1.000000 I0.024560 J-0.171062
G03 X18.603000 Y19.035440 Z-1.000000 I0.405432 J-0.270878
G03 X18.630676 Y18.905763 Z-1.000000 I0.217379 J-0.021397
G01 X18.678450 Y18.903149 Z-1.000000
G02 X18.779352 Y18.947717 Z-1.000000 I0.088743 J-0.064409
G02 X18.892908 Y18.879379 Z-1.000000 I-0.017602 J-0.157765
G03 X19.050194 Y18.820901 Z-1.000000 I0.119918 J0.081777
G03 X19.147156 Y18.947079 Z-1.000000 I-0.033617 J0.126178
G03 X19.093196 Y19.100501 Z-1.000000 I-0.245089 J0.000000
G03 X19.005046 Y19.124330 Z-1.000000 I-0.060402 J-0.048486
G02 X18.933266 Y19.140253 Z-1.000000 I-0.023864 J0.062175
G02 X18.918226 Y19.214250 Z-1.000000 I0.050559 J0.048804
G03 X18.910671 Y19.301285 Z-1.000000 I-0.093176 J0.035757
G03 X18.843296 Y19.337756 Z-1.000000 I-0.064454 J-0.038602
G01 X18.843294 Y19.337713 Z-1.000000
G00 Z5.000000

(End cutting path id: path2)


(Start cutting path id: path2)
(Change tool to Default tool)

G00 Z5.000000
G00 X16.332853 Y18.245701

G01 Z-1.000000 F100.0(Penetrate)
G02 X16.378970 Y18.215801 Z-1.000000 I0.000000 J-0.050516 F3500.000000
G02 X16.374713 Y18.151651 Z-1.000000 I-0.062751 J-0.028052
G02 X16.308989 Y18.071091 Z-1.000000 I-0.337658 J0.208382
G01 X16.274973 Y18.057601 Z-1.000000
G01 X16.249913 Y18.073976 Z-1.000000
G02 X16.233633 Y18.151651 Z-1.000000 I0.177157 J0.077675
G02 X16.261794 Y18.217303 Z-1.000000 I0.090609 J-0.000000
G02 X16.332853 Y18.245701 Z-1.000000 I0.071059 J-0.074705
G01 X16.332853 Y18.245701 Z-1.000000
G00 Z5.000000

(End cutting path id: path2)


(Start cutting path id: path2)
(Change tool to Default tool)

G00 Z5.000000
G00 X21.265885 Y22.568506

G01 Z-1.000000 F100.0(Penetrate)
G01 X21.265369 Y22.567989 Z-1.000000 F3500.000000
G01 X21.264852 Y22.567989 Z-1.000000
G01 X21.264335 Y22.567989 Z-1.000000
G01 X21.263818 Y22.567472 Z-1.000000
G01 X21.263302 Y22.566956 Z-1.000000
G03 X21.229919 Y22.417607 Z-1.000000 I0.124174 J-0.106162
G03 X21.451921 Y21.907564 Z-1.000000 I1.882243 J0.515933
G03 X21.519886 Y21.839057 Z-1.000000 I0.181464 J0.112061
G01 X21.554757 Y21.842964 Z-1.000000
G03 X21.646340 Y22.287988 Z-1.000000 I-0.292034 J0.292034
G03 X21.267952 Y22.568501 Z-1.000000 I-0.416231 J-0.165997
G01 X21.267436 Y22.568501 Z-1.000000
G01 X21.266919 Y22.568501 Z-1.000000
G01 X21.266402 Y22.568501 Z-1.000000
G01 X21.265885 Y22.568506 Z-1.000000
G00 Z5.000000

(End cutting path id: path2)


(Start cutting path id: path2)
(Change tool to Default tool)

G00 Z5.000000
G00 X21.867399 Y22.380410

G01 Z-1.000000 F100.0(Penetrate)
G01 X21.821703 Y22.350659 Z-1.000000 F3500.000000
G03 X21.826059 Y22.286880 Z-1.000000 I0.062730 J-0.027754
G03 X21.891423 Y22.206353 Z-1.000000 I0.343280 J0.211852
G01 X21.925279 Y22.192830 Z-1.000000
G01 X21.950276 Y22.209142 Z-1.000000
G03 X21.966619 Y22.286880 Z-1.000000 I-0.176710 J0.077738
G03 X21.938362 Y22.352271 Z-1.000000 I-0.089791 J0.000000
G03 X21.867399 Y22.380410 Z-1.000000 I-0.070963 J-0.075411
G01 X21.867399 Y22.380410 Z-1.000000
G00 Z5.000000

(End cutting path id: path2)


(Start cutting path id: path2)
(Change tool to Default tool)

G00 Z5.000000
G00 X20.556885 Y23.884793

G01 Z-1.000000 F100.0(Penetrate)
G03 X20.490382 Y23.857246 Z-1.000000 I0.000000 J-0.094050 F3500.000000
G03 X20.462835 Y23.790743 Z-1.000000 I0.066503 J-0.066503
G03 X20.490377 Y23.724244 Z-1.000000 I0.094050 J-0.000000
G03 X20.556885 Y23.696693 Z-1.000000 I0.066508 J0.066499
G03 X20.623393 Y23.724244 Z-1.000000 I-0.000000 J0.094050
G03 X20.650935 Y23.790743 Z-1.000000 I-0.066508 J0.066499
G03 X20.623393 Y23.857242 Z-1.000000 I-0.094050 J0.000000
G03 X20.556885 Y23.884793 Z-1.000000 I-0.066508 J-0.066499
G01 X20.556885 Y23.884793 Z-1.000000
G00 Z5.000000

(End cutting path id: path2)


(Start cutting path id: path2)
(Change tool to Default tool)

G00 Z5.000000
G00 X20.586857 Y24.227926

G01 Z-1.000000 F100.0(Penetrate)
G01 X20.586340 Y24.227409 Z-1.000000 F3500.000000
G01 X20.585507 Y24.226897 Z-1.000000
G01 X20.584840 Y24.226409 Z-1.000000
G01 X20.574964 Y24.210076 Z-1.000000
G03 X20.564690 Y24.127189 Z-1.000000 I0.470805 J-0.100440
G03 X20.585032 Y24.010138 Z-1.000000 I0.281529 J-0.011366
G01 X20.614300 Y24.004199 Z-1.000000
G03 X20.641508 Y24.066712 Z-1.000000 I-0.067473 J0.066544
G03 X20.621500 Y24.184033 Z-1.000000 I-0.283257 J0.012060
G03 X20.601319 Y24.220311 Z-1.000000 I-0.152196 J-0.060913
G01 X20.591010 Y24.227953 Z-1.000000
G01 X20.590010 Y24.227953 Z-1.000000
G01 X20.589472 Y24.227965 Z-1.000000
G01 X20.589010 Y24.227953 Z-1.000000
G01 X20.588493 Y24.227953 Z-1.000000
G01 X20.587977 Y24.227953 Z-1.000000
G01 X20.587460 Y24.227953 Z-1.000000
G01 X20.586857 Y24.227926 Z-1.000000
G00 Z5.000000

(End cutting path id: path2)


(Start cutting path id: path2)
(Change tool to Default tool)

G00 Z5.000000
G00 X20.369299 Y25.952148

G01 Z-1.000000 F100.0(Penetrate)
G03 X20.302791 Y25.924597 Z-1.000000 I-0.000000 J-0.094050 F3500.000000
G03 X20.275249 Y25.858098 Z-1.000000 I0.066508 J-0.066499
G03 X20.302791 Y25.791599 Z-1.000000 I0.094050 J-0.000000
G03 X20.369299 Y25.764048 Z-1.000000 I0.066508 J0.066499
G03 X20.435802 Y25.791595 Z-1.000000 I0.000000 J0.094050
G03 X20.463349 Y25.858098 Z-1.000000 I-0.066503 J0.066503
G03 X20.435807 Y25.924597 Z-1.000000 I-0.094050 J-0.000000
G03 X20.369299 Y25.952148 Z-1.000000 I-0.066508 J-0.066499
G01 X20.369299 Y25.952148 Z-1.000000
G00 Z5.000000

(End cutting path id: path2)


(Start cutting path id: path2)
(Change tool to Default tool)

G00 Z5.000000
G00 X19.074288 Y26.225514

G01 Z-1.000000 F100.0(Penetrate)
G01 X19.073771 Y26.224997 Z-1.000000 F3500.000000
G01 X19.072968 Y26.224759 Z-1.000000
G01 X19.072171 Y26.224480 Z-1.000000
G01 X19.071654 Y26.224480 Z-1.000000
G01 X19.062485 Y26.208149 Z-1.000000
G03 X19.056154 Y26.085471 Z-1.000000 I1.746678 J-0.151636
G03 X19.077474 Y25.899324 Z-1.000000 I0.728772 J-0.010827
G03 X19.121784 Y25.820888 Z-1.000000 I0.163145 J0.040430
G03 X19.210600 Y25.851681 Z-1.000000 I0.036940 J0.036936
G03 X19.156404 Y26.112859 Z-1.000000 I-0.417932 J0.049488
G03 X19.092052 Y26.216047 Z-1.000000 I-1.707979 J-0.993503
G01 X19.076304 Y26.225514 Z-1.000000
G01 X19.075507 Y26.225532 Z-1.000000
G01 X19.074804 Y26.225514 Z-1.000000
G01 X19.074288 Y26.225514 Z-1.000000
G00 Z5.000000

(End cutting path id: path2)


(Start cutting path id: path2)
(Change tool to Default tool)

G00 Z5.000000
G00 X18.521350 Y27.420372

G01 Z-1.000000 F100.0(Penetrate)
G01 X18.506902 Y27.417500 Z-1.000000 F3500.000000
G03 X18.489310 Y27.409002 Z-1.000000 I0.032605 J-0.089952
G03 X18.417597 Y27.338641 Z-1.000000 I0.119752 J-0.193778
G03 X18.395260 Y27.262758 Z-1.000000 I0.117722 J-0.075883
G03 X18.421973 Y27.201042 Z-1.000000 I0.084649 J-0.000000
G03 X18.489310 Y27.174388 Z-1.000000 I0.067337 J0.071730
G03 X18.550079 Y27.207525 Z-1.000000 I0.000000 J0.072289
G03 X18.583360 Y27.320633 Z-1.000000 I-0.175559 J0.113108
G03 X18.559692 Y27.400628 Z-1.000000 I-0.147020 J-0.000000
G01 X18.521350 Y27.420363 Z-1.000000
G01 X18.521350 Y27.420372 Z-1.000000
G00 Z5.000000

(End cutting path id: path2)


(Start cutting path id: path2)
(Change tool to Default tool)

G00 Z5.000000
G00 X15.607833 Y30.712194

G01 Z-1.000000 F100.0(Penetrate)
G01 X15.603489 Y30.710257 Z-1.000000 F3500.000000
G01 X15.599033 Y30.706514 Z-1.000000
G03 X15.578721 Y30.654208 Z-1.000000 I0.049104 J-0.049166
G03 X15.607833 Y30.514795 Z-1.000000 I0.444720 J0.020119
G03 X15.678800 Y30.383104 Z-1.000000 I0.539447 J0.205737
G01 X15.701363 Y30.373718 Z-1.000000
G01 X15.702137 Y30.373982 Z-1.000000
G01 X15.702863 Y30.374235 Z-1.000000
G01 X15.703380 Y30.374235 Z-1.000000
G01 X15.717167 Y30.397255 Z-1.000000
G03 X15.695580 Y30.561820 Z-1.000000 I-0.660966 J-0.003006
G03 X15.639587 Y30.697232 Z-1.000000 I-0.522481 J-0.136765
G01 X15.609280 Y30.712199 Z-1.000000
G01 X15.608763 Y30.712199 Z-1.000000
G01 X15.608247 Y30.712199 Z-1.000000
G01 X15.607833 Y30.712194 Z-1.000000
G00 Z5.000000

(End cutting path id: path2)


(Start cutting path id: path2)
(Change tool to Default tool)

G00 Z5.000000
G00 X15.434717 Y30.836735

G01 Z-1.000000 F100.0(Penetrate)
G03 X15.345555 Y30.820132 Z-1.000000 I-0.000000 J-0.247704 F3500.000000
G03 X15.199589 Y30.745785 Z-1.000000 I0.287083 J-0.744100
G03 X15.127483 Y30.682500 Z-1.000000 I0.177674 J-0.275161
G01 X15.126729 Y30.662586 Z-1.000000
G01 X15.127485 Y30.661816 Z-1.000000
G02 X15.128329 Y30.661036 Z-1.000000 I-0.079343 J-0.086695
G01 X15.136019 Y30.657093 Z-1.000000
G03 X15.152619 Y30.654836 Z-1.000000 I0.016600 J0.059924
G03 X15.241770 Y30.671437 Z-1.000000 I-0.000000 J0.247687
G03 X15.387747 Y30.745786 Z-1.000000 I-0.287075 J0.744119
G03 X15.449052 Y30.813283 Z-1.000000 I-0.096182 J0.148947
G01 X15.434777 Y30.836736 Z-1.000000
G01 X15.434717 Y30.836735 Z-1.000000
G00 Z5.000000

(End cutting path id: path2)


(Start cutting path id: path2)
(Change tool to Default tool)

G00 Z5.000000
G00 X11.593608 Y28.113941

G01 Z-1.000000 F100.0(Penetrate)
G01 X11.579599 Y28.086207 Z-1.000000 F3500.000000
G03 X11.680428 Y27.975965 Z-1.000000 I0.349161 J0.218117
G03 X11.870741 Y27.845376 Z-1.000000 I1.507757 J1.993362
G01 X11.895402 Y27.842123 Z-1.000000
G01 X11.895919 Y27.842123 Z-1.000000
G01 X11.896435 Y27.842640 Z-1.000000
G01 X11.897227 Y27.843151 Z-1.000000
G01 X11.898035 Y27.843640 Z-1.000000
G01 X11.898035 Y27.844157 Z-1.000000
G01 X11.898552 Y27.844674 Z-1.000000
G01 X11.899068 Y27.845190 Z-1.000000
G01 X11.899068 Y27.845707 Z-1.000000
G01 X11.895493 Y27.864537 Z-1.000000
G03 X11.815868 Y27.972831 Z-1.000000 I-0.960846 J-0.623058
G03 X11.686600 Y28.087778 Z-1.000000 I-0.441516 J-0.366365
G03 X11.598310 Y28.113908 Z-1.000000 I-0.088290 J-0.136094
G02 X11.595868 Y28.113954 Z-1.000000 I0.000000 J0.065215
G01 X11.593710 Y28.113908 Z-1.000000
G01 X11.593608 Y28.113941 Z-1.000000
G00 Z5.000000

(End cutting path id: path2)


(Start cutting path id: path2)
(Change tool to Default tool)

G00 Z5.000000
G00 X11.121285 Y27.913398

G01 Z-1.000000 F100.0(Penetrate)
G03 X11.084355 Y27.910589 Z-1.000000 I-0.004510 J-0.184833 F3500.000000
G03 X10.969873 Y27.887558 Z-1.000000 I0.459886 J-2.582103
G02 X10.733952 Y27.843411 Z-1.000000 I-0.737746 J3.290073
G02 X10.594185 Y27.831228 Z-1.000000 I-0.167321 J1.111711
G01 X10.569036 Y27.789428 Z-1.000000
G03 X10.687725 Y27.644159 Z-1.000000 I0.381509 J0.190583
G01 X10.688241 Y27.644159 Z-1.000000
G03 X10.929658 Y27.469725 Z-1.000000 I2.412543 J3.084684
G01 X10.960060 Y27.469493 Z-1.000000
G01 X10.967360 Y27.487957 Z-1.000000
G03 X10.946110 Y27.573879 Z-1.000000 I-0.533812 J-0.086434
G02 X10.951359 Y27.678639 Z-1.000000 I0.135690 J0.045713
G02 X11.055664 Y27.815725 Z-1.000000 I0.351153 J-0.158959
G03 X11.134231 Y27.887321 Z-1.000000 I-0.774635 J0.928964
G01 X11.140934 Y27.904095 Z-1.000000
G01 X11.140934 Y27.904612 Z-1.000000
G01 X11.140934 Y27.905129 Z-1.000000
G01 X11.140934 Y27.905646 Z-1.000000
G01 X11.140934 Y27.906163 Z-1.000000
G01 X11.140417 Y27.906679 Z-1.000000
G01 X11.140417 Y27.907196 Z-1.000000
G01 X11.139901 Y27.907713 Z-1.000000
G01 X11.139384 Y27.908230 Z-1.000000
G01 X11.138867 Y27.908746 Z-1.000000
G01 X11.133747 Y27.911461 Z-1.000000
G03 X11.121297 Y27.913446 Z-1.000000 I-0.014301 J-0.049661
G01 X11.121285 Y27.913398 Z-1.000000
G00 Z5.000000

(End cutting path id: path2)


(Start cutting path id: path2)
(Change tool to Default tool)

G00 Z5.000000
G00 X11.545549 Y27.360892

G01 Z-1.000000 F100.0(Penetrate)
G01 X11.545549 Y27.360375 Z-1.000000 F3500.000000
G01 X11.545032 Y27.360375 Z-1.000000
G01 X11.544515 Y27.360375 Z-1.000000
G01 X11.544515 Y27.359859 Z-1.000000
G01 X11.543998 Y27.359859 Z-1.000000
G01 X11.543998 Y27.359342 Z-1.000000
G01 X11.543481 Y27.358825 Z-1.000000
G01 X11.543481 Y27.358308 Z-1.000000
G01 X11.543481 Y27.357308 Z-1.000000
G01 X11.546557 Y27.343716 Z-1.000000
G03 X11.578621 Y27.281348 Z-1.000000 I0.752626 J0.347509
G01 X11.559902 Y27.225029 Z-1.000000
G02 X11.428243 Y27.215718 Z-1.000000 I-0.078939 J0.180709
G03 X11.283290 Y27.253567 Z-1.000000 I-1.313025 J-4.732020
G01 X11.263395 Y27.251888 Z-1.000000
G01 X11.262878 Y27.251371 Z-1.000000
G01 X11.262362 Y27.250854 Z-1.000000
G01 X11.261845 Y27.250854 Z-1.000000
G01 X11.261328 Y27.250338 Z-1.000000
G01 X11.260811 Y27.249821 Z-1.000000
G01 X11.260811 Y27.249304 Z-1.000000
G01 X11.260295 Y27.248787 Z-1.000000
G01 X11.260295 Y27.248271 Z-1.000000
G01 X11.260276 Y27.247616 Z-1.000000
G01 X11.260295 Y27.246671 Z-1.000000
G01 X11.260295 Y27.246155 Z-1.000000
G01 X11.271165 Y27.228539 Z-1.000000
G03 X11.387935 Y27.131433 Z-1.000000 I2.551049 J2.948878
G03 X11.618387 Y27.120467 Z-1.000000 I0.122798 J0.153635
G03 X11.632882 Y27.291630 Z-1.000000 I-0.059680 J0.091249
G03 X11.558336 Y27.356653 Z-1.000000 I-1.078621 J-1.161357
G01 X11.546582 Y27.360880 Z-1.000000
G01 X11.546065 Y27.360880 Z-1.000000
G01 X11.545549 Y27.360892 Z-1.000000
G00 Z5.000000

(End cutting path id: path2)


(Start cutting path id: path2)
(Change tool to Default tool)

G00 Z5.000000
G00 X12.092285 Y26.986265

G01 Z-1.000000 F100.0(Penetrate)
G03 X12.046471 Y26.956339 Z-1.000000 I0.000000 J-0.050031 F3500.000000
G03 X12.050945 Y26.892215 Z-1.000000 I0.063346 J-0.027799
G03 X12.116309 Y26.811688 Z-1.000000 I0.343280 J0.211852
G01 X12.150165 Y26.798165 Z-1.000000
G01 X12.175409 Y26.814515 Z-1.000000
G03 X12.192025 Y26.892215 Z-1.000000 I-0.173368 J0.077700
G03 X12.163667 Y26.957922 Z-1.000000 I-0.090303 J0.000000
G03 X12.092285 Y26.986265 Z-1.000000 I-0.071382 J-0.075717
G01 X12.092285 Y26.986265 Z-1.000000
G00 Z5.000000

(End cutting path id: path2)


(Start cutting path id: path2)
(Change tool to Default tool)

G00 Z5.000000
G00 X10.241235 Y26.778974

G01 Z-1.000000 F100.0(Penetrate)
G01 X10.226482 Y26.769701 Z-1.000000 F3500.000000
G03 X10.217985 Y26.738664 Z-1.000000 I0.052433 J-0.031037
G03 X10.234942 Y26.648662 Z-1.000000 I0.247325 J0.000000
G03 X10.280515 Y26.578984 Z-1.000000 I0.188876 J0.073791
G03 X10.343380 Y26.547959 Z-1.000000 I0.077087 J0.076998
G03 X10.392137 Y26.564514 Z-1.000000 I0.007597 J0.057702
G01 X10.402257 Y26.613189 Z-1.000000
G03 X10.329087 Y26.724711 Z-1.000000 I-0.304202 J-0.119823
G03 X10.267654 Y26.772835 Z-1.000000 I-0.228362 J-0.228242
G01 X10.241237 Y26.778971 Z-1.000000
G01 X10.241235 Y26.778974 Z-1.000000
G00 Z5.000000

(End cutting path id: path2)


(Start cutting path id: path2)
(Change tool to Default tool)

G00 Z5.000000
G00 X10.244853 Y27.736638

G01 Z-1.000000 F100.0(Penetrate)
G03 X10.151399 Y27.702947 Z-1.000000 I-0.001785 J-0.141508 F3500.000000
G03 X10.033496 Y27.556804 Z-1.000000 I0.326581 J-0.384106
G03 X10.057367 Y27.472949 Z-1.000000 I0.055284 J-0.029588
G03 X10.211263 Y27.453968 Z-1.000000 I0.099269 J0.171492
G02 X10.477901 Y27.498284 Z-1.000000 I0.325751 J-1.135655
G02 X10.554911 Y27.471018 Z-1.000000 I0.005371 J-0.107215
G03 X10.574602 Y27.456290 Z-1.000000 I0.093049 J0.103878
G01 X10.581261 Y27.454478 Z-1.000000
G01 X10.581778 Y27.454994 Z-1.000000
G01 X10.582295 Y27.454994 Z-1.000000
G01 X10.582812 Y27.454994 Z-1.000000
G01 X10.583328 Y27.455511 Z-1.000000
G01 X10.583845 Y27.455511 Z-1.000000
G01 X10.584362 Y27.456028 Z-1.000000
G01 X10.584879 Y27.456545 Z-1.000000
G01 X10.584879 Y27.457061 Z-1.000000
G01 X10.585130 Y27.457743 Z-1.000000
G01 X10.585395 Y27.458661 Z-1.000000
G01 X10.584107 Y27.471166 Z-1.000000
G03 X10.562145 Y27.518091 Z-1.000000 I-0.301251 J-0.112388
G03 X10.478981 Y27.579541 Z-1.000000 I-0.111367 J-0.063718
G03 X10.288260 Y27.580101 Z-1.000000 I-0.096620 J-0.428807
G02 X10.164371 Y27.558414 Z-1.000000 I-0.317009 J1.446215
G01 X10.147183 Y27.563051 Z-1.000000
G01 X10.146666 Y27.563568 Z-1.000000
G01 X10.146150 Y27.564085 Z-1.000000
G01 X10.145633 Y27.564085 Z-1.000000
G01 X10.145633 Y27.564601 Z-1.000000
G01 X10.145116 Y27.565118 Z-1.000000
G01 X10.145116 Y27.565635 Z-1.000000
G01 X10.145116 Y27.566152 Z-1.000000
G01 X10.144600 Y27.566650 Z-1.000000
G01 X10.149953 Y27.579614 Z-1.000000
G02 X10.217980 Y27.634350 Z-1.000000 I0.511780 J-0.566415
G03 X10.267773 Y27.706552 Z-1.000000 I-0.075026 J0.105011
G01 X10.244850 Y27.736669 Z-1.000000
G01 X10.244853 Y27.736638 Z-1.000000
G00 Z5.000000

(End cutting path id: path2)


(Start cutting path id: path2)
(Change tool to Default tool)

G00 Z5.000000
G00 X9.865548 Y27.736638

G01 Z-1.000000 F100.0(Penetrate)
G03 X9.180514 Y27.588082 Z-1.000000 I0.037060 J-1.824615 F3500.000000
G03 X9.149829 Y27.428130 Z-1.000000 I0.038942 J-0.090390
G02 X9.167371 Y27.364818 Z-1.000000 I-0.047131 J-0.047145
G02 X9.101253 Y27.234343 Z-1.000000 I-0.319302 J0.079815
G03 X9.092342 Y27.117612 Z-1.000000 I0.077900 J-0.064653
G03 X9.299174 Y26.904647 Z-1.000000 I0.557282 J0.334312
G02 X9.437078 Y26.756376 Z-1.000000 I-0.218941 J-0.341900
G01 X9.407177 Y26.705693 Z-1.000000
G02 X9.225503 Y26.743238 Z-1.000000 I-0.003496 J0.441404
G02 X9.090401 Y26.845219 Z-1.000000 I0.149159 J0.338083
G03 X8.961457 Y26.961340 Z-1.000000 I-0.461981 J-0.383346
G03 X8.879044 Y26.986296 Z-1.000000 I-0.082412 J-0.123597
G01 X8.852262 Y26.954704 Z-1.000000
G03 X8.902298 Y26.845219 Z-1.000000 I0.227322 J0.037713
G01 X8.871245 Y26.780241 Z-1.000000
G02 X8.672855 Y26.848319 Z-1.000000 I0.004567 J0.336417
G03 X8.483222 Y26.965328 Z-1.000000 I-0.710380 J-0.939124
G03 X8.393285 Y26.986295 Z-1.000000 I-0.089936 J-0.182401
G01 X8.380257 Y26.959870 Z-1.000000
G03 X8.505423 Y26.840051 Z-1.000000 I0.452278 J0.347179
G02 X8.678284 Y26.674804 Z-1.000000 I-0.453219 J-0.647134
G02 X8.714196 Y26.569266 Z-1.000000 I-0.137117 J-0.105538
G03 X8.744495 Y26.459411 Z-1.000000 I0.214303 J0.000000
G03 X8.861474 Y26.322770 Z-1.000000 I0.456971 J0.272823
G02 X8.958915 Y26.184304 Z-1.000000 I-0.206905 J-0.249122
G02 X8.965860 Y26.035449 Z-1.000000 I-0.235352 J-0.085571
G03 X8.975122 Y25.897303 Z-1.000000 I0.211530 J-0.055202
G03 X9.053710 Y25.820475 Z-1.000000 I0.128268 J0.052599
G02 X9.147147 Y25.744780 Z-1.000000 I-0.069676 J-0.181522
G02 X9.183935 Y25.620487 Z-1.000000 I-0.191574 J-0.124293
G03 X9.219666 Y25.534992 Z-1.000000 I0.120149 J0.000000
G01 X9.276953 Y25.528507 Z-1.000000
G01 X9.312861 Y25.517075 Z-1.000000
G02 X9.314160 Y25.440137 Z-1.000000 I-0.094772 J-0.040081
G03 X9.311841 Y25.331004 Z-1.000000 I0.150535 J-0.057790
G03 X9.362736 Y25.294410 Z-1.000000 I0.050895 J0.017095
G03 X9.437584 Y25.323522 Z-1.000000 I-0.000000 J0.110774
G03 X9.466606 Y25.389490 Z-1.000000 I-0.060464 J0.065968
G01 X9.508831 Y25.436852 Z-1.000000
G02 X9.866064 Y25.435480 Z-1.000000 I0.172850 J-1.502369
G01 X10.265523 Y25.386390 Z-1.000000
G01 X9.936344 Y25.521265 Z-1.000000
G01 X9.607682 Y25.656141 Z-1.000000
G01 X9.889319 Y25.665941 Z-1.000000
G03 X10.014913 Y25.725891 Z-1.000000 I-0.006305 J0.174743
G03 X10.007141 Y25.801333 Z-1.000000 I-0.039166 J0.034086
G02 X10.006388 Y25.888510 Z-1.000000 I0.033309 J0.043880
G02 X10.133232 Y25.900553 Z-1.000000 I0.072777 J-0.092512
G03 X10.335361 Y25.916844 Z-1.000000 I0.088005 J0.170181
G03 X10.350789 Y26.061784 Z-1.000000 I-0.059010 J0.079572
G02 X10.227569 Y26.207523 Z-1.000000 I3.612764 J3.179494
G01 X10.219014 Y26.230766 Z-1.000000
G01 X10.219014 Y26.231282 Z-1.000000
G01 X10.219014 Y26.231799 Z-1.000000
G01 X10.219014 Y26.232316 Z-1.000000
G01 X10.219257 Y26.233095 Z-1.000000
G01 X10.219531 Y26.233816 Z-1.000000
G01 X10.220048 Y26.234333 Z-1.000000
G01 X10.220565 Y26.234850 Z-1.000000
G01 X10.220565 Y26.235366 Z-1.000000
G01 X10.221082 Y26.235366 Z-1.000000
G01 X10.221082 Y26.235883 Z-1.000000
G01 X10.221598 Y26.235883 Z-1.000000
G01 X10.222115 Y26.235883 Z-1.000000
G01 X10.241771 Y26.237366 Z-1.000000
G02 X10.359058 Y26.198673 Z-1.000000 I-0.684000 J-2.270467
G03 X10.379772 Y26.193361 Z-1.000000 I0.039219 J0.109894
G01 X10.388518 Y26.193973 Z-1.000000
G01 X10.389918 Y26.194709 Z-1.000000
G01 X10.391118 Y26.195573 Z-1.000000
G01 X10.391635 Y26.196089 Z-1.000000
G01 X10.391635 Y26.196606 Z-1.000000
G01 X10.392152 Y26.196606 Z-1.000000
G01 X10.392668 Y26.196606 Z-1.000000
G01 X10.393248 Y26.197440 Z-1.000000
G02 X10.393668 Y26.198106 Z-1.000000 I0.816914 J-0.513725
G01 X10.387870 Y26.241038 Z-1.000000
G03 X10.076891 Y26.562942 Z-1.000000 I-2.856348 J-2.448237
G02 X9.779004 Y26.864899 Z-1.000000 I2.934248 J3.192622
G01 X9.769946 Y26.902608 Z-1.000000
G01 X9.770463 Y26.903125 Z-1.000000
G01 X9.770463 Y26.903642 Z-1.000000
G01 X9.770463 Y26.904159 Z-1.000000
G01 X9.770980 Y26.904159 Z-1.000000
G01 X9.770980 Y26.904675 Z-1.000000
G01 X9.771497 Y26.905192 Z-1.000000
G01 X9.772013 Y26.905709 Z-1.000000
G01 X9.772773 Y26.906261 Z-1.000000
G01 X9.773563 Y26.906709 Z-1.000000
G01 X9.782764 Y26.907133 Z-1.000000
G02 X9.812320 Y26.896379 Z-1.000000 I-0.039277 J-0.153941
G03 X10.059892 Y26.848113 Z-1.000000 I0.216761 J0.452767
G03 X10.122379 Y26.915499 Z-1.000000 I-0.004087 J0.066455
G03 X9.992563 Y27.149049 Z-1.000000 I-0.281173 J-0.003433
G03 X9.711034 Y27.178016 Z-1.000000 I-0.169572 J-0.265504
G03 X9.521995 Y27.057731 Z-1.000000 I0.197271 J-0.518719
G03 X9.513114 Y26.986296 Z-1.000000 I0.039986 J-0.041241
G02 X9.519366 Y26.921193 Z-1.000000 I-0.062968 J-0.038899
G01 X9.477457 Y26.892246 Z-1.000000
G02 X9.396162 Y26.915286 Z-1.000000 I0.000000 J0.154940
G02 X9.325011 Y26.986296 Z-1.000000 I0.114666 J0.186044
G02 X9.322174 Y27.049515 Z-1.000000 I0.055347 J0.034157
G02 X9.372037 Y27.080346 Z-1.000000 I0.049863 J-0.024906
G03 X9.421609 Y27.111167 Z-1.000000 I0.000000 J0.055275
G03 X9.418546 Y27.174916 Z-1.000000 I-0.059016 J0.029113
G02 X9.425275 Y27.253088 Z-1.000000 I0.055921 J0.034562
G02 X9.647473 Y27.433298 Z-1.000000 I0.655432 J-0.581052
G03 X9.903793 Y27.663849 Z-1.000000 I-0.399369 J0.701767
G01 X9.865547 Y27.736639 Z-1.000000
G01 X9.865548 Y27.736638 Z-1.000000
G00 Z5.000000

(End cutting path id: path2)


(Start cutting path id: path2)
(Change tool to Default tool)

G00 Z5.000000
G00 X10.210229 Y28.196591

G01 Z-1.000000 F100.0(Penetrate)
G03 X10.160273 Y28.193520 Z-1.000000 I-0.009855 J-0.247517 F3500.000000
G03 X10.106360 Y28.178501 Z-1.000000 I0.041610 J-0.253643
G01 X10.100353 Y28.149221 Z-1.000000
G03 X10.163200 Y28.121661 Z-1.000000 I0.066721 J0.066711
G03 X10.280663 Y28.141578 Z-1.000000 I0.011854 J0.286416
G01 X10.286707 Y28.170751 Z-1.000000
G03 X10.258796 Y28.187859 Z-1.000000 I-0.049656 J-0.049688
G03 X10.210227 Y28.196591 Z-1.000000 I-0.055986 J-0.171972
G01 X10.210229 Y28.196591 Z-1.000000
G00 Z5.000000

(End cutting path id: path2)


(Start cutting path id: path2)
(Change tool to Default tool)

G00 Z5.000000
G00 X9.384957 Y28.295291

G01 Z-1.000000 F100.0(Penetrate)
G03 X9.331755 Y28.279520 Z-1.000000 I0.008316 J-0.125674 F3500.000000
G03 X9.253182 Y28.219841 Z-1.000000 I0.173569 J-0.310084
G03 X9.196244 Y28.155742 Z-1.000000 I0.548269 J-0.544359
G01 X9.193237 Y28.142331 Z-1.000000
G01 X9.193237 Y28.141814 Z-1.000000
G01 X9.193237 Y28.141297 Z-1.000000
G01 X9.193754 Y28.140781 Z-1.000000
G01 X9.193754 Y28.140264 Z-1.000000
G01 X9.194271 Y28.139747 Z-1.000000
G01 X9.194787 Y28.139747 Z-1.000000
G01 X9.194787 Y28.139230 Z-1.000000
G01 X9.209713 Y28.136514 Z-1.000000
G03 X9.305892 Y28.167140 Z-1.000000 I-0.227103 J0.879534
G03 X9.421742 Y28.242573 Z-1.000000 I-0.116052 J0.304911
G01 X9.421647 Y28.283928 Z-1.000000
G01 X9.409399 Y28.291855 Z-1.000000
G03 X9.392192 Y28.295298 Z-1.000000 I-0.018759 J-0.049025
G03 X9.388679 Y28.295384 Z-1.000000 I-0.010783 J-0.366931
G01 X9.384962 Y28.295298 Z-1.000000
G01 X9.384957 Y28.295291 Z-1.000000
G00 Z5.000000

(End cutting path id: path2)


(Start cutting path id: path2)
(Change tool to Default tool)

G00 Z5.000000
G00 X9.230961 Y27.926318

G01 Z-1.000000 F100.0(Penetrate)
G03 X9.121995 Y27.894017 Z-1.000000 I-0.000000 J-0.199946 F3500.000000
G03 X9.089884 Y27.834848 Z-1.000000 I0.038459 J-0.059169
G01 X9.123025 Y27.792035 Z-1.000000
G03 X9.230961 Y27.798158 Z-1.000000 I0.044410 J0.171553
G03 X9.357390 Y27.862250 Z-1.000000 I-0.246667 J0.643324
G01 X9.372038 Y27.889108 Z-1.000000
G01 X9.372038 Y27.889625 Z-1.000000
G01 X9.371828 Y27.890989 Z-1.000000
G01 X9.371521 Y27.892225 Z-1.000000
G01 X9.349494 Y27.911639 Z-1.000000
G03 X9.230961 Y27.926335 Z-1.000000 I-0.118533 J-0.470662
G01 X9.230961 Y27.926318 Z-1.000000
G00 Z5.000000

(End cutting path id: path2)


(Start cutting path id: path2)
(Change tool to Default tool)

G00 Z5.000000
G00 X8.187097 Y28.458051

G01 Z-1.000000 F100.0(Penetrate)
G03 X8.118417 Y28.409854 Z-1.000000 I0.000103 J-0.073179 F3500.000000
G03 X8.119918 Y28.245661 Z-1.000000 I0.220507 J-0.080088
G03 X8.188776 Y28.140669 Z-1.000000 I0.275952 J0.105904
G03 X8.254277 Y28.113886 Z-1.000000 I0.065501 J0.066703
G03 X8.370693 Y28.229149 Z-1.000000 I0.000000 J0.116422
G03 X8.257377 Y28.434796 Z-1.000000 I-0.238947 J0.002378
G03 X8.217264 Y28.453328 Z-1.000000 I-0.096325 J-0.155820
G03 X8.187097 Y28.458056 Z-1.000000 I-0.030074 J-0.093279
G01 X8.187097 Y28.458051 Z-1.000000
G00 Z5.000000

(End cutting path id: path2)


(Start cutting path id: path2)
(Change tool to Default tool)

G00 Z5.000000
G00 X8.100281 Y28.740755

G01 Z-1.000000 F100.0(Penetrate)
G01 X8.071314 Y28.725853 Z-1.000000 F3500.000000
G03 X8.056356 Y28.683395 Z-1.000000 I0.052778 J-0.042458
G03 X8.084727 Y28.612362 Z-1.000000 I0.103106 J-0.000000
G03 X8.150407 Y28.584175 Z-1.000000 I0.065679 J0.062426
G03 X8.228082 Y28.600455 Z-1.000000 I0.000000 J0.193442
G01 X8.244458 Y28.625515 Z-1.000000
G01 X8.230970 Y28.659510 Z-1.000000
G03 X8.150407 Y28.725255 Z-1.000000 I-0.289934 J-0.273050
G03 X8.124854 Y28.737209 Z-1.000000 I-0.063777 J-0.103038
G03 X8.105449 Y28.740755 Z-1.000000 I-0.022266 J-0.066983
G03 X8.102814 Y28.740817 Z-1.000000 I-0.003098 J-0.075592
G01 X8.100279 Y28.740755 Z-1.000000
G01 X8.100281 Y28.740755 Z-1.000000
G00 Z5.000000

(End cutting path id: path2)


(Start cutting path id: path2)
(Change tool to Default tool)

G00 Z5.000000
G00 X10.101192 Y30.621761

G01 Z-1.000000 F100.0(Penetrate)
G03 X10.052082 Y30.610746 Z-1.000000 I0.013327 J-0.174394 F3500.000000
G03 X9.935828 Y30.557682 Z-1.000000 I0.361366 J-0.945580
G03 X9.765905 Y30.446725 Z-1.000000 I0.550757 J-1.029030
G01 X9.748242 Y30.410404 Z-1.000000
G01 X9.748520 Y30.407831 Z-1.000000
G01 X9.749272 Y30.405755 Z-1.000000
G01 X9.749606 Y30.405272 Z-1.000000
G01 X9.750302 Y30.404204 Z-1.000000
G01 X9.751045 Y30.403679 Z-1.000000
G01 X9.751852 Y30.403174 Z-1.000000
G01 X9.784345 Y30.399731 Z-1.000000
G03 X9.935820 Y30.463636 Z-1.000000 I-0.270024 J0.851524
G03 X10.106225 Y30.574985 Z-1.000000 I-0.549682 J1.027278
G01 X10.123930 Y30.611426 Z-1.000000
G01 X10.123930 Y30.611942 Z-1.000000
G01 X10.123930 Y30.612459 Z-1.000000
G01 X10.123413 Y30.613489 Z-1.000000
G01 X10.123413 Y30.614006 Z-1.000000
G01 X10.123413 Y30.614523 Z-1.000000
G01 X10.123413 Y30.615040 Z-1.000000
G01 X10.123030 Y30.615821 Z-1.000000
G01 X10.122413 Y30.617110 Z-1.000000
G01 X10.121896 Y30.617626 Z-1.000000
G01 X10.121379 Y30.618143 Z-1.000000
G01 X10.114858 Y30.620962 Z-1.000000
G03 X10.101229 Y30.621763 Z-1.000000 I-0.009778 J-0.050012
G01 X10.101192 Y30.621761 Z-1.000000
G00 Z5.000000

(End cutting path id: path2)


(Start cutting path id: path2)
(Change tool to Default tool)

G00 Z5.000000
G00 X9.622152 Y25.342898

G01 Z-1.000000 F100.0(Penetrate)
G03 X9.576756 Y25.325672 Z-1.000000 I0.004244 J-0.079615 F3500.000000
G01 X9.560140 Y25.291218 Z-1.000000
G03 X9.592250 Y25.232331 Z-1.000000 I0.070050 J0.000000
G03 X9.701216 Y25.200268 Z-1.000000 I0.108966 J0.169126
G03 X9.819435 Y25.214997 Z-1.000000 I-0.000000 J0.481790
G01 X9.841259 Y25.234378 Z-1.000000
G01 X9.841512 Y25.235134 Z-1.000000
G01 X9.841776 Y25.235878 Z-1.000000
G01 X9.841776 Y25.236395 Z-1.000000
G01 X9.842293 Y25.236912 Z-1.000000
G01 X9.827651 Y25.263900 Z-1.000000
G03 X9.701216 Y25.328382 Z-1.000000 I-0.369206 J-0.567734
G03 X9.655980 Y25.340848 Z-1.000000 I-0.086451 J-0.225392
G03 X9.622151 Y25.342852 Z-1.000000 I-0.025788 J-0.148828
G01 X9.622152 Y25.342898 Z-1.000000
G00 Z5.000000

(End cutting path id: path2)


(Start cutting path id: path2)
(Change tool to Default tool)

G00 Z5.000000
G00 X9.386507 Y25.092900

G01 Z-1.000000 F100.0(Penetrate)
G03 X9.306825 Y25.045560 Z-1.000000 I0.005910 J-0.100678 F3500.000000
G03 X9.192721 Y24.807129 Z-1.000000 I1.013288 J-0.631443
G03 X9.140800 Y24.526756 Z-1.000000 I0.877356 J-0.307465
G03 X9.182386 Y24.449528 Z-1.000000 I0.087752 J-0.002558
G02 X9.245890 Y24.371793 Z-1.000000 I-0.080828 J-0.130837
G02 X9.298141 Y24.135335 Z-1.000000 I-0.843890 J-0.310480
G01 X9.298657 Y24.135335 Z-1.000000
G03 X9.370034 Y23.963869 Z-1.000000 I0.301645 J0.024978
G03 X9.463505 Y23.942065 Z-1.000000 I0.061522 J0.052485
G02 X9.611177 Y23.984619 Z-1.000000 I0.242482 J-0.563961
G02 X9.842294 Y24.001495 Z-1.000000 I0.218010 J-1.394648
G03 X9.961532 Y24.005611 Z-1.000000 I0.012860 J1.356670
G01 X9.977169 Y24.011835 Z-1.000000
G01 X9.977686 Y24.012351 Z-1.000000
G01 X9.977686 Y24.012868 Z-1.000000
G01 X9.978203 Y24.013385 Z-1.000000
G01 X9.978203 Y24.013902 Z-1.000000
G01 X9.978203 Y24.014418 Z-1.000000
G01 X9.978203 Y24.014935 Z-1.000000
G01 X9.978203 Y24.015452 Z-1.000000
G01 X9.978203 Y24.015969 Z-1.000000
G01 X9.978203 Y24.016485 Z-1.000000
G01 X9.977686 Y24.017002 Z-1.000000
G01 X9.977169 Y24.017519 Z-1.000000
G01 X9.976652 Y24.018036 Z-1.000000
G01 X9.965624 Y24.025353 Z-1.000000
G03 X9.907922 Y24.043876 Z-1.000000 I-0.198060 J-0.517843
G02 X9.790323 Y24.116508 Z-1.000000 I0.059707 J0.228191
G02 X9.774080 Y24.196838 Z-1.000000 I0.061923 J0.054328
G03 X9.728326 Y24.426313 Z-1.000000 I-0.223928 J0.074651
G03 X9.473323 Y24.542554 Z-1.000000 I-0.255003 J-0.221585
G02 X9.401036 Y24.571051 Z-1.000000 I-0.000000 J0.105932
G02 X9.372554 Y24.636604 Z-1.000000 I0.061195 J0.065553
G02 X9.423859 Y24.687106 Z-1.000000 I0.050508 J0.000000
G02 X9.714136 Y24.631404 Z-1.000000 I-0.013478 J-0.854449
G01 X9.974585 Y24.532704 Z-1.000000
G01 X9.791133 Y24.749228 Z-1.000000
G03 X9.491911 Y25.056191 Z-1.000000 I-2.358974 J-2.000168
G03 X9.386507 Y25.092900 Z-1.000000 I-0.096891 J-0.108528
G01 X9.386507 Y25.092900 Z-1.000000
G00 Z5.000000

(End cutting path id: path2)


(Start cutting path id: path2)
(Change tool to Default tool)

G00 Z5.000000
G00 X9.812838 Y25.010780

G01 Z-1.000000 F100.0(Penetrate)
G01 X9.792788 Y24.982931 Z-1.000000 F3500.000000
G03 X9.842294 Y24.918280 Z-1.000000 I0.115140 J0.036888
G03 X9.991162 Y24.833405 Z-1.000000 I0.837902 J1.296663
G01 X10.014893 Y24.832500 Z-1.000000
G01 X10.015409 Y24.833017 Z-1.000000
G01 X10.015926 Y24.833534 Z-1.000000
G01 X10.016443 Y24.834051 Z-1.000000
G01 X10.016960 Y24.834567 Z-1.000000
G01 X10.016960 Y24.835084 Z-1.000000
G01 X10.017640 Y24.850621 Z-1.000000
G03 X9.982853 Y24.918284 Z-1.000000 I-0.446469 J-0.186764
G03 X9.910693 Y24.986555 Z-1.000000 I-0.164681 J-0.101790
G03 X9.812838 Y25.010784 Z-1.000000 I-0.095299 J-0.175167
G01 X9.812838 Y25.010780 Z-1.000000
G00 Z5.000000

(End cutting path id: path2)


(Start cutting path id: path2)
(Change tool to Default tool)

G00 Z5.000000
G00 X9.384957 Y23.313680

G01 Z-1.000000 F100.0(Penetrate)
G03 X9.331755 Y23.297909 Z-1.000000 I0.008316 J-0.125674 F3500.000000
G03 X9.253182 Y23.238230 Z-1.000000 I0.173569 J-0.310084
G03 X9.196244 Y23.174131 Z-1.000000 I0.548269 J-0.544359
G01 X9.193237 Y23.160720 Z-1.000000
G01 X9.193237 Y23.160203 Z-1.000000
G01 X9.193237 Y23.159686 Z-1.000000
G01 X9.193754 Y23.159169 Z-1.000000
G01 X9.193754 Y23.158653 Z-1.000000
G01 X9.194271 Y23.158136 Z-1.000000
G01 X9.194787 Y23.158136 Z-1.000000
G01 X9.194787 Y23.157619 Z-1.000000
G01 X9.209713 Y23.154903 Z-1.000000
G03 X9.305892 Y23.185529 Z-1.000000 I-0.227103 J0.879534
G03 X9.421742 Y23.260962 Z-1.000000 I-0.116051 J0.304909
G01 X9.421647 Y23.302318 Z-1.000000
G01 X9.409399 Y23.310245 Z-1.000000
G03 X9.392192 Y23.313688 Z-1.000000 I-0.018759 J-0.049025
G03 X9.388679 Y23.313774 Z-1.000000 I-0.010783 J-0.366931
G01 X9.384962 Y23.313688 Z-1.000000
G01 X9.384957 Y23.313680 Z-1.000000
G00 Z5.000000

(End cutting path id: path2)


(Start cutting path id: path2)
(Change tool to Default tool)

G00 Z5.000000
G00 X11.692826 Y25.104692

G01 Z-1.000000 F100.0(Penetrate)
G01 X11.672621 Y25.076828 Z-1.000000 F3500.000000
G03 X11.721766 Y25.012192 Z-1.000000 I0.113975 J0.035658
G03 X11.870351 Y24.926756 Z-1.000000 I0.897559 J1.389057
G01 X11.893849 Y24.925892 Z-1.000000
G01 X11.894365 Y24.926408 Z-1.000000
G01 X11.894882 Y24.926925 Z-1.000000
G01 X11.895399 Y24.927442 Z-1.000000
G01 X11.895916 Y24.927959 Z-1.000000
G01 X11.896432 Y24.928476 Z-1.000000
G01 X11.896949 Y24.928992 Z-1.000000
G01 X11.897466 Y24.929509 Z-1.000000
G01 X11.897472 Y24.945533 Z-1.000000
G03 X11.862846 Y25.012189 Z-1.000000 I-0.466535 J-0.200030
G03 X11.790686 Y25.080460 Z-1.000000 I-0.164680 J-0.101790
G03 X11.692830 Y25.104689 Z-1.000000 I-0.095299 J-0.175168
G01 X11.692826 Y25.104692 Z-1.000000
G00 Z5.000000

(End cutting path id: path2)


(Start cutting path id: path2)
(Change tool to Default tool)

G00 Z5.000000
G00 X9.388058 Y18.997113

G01 Z-1.000000 F100.0(Penetrate)
G03 X9.219698 Y18.948457 Z-1.000000 I-0.000000 J-0.315609 F3500.000000
G03 X9.089884 Y18.809010 Z-1.000000 I0.198788 J-0.315200
G03 X9.029340 Y18.644762 Z-1.000000 I0.561154 J-0.300134
G01 X9.048543 Y18.620908 Z-1.000000
G03 X9.102197 Y18.636417 Z-1.000000 I0.000000 J0.100565
G03 X9.346716 Y18.809010 Z-1.000000 I-1.539560 J2.440654
G03 X9.515193 Y18.952117 Z-1.000000 I-1.819535 J2.312830
G01 X9.521383 Y18.977992 Z-1.000000
G01 X9.503008 Y18.991042 Z-1.000000
G03 X9.388058 Y18.997112 Z-1.000000 I-0.114950 J-1.085329
G01 X9.388058 Y18.997113 Z-1.000000
G00 Z5.000000

(End cutting path id: path2)


(Start cutting path id: path2)
(Change tool to Default tool)

G00 Z5.000000
G00 X10.052100 Y13.410409

G01 Z-1.000000 F100.0(Penetrate)
G03 X10.027888 Y13.406599 Z-1.000000 I0.007840 J-0.128659 F3500.000000
G03 X9.988021 Y13.393869 Z-1.000000 I0.090110 J-0.350994
G03 X9.859034 Y13.329097 Z-1.000000 I0.261266 J-0.681101
G01 X9.842294 Y13.301889 Z-1.000000
G01 X9.841777 Y13.301372 Z-1.000000
G03 X9.916861 Y13.242035 Z-1.000000 I0.060989 J0.000000
G03 X10.076388 Y13.357182 Z-1.000000 I-0.059513 J0.250530
G01 X10.078287 Y13.395138 Z-1.000000
G01 X10.052098 Y13.410412 Z-1.000000
G01 X10.052100 Y13.410409 Z-1.000000
G00 Z5.000000

(End cutting path id: path2)


(Start cutting path id: path2)
(Change tool to Default tool)

G00 Z5.000000
G00 X10.303764 Y13.069344

G01 Z-1.000000 F100.0(Penetrate)
G03 X10.242258 Y13.052301 Z-1.000000 I0.006724 J-0.143770 F3500.000000
G03 X10.089823 Y12.956173 Z-1.000000 I0.622001 J-1.155267
G03 X10.068265 Y12.876327 Z-1.000000 I0.039038 J-0.053373
G03 X10.150283 Y12.817680 Z-1.000000 I0.090133 J0.039375
G03 X10.324290 Y12.853703 Z-1.000000 I0.025917 J0.313093
G03 X10.374559 Y12.937569 Z-1.000000 I-0.044826 J0.083866
G03 X10.349318 Y13.042824 Z-1.000000 I-0.232079 J0.000000
G01 X10.303759 Y13.069344 Z-1.000000
G01 X10.303764 Y13.069344 Z-1.000000
G00 Z5.000000

(End cutting path id: path2)


(Start cutting path id: path2)
(Change tool to Default tool)

G00 Z5.000000
G00 X10.312032 Y12.700374

G01 Z-1.000000 F100.0(Penetrate)
G03 X9.968833 Y12.667510 Z-1.000000 I-0.000000 J-1.808437 F3500.000000
G01 X9.935828 Y12.627514 Z-1.000000
G01 X9.968954 Y12.590942 Z-1.000000
G03 X10.312032 Y12.590304 Z-1.000000 I0.174820 J1.763690
G03 X10.652181 Y12.638206 Z-1.000000 I-0.364137 J3.817375
G03 X10.686686 Y12.660064 Z-1.000000 I-0.010113 J0.054128
G01 X10.687203 Y12.660580 Z-1.000000
G01 X10.687203 Y12.661100 Z-1.000000
G01 X10.687720 Y12.661617 Z-1.000000
G01 X10.687720 Y12.662134 Z-1.000000
G01 X10.687720 Y12.662651 Z-1.000000
G01 X10.687720 Y12.663167 Z-1.000000
G01 X10.687720 Y12.663684 Z-1.000000
G01 X10.687720 Y12.664201 Z-1.000000
G01 X10.687720 Y12.664718 Z-1.000000
G01 X10.687203 Y12.665234 Z-1.000000
G01 X10.687203 Y12.665751 Z-1.000000
G01 X10.653420 Y12.684302 Z-1.000000
G03 X10.312032 Y12.700371 Z-1.000000 I-0.341388 J-3.618363
G01 X10.312032 Y12.700374 Z-1.000000
G00 Z5.000000

(End cutting path id: path2)


(Start cutting path id: path2)
(Change tool to Default tool)

G00 Z5.000000
G00 X10.300662 Y12.406335

G01 Z-1.000000 F100.0(Penetrate)
G03 X10.221399 Y12.402544 Z-1.000000 I-0.008182 J-0.659436 F3500.000000
G03 X10.149250 Y12.389285 Z-1.000000 I0.053653 J-0.494884
G03 X10.113065 Y12.376190 Z-1.000000 I0.051736 J-0.199498
G01 X10.105330 Y12.369645 Z-1.000000
G01 X10.104814 Y12.369128 Z-1.000000
G01 X10.104297 Y12.368612 Z-1.000000
G01 X10.104297 Y12.368095 Z-1.000000
G01 X10.104297 Y12.367578 Z-1.000000
G01 X10.104297 Y12.367061 Z-1.000000
G01 X10.104297 Y12.366545 Z-1.000000
G01 X10.104297 Y12.366028 Z-1.000000
G01 X10.104297 Y12.365511 Z-1.000000
G01 X10.104814 Y12.364994 Z-1.000000
G01 X10.104814 Y12.364478 Z-1.000000
G01 X10.122457 Y12.354018 Z-1.000000
G03 X10.265011 Y12.342778 Z-1.000000 I0.155642 J1.064331
G03 X10.426092 Y12.351699 Z-1.000000 I0.014818 J1.191111
G01 X10.451562 Y12.363968 Z-1.000000
G01 X10.452079 Y12.364485 Z-1.000000
G02 X10.452615 Y12.365210 Z-1.000000 I0.621627 J-0.459463
G01 X10.453079 Y12.366085 Z-1.000000
G01 X10.453595 Y12.366602 Z-1.000000
G01 X10.453595 Y12.367118 Z-1.000000
G01 X10.453595 Y12.367635 Z-1.000000
G01 X10.454112 Y12.368152 Z-1.000000
G01 X10.454112 Y12.368669 Z-1.000000
G01 X10.454112 Y12.369185 Z-1.000000
G01 X10.453595 Y12.369702 Z-1.000000
G01 X10.449791 Y12.375337 Z-1.000000
G03 X10.431375 Y12.385722 Z-1.000000 I-0.049200 J-0.065729
G03 X10.380013 Y12.399848 Z-1.000000 I-0.086180 J-0.212907
G03 X10.300633 Y12.406392 Z-1.000000 I-0.086406 J-0.563429
G01 X10.300662 Y12.406335 Z-1.000000
G00 Z5.000000

(End cutting path id: path2)


(Start cutting path id: path2)
(Change tool to Default tool)

G00 Z5.000000
G00 X10.485664 Y12.175342

G01 Z-1.000000 F100.0(Penetrate)
G03 X10.445541 Y12.175753 Z-1.000000 I-0.029419 J-0.913326 F3500.000000
G03 X10.404014 Y12.174342 Z-1.000000 I0.010938 J-0.933706
G03 X10.095755 Y12.113048 Z-1.000000 I0.065188 J-1.133633
G03 X10.029877 Y12.020347 Z-1.000000 I0.032284 J-0.092701
G01 X10.067531 Y11.975499 Z-1.000000
G03 X10.241233 Y11.983137 Z-1.000000 I0.069603 J0.396067
G02 X10.454435 Y12.027872 Z-1.000000 I0.512340 J-1.911335
G02 X10.640692 Y12.044117 Z-1.000000 I0.218386 J-1.428030
G03 X10.701408 Y12.081064 Z-1.000000 I-0.001578 J0.070955
G01 X10.687722 Y12.130417 Z-1.000000
G03 X10.607990 Y12.160986 Z-1.000000 I-0.132197 J-0.225540
G03 X10.485667 Y12.175377 Z-1.000000 I-0.145661 J-0.711040
G01 X10.485664 Y12.175342 Z-1.000000
G00 Z5.000000

(End cutting path id: path2)


(Start cutting path id: path2)
(Change tool to Default tool)

G00 Z5.000000
G00 X10.406084 Y11.842029

G01 Z-1.000000 F100.0(Penetrate)
G03 X10.340188 Y11.836809 Z-1.000000 I0.000000 J-0.418573 F3500.000000
G03 X10.288262 Y11.822389 Z-1.000000 I0.037688 J-0.236405
G03 X10.265587 Y11.809332 Z-1.000000 I0.035790 J-0.088370
G01 X10.260872 Y11.802239 Z-1.000000
G01 X10.260872 Y11.800739 Z-1.000000
G01 X10.260872 Y11.800222 Z-1.000000
G01 X10.260872 Y11.799705 Z-1.000000
G01 X10.260872 Y11.799188 Z-1.000000
G01 X10.261389 Y11.798672 Z-1.000000
G01 X10.261906 Y11.798155 Z-1.000000
G01 X10.261906 Y11.797638 Z-1.000000
G01 X10.280565 Y11.785675 Z-1.000000
G03 X10.406083 Y11.775418 Z-1.000000 I0.125518 J0.762908
G03 X10.531234 Y11.786514 Z-1.000000 I0.000000 J0.711332
G01 X10.549744 Y11.798668 Z-1.000000
G01 X10.550260 Y11.799184 Z-1.000000
G01 X10.550522 Y11.799881 Z-1.000000
G01 X10.550777 Y11.800784 Z-1.000000
G01 X10.550777 Y11.801300 Z-1.000000
G01 X10.550777 Y11.801817 Z-1.000000
G01 X10.550777 Y11.802334 Z-1.000000
G01 X10.550600 Y11.802733 Z-1.000000
G01 X10.550260 Y11.803334 Z-1.000000
G01 X10.545630 Y11.810076 Z-1.000000
G03 X10.523390 Y11.822454 Z-1.000000 I-0.060627 J-0.082767
G03 X10.471691 Y11.836845 Z-1.000000 I-0.089923 J-0.222979
G03 X10.406084 Y11.842094 Z-1.000000 I-0.065607 J-0.407418
G01 X10.406084 Y11.842029 Z-1.000000
G00 Z5.000000

(End cutting path id: path2)


(Start cutting path id: path2)
(Change tool to Default tool)

G00 Z5.000000
G00 X10.719243 Y11.644625

G01 Z-1.000000 F100.0(Penetrate)
G03 X10.611405 Y11.637373 Z-1.000000 I0.030753 J-1.262696 F3500.000000
G03 X10.469129 Y11.616205 Z-1.000000 I0.209099 J-1.894139
G03 X10.206767 Y11.500067 Z-1.000000 I0.115377 J-0.615056
G03 X10.150286 Y11.374876 Z-1.000000 I0.086629 J-0.114420
G03 X10.245928 Y11.258029 Z-1.000000 I0.131273 J0.009884
G03 X10.572482 Y11.256020 Z-1.000000 I0.166936 J0.593761
G03 X10.687077 Y11.344590 Z-1.000000 I-0.048560 J0.181248
G03 X10.678419 Y11.442572 Z-1.000000 I-0.075219 J0.042727
G02 X10.667523 Y11.526768 Z-1.000000 I0.061112 J0.050711
G02 X10.738879 Y11.572280 Z-1.000000 I0.071356 J-0.033182
G03 X10.848959 Y11.596498 Z-1.000000 I0.000000 J0.262285
G01 X10.854118 Y11.625510 Z-1.000000
G01 X10.826952 Y11.638905 Z-1.000000
G03 X10.719242 Y11.644630 Z-1.000000 I-0.090945 J-0.694964
G01 X10.719243 Y11.644625 Z-1.000000
G00 Z5.000000

(End cutting path id: path2)


(Start cutting path id: path2)
(Change tool to Default tool)

G00 Z5.000000
G00 X10.677383 Y11.088070

G01 Z-1.000000 F100.0(Penetrate)
G03 X10.302608 Y11.025861 Z-1.000000 I0.017610 J-1.266101 F3500.000000
G03 X10.217980 Y10.909269 Z-1.000000 I0.038001 J-0.116592
G01 X10.251752 Y10.877811 Z-1.000000
G03 X10.504784 Y10.929939 Z-1.000000 I-0.069443 J0.977262
G03 X10.746722 Y11.040490 Z-1.000000 I-0.469840 J1.348246
G01 X10.750764 Y11.071015 Z-1.000000
G01 X10.728768 Y11.082983 Z-1.000000
G03 X10.677384 Y11.088065 Z-1.000000 I-0.048153 J-0.224584
G01 X10.677383 Y11.088070 Z-1.000000
G00 Z5.000000

(End cutting path id: path2)


(Start cutting path id: path2)
(Change tool to Default tool)

G00 Z5.000000
G00 X10.635013 Y10.758374

G01 Z-1.000000 F100.0(Penetrate)
G03 X10.593251 Y10.755911 Z-1.000000 I-0.001044 J-0.337599 F3500.000000
G03 X10.532693 Y10.746484 Z-1.000000 I0.110253 J-0.907461
G03 X10.278610 Y10.602108 Z-1.000000 I0.085189 J-0.445686
G03 X10.265010 Y10.444694 Z-1.000000 I0.098907 J-0.087840
G03 X10.538993 Y10.355363 Z-1.000000 I0.189801 J0.117304
G03 X10.745600 Y10.640548 Z-1.000000 I-0.125671 J0.308477
G03 X10.717086 Y10.722150 Z-1.000000 I-0.109037 J0.007682
G03 X10.635013 Y10.758370 Z-1.000000 I-0.082418 J-0.075659
G01 X10.635013 Y10.758374 Z-1.000000
G00 Z5.000000

(End cutting path id: path2)


(Start cutting path id: path2)
(Change tool to Default tool)

G00 Z5.000000
G00 X10.523392 Y10.160994

G01 Z-1.000000 F100.0(Penetrate)
G03 X10.349082 Y10.125143 Z-1.000000 I-0.002905 J-0.427561 F3500.000000
G03 X10.312035 Y10.068494 Z-1.000000 I0.024789 J-0.056649
G03 X10.376309 Y10.004220 Z-1.000000 I0.064274 J0.000000
G03 X10.594188 Y10.068494 Z-1.000000 I0.000000 J0.401429
G01 X10.603318 Y10.121205 Z-1.000000
G03 X10.523388 Y10.160994 Z-1.000000 I-0.080643 J-0.061822
G01 X10.523392 Y10.160994 Z-1.000000
G00 Z5.000000

(End cutting path id: path2)


(Start cutting path id: path2)
(Change tool to Default tool)

G00 Z5.000000
G00 X10.510989 Y9.828699

G01 Z-1.000000 F100.0(Penetrate)
G03 X10.389276 Y9.777655 Z-1.000000 I-0.002134 J-0.165544 F3500.000000
G03 X10.312035 Y9.585303 Z-1.000000 I0.200885 J-0.192352
G03 X10.368494 Y9.498447 Z-1.000000 I0.095039 J0.000000
G03 X10.496520 Y9.503133 Z-1.000000 I0.059219 J0.133321
G03 X10.621184 Y9.624043 Z-1.000000 I-0.148764 J0.278105
G03 X10.629845 Y9.735161 Z-1.000000 I-0.112476 J0.064663
G03 X10.573230 Y9.808304 Z-1.000000 I-0.149819 J-0.057483
G03 X10.510989 Y9.828691 Z-1.000000 I-0.063703 J-0.089279
G01 X10.510989 Y9.828699 Z-1.000000
G00 Z5.000000

(End cutting path id: path2)


(Start cutting path id: path2)
(Change tool to Default tool)

G00 Z5.000000
G00 X10.500139 Y9.317102

G01 Z-1.000000 F100.0(Penetrate)
G03 X10.359664 Y9.269248 Z-1.000000 I0.000000 J-0.230110 F3500.000000
G03 X10.312037 Y9.172408 Z-1.000000 I0.074640 J-0.096840
G03 X10.361361 Y9.110465 Z-1.000000 I0.063557 J0.000000
G03 X10.500139 Y9.128998 Z-1.000000 I0.044668 J0.194385
G03 X10.671611 Y9.239487 Z-1.000000 I-0.592432 J1.107715
G01 X10.688241 Y9.273175 Z-1.000000
G01 X10.668915 Y9.297563 Z-1.000000
G03 X10.500139 Y9.317105 Z-1.000000 I-0.168776 J-0.719037
G01 X10.500139 Y9.317102 Z-1.000000
G00 Z5.000000

(End cutting path id: path2)


(Start cutting path id: path2)
(Change tool to Default tool)

G00 Z5.000000
G00 X10.522359 Y8.993091

G01 Z-1.000000 F100.0(Penetrate)
G03 X10.497965 Y8.989483 Z-1.000000 I0.008674 J-0.142907 F3500.000000
G03 X10.457769 Y8.977071 Z-1.000000 I0.073196 J-0.308340
G03 X10.326717 Y8.910865 Z-1.000000 I0.259777 J-0.677023
G01 X10.312041 Y8.884051 Z-1.000000
G03 X10.386946 Y8.824891 Z-1.000000 I0.060815 J0.000000
G03 X10.546135 Y8.939861 Z-1.000000 I-0.059595 J0.250209
G01 X10.548274 Y8.977769 Z-1.000000
G01 X10.522365 Y8.993091 Z-1.000000
G01 X10.522359 Y8.993091 Z-1.000000
G00 Z5.000000

(End cutting path id: path2)


(Start cutting path id: path2)
(Change tool to Default tool)

G00 Z5.000000
G00 X10.721830 Y8.805506

G01 Z-1.000000 F100.0(Penetrate)
G03 X10.689729 Y8.798656 Z-1.000000 I0.001375 J-0.085093 F3500.000000
G03 X10.592122 Y8.751766 Z-1.000000 I0.489043 J-1.143023
G03 X10.435098 Y8.634964 Z-1.000000 I0.312372 J-0.583887
G03 X10.406087 Y8.564697 Z-1.000000 I0.070633 J-0.070285
G03 X10.519082 Y8.493138 Z-1.000000 I0.079163 J0.000010
G03 X10.725448 Y8.715593 Z-1.000000 I-0.174237 J0.368583
G03 X10.738852 Y8.788854 Z-1.000000 I-0.188511 J0.072348
G01 X10.721848 Y8.805513 Z-1.000000
G01 X10.721830 Y8.805506 Z-1.000000
G00 Z5.000000

(End cutting path id: path2)


(Start cutting path id: path2)
(Change tool to Default tool)

G00 Z5.000000
G00 X10.630360 Y8.367806

G01 Z-1.000000 F100.0(Penetrate)
G03 X10.611705 Y8.365777 Z-1.000000 I0.002799 J-0.112497 F3500.000000
G03 X10.583850 Y8.358506 Z-1.000000 I0.043246 J-0.222670
G03 X10.488914 Y8.285315 Z-1.000000 I0.056524 J-0.171483
G03 X10.423136 Y8.110975 Z-1.000000 I0.366551 J-0.237878
G03 X10.496651 Y7.985521 Z-1.000000 I0.114939 J-0.016913
G03 X10.688236 Y8.009690 Z-1.000000 I0.073140 J0.191648
G03 X10.743828 Y8.099672 Z-1.000000 I-0.078244 J0.110504
G03 X10.710976 Y8.157484 Z-1.000000 I-0.052994 J0.008126
G02 X10.646549 Y8.222481 Z-1.000000 I0.044292 J0.108334
G02 X10.653616 Y8.303212 Z-1.000000 I0.083667 J0.033351
G03 X10.657866 Y8.349483 Z-1.000000 I-0.044342 J0.027404
G01 X10.630366 Y8.367812 Z-1.000000
G01 X10.630360 Y8.367806 Z-1.000000
G00 Z5.000000

(End cutting path id: path2)


(Start cutting path id: path2)
(Change tool to Default tool)

G00 Z5.000000
G00 X10.740431 Y7.806083

G01 Z-1.000000 F100.0(Penetrate)
G03 X10.712263 Y7.802666 Z-1.000000 I-0.001574 J-0.104845 F3500.000000
G03 X10.648961 Y7.782313 Z-1.000000 I0.154328 J-0.588603
G02 X10.483599 Y7.725039 Z-1.000000 I-0.933728 J2.428499
G02 X10.445356 Y7.719263 Z-1.000000 I-0.038243 J0.123723
G01 X10.424081 Y7.701245 Z-1.000000
G03 X10.406086 Y7.484135 Z-1.000000 I1.300720 J-0.217110
G03 X10.515502 Y7.357941 Z-1.000000 I0.127480 J0.000000
G03 X10.734748 Y7.437115 Z-1.000000 I0.035177 J0.245740
G03 X10.819386 Y7.587167 Z-1.000000 I-0.290034 J0.262492
G01 X10.791078 Y7.625217 Z-1.000000
G02 X10.739125 Y7.659829 Z-1.000000 I0.000000 J0.056296
G02 X10.745088 Y7.735288 Z-1.000000 I0.076480 J0.031922
G03 X10.758460 Y7.788892 Z-1.000000 I-0.077184 J0.047724
G01 X10.740388 Y7.806088 Z-1.000000
G01 X10.740431 Y7.806083 Z-1.000000
G00 Z5.000000

(End cutting path id: path2)


(Start cutting path id: path2)
(Change tool to Default tool)

G00 Z5.000000
G00 X10.909929 Y7.339962

G01 Z-1.000000 F100.0(Penetrate)
G03 X10.812063 Y7.316219 Z-1.000000 I-0.005510 J-0.190861 F3500.000000
G03 X10.580751 Y7.158061 Z-1.000000 I0.715441 J-1.294586
G03 X10.447825 Y7.004357 Z-1.000000 I0.403084 J-0.482924
G01 X10.466029 Y6.970476 Z-1.000000
G03 X10.563889 Y6.994095 Z-1.000000 I0.005532 J0.191623
G03 X10.795208 Y7.151860 Z-1.000000 I-0.703056 J1.279302
G03 X10.928232 Y7.305975 Z-1.000000 I-0.401482 J0.481004
G01 X10.909929 Y7.339962 Z-1.000000
G01 X10.909929 Y7.339962 Z-1.000000
G00 Z5.000000

(End cutting path id: path2)


(Start cutting path id: path2)
(Change tool to Default tool)

G00 Z5.000000
G00 X10.861359 Y6.942049

G01 Z-1.000000 F100.0(Penetrate)
G03 X10.840107 Y6.935739 Z-1.000000 I0.010462 J-0.074182 F3500.000000
G03 X10.702712 Y6.870219 Z-1.000000 I4.095561 J-8.765156
G03 X10.556380 Y6.729340 Z-1.000000 I0.144481 J-0.296512
G03 X10.536831 Y6.559644 Z-1.000000 I0.204715 J-0.109557
G02 X10.577545 Y6.354357 Z-1.000000 I-1.509230 J-0.406004
G02 X10.592641 Y6.130213 Z-1.000000 I-1.811388 J-0.234575
G03 X10.659827 Y6.046662 Z-1.000000 I0.086164 J0.000499
G03 X10.805548 Y6.082153 Z-1.000000 I0.037131 J0.164448
G02 X11.018604 Y6.258306 Z-1.000000 I10.047978 J-11.936078
G02 X11.061346 Y6.289892 Z-1.000000 I0.367631 J-0.452757
G01 X11.066076 Y6.319332 Z-1.000000
G03 X10.967296 Y6.410298 Z-1.000000 I-0.324414 J-0.253165
G02 X10.927196 Y6.504476 Z-1.000000 I0.050632 J0.077184
G02 X11.010186 Y6.639225 Z-1.000000 I0.216829 J-0.040611
G03 X11.024579 Y6.759946 Z-1.000000 I-0.051403 J0.067347
G03 X10.890296 Y6.787019 Z-1.000000 I-0.083532 J-0.067762
G02 X10.653246 Y6.686163 Z-1.000000 I-0.683337 J1.277103
G01 X10.624163 Y6.695549 Z-1.000000
G01 X10.623571 Y6.696410 Z-1.000000
G01 X10.623163 Y6.697049 Z-1.000000
G01 X10.627143 Y6.720562 Z-1.000000
G02 X10.740469 Y6.831408 Z-1.000000 I0.615320 J-0.515734
G03 X10.856864 Y6.926626 Z-1.000000 I-4.559894 J5.692818
G01 X10.865526 Y6.938895 Z-1.000000
G01 X10.866042 Y6.939412 Z-1.000000
G01 X10.866042 Y6.939928 Z-1.000000
G01 X10.866042 Y6.940445 Z-1.000000
G01 X10.866042 Y6.940962 Z-1.000000
G01 X10.865526 Y6.940962 Z-1.000000
G01 X10.865526 Y6.941479 Z-1.000000
G01 X10.865009 Y6.941479 Z-1.000000
G01 X10.864492 Y6.941995 Z-1.000000
G01 X10.863726 Y6.942021 Z-1.000000
G01 X10.862392 Y6.941995 Z-1.000000
G01 X10.861875 Y6.941995 Z-1.000000
G01 X10.861359 Y6.942049 Z-1.000000
G00 Z5.000000

(End cutting path id: path2)


(Start cutting path id: path2)
(Change tool to Default tool)

G00 Z5.000000
G00 X10.952309 Y5.931776

G01 Z-1.000000 F100.0(Penetrate)
G03 X10.809805 Y5.903337 Z-1.000000 I-0.002858 J-0.356935 F3500.000000
G03 X10.735268 Y5.839276 Z-1.000000 I0.063419 J-0.149183
G01 X10.734751 Y5.839276 Z-1.000000
G01 X10.767963 Y5.779707 Z-1.000000
G03 X10.969879 Y5.839276 Z-1.000000 I-0.000000 J0.371995
G03 X10.994452 Y5.896587 Z-1.000000 I-0.030352 J0.046938
G01 X10.952309 Y5.931776 Z-1.000000
G01 X10.952309 Y5.931776 Z-1.000000
G00 Z5.000000

(End cutting path id: path2)


(Start cutting path id: path2)
(Change tool to Default tool)

G00 Z5.000000
G00 X10.886159 Y5.651173

G01 Z-1.000000 F100.0(Penetrate)
G03 X10.786144 Y5.591596 Z-1.000000 I0.000000 J-0.113739 F3500.000000
G03 X10.759035 Y5.416562 Z-1.000000 I0.231772 J-0.125513
G03 X10.926030 Y5.237872 Z-1.000000 I0.225162 J0.043048
G03 X11.100100 Y5.327162 Z-1.000000 I0.037198 J0.141802
G03 X11.092138 Y5.396066 Z-1.000000 I-0.069880 J0.026837
G01 X11.046870 Y5.405712 Z-1.000000
G01 X11.003338 Y5.417327 Z-1.000000
G02 X10.998290 Y5.495112 Z-1.000000 I0.081979 J0.044377
G03 X10.984604 Y5.600745 Z-1.000000 I-0.104638 J0.040146
G03 X10.886152 Y5.651175 Z-1.000000 I-0.098452 J-0.070887
G01 X10.886159 Y5.651173 Z-1.000000
G00 Z5.000000

(End cutting path id: path2)


(Start cutting path id: path2)
(Change tool to Default tool)

G00 Z5.000000
G00 X11.002431 Y4.957159

G01 Z-1.000000 F100.0(Penetrate)
G01 X11.000383 Y4.956921 Z-1.000000 F3500.000000
G01 X10.998331 Y4.956642 Z-1.000000
G03 X10.984648 Y4.953417 Z-1.000000 I0.006975 J-0.060239
G03 X10.968871 Y4.945792 Z-1.000000 I0.029143 J-0.080431
G03 X10.930673 Y4.884443 Z-1.000000 I0.042827 J-0.069232
G03 X10.945101 Y4.703429 Z-1.000000 I0.514585 J-0.050066
G03 X11.011948 Y4.611459 Z-1.000000 I0.151110 J0.039554
G01 X11.068608 Y4.624369 Z-1.000000
G03 X11.108459 Y4.873475 Z-1.000000 I-0.279082 J0.172386
G03 X11.006598 Y4.957165 Z-1.000000 I-0.106324 J-0.025577
G03 X11.004473 Y4.957226 Z-1.000000 I-0.003651 J-0.089666
G01 X11.002498 Y4.957165 Z-1.000000
G01 X11.002431 Y4.957159 Z-1.000000
G00 Z5.000000

(End cutting path id: path2)


(Start cutting path id: path2)
(Change tool to Default tool)

G00 Z5.000000
G00 X11.772410 Y2.173827

G01 Z-1.000000 F100.0(Penetrate)
G03 X11.737738 Y2.157707 Z-1.000000 I0.006290 J-0.058878 F3500.000000
G03 X11.674740 Y2.079777 Z-1.000000 I0.273660 J-0.285652
G03 X11.670223 Y2.015681 Z-1.000000 I0.058720 J-0.036345
G03 X11.716080 Y1.985727 Z-1.000000 I0.045857 J0.020124
G03 X11.787407 Y2.014022 Z-1.000000 I0.000000 J0.104049
G03 X11.815810 Y2.079777 Z-1.000000 I-0.061912 J0.065755
G03 X11.799530 Y2.157452 Z-1.000000 I-0.193437 J0.000000
G01 X11.774470 Y2.173827 Z-1.000000
G03 X11.773656 Y2.173821 Z-1.000000 I0.000000 J-0.053407
G01 X11.772970 Y2.173827 Z-1.000000
G01 X11.772410 Y2.173827 Z-1.000000
G00 Z5.000000

(End cutting path id: path2)


(Start cutting path id: path2)
(Change tool to Default tool)

G00 Z5.000000
G00 X11.821500 Y1.797626

G01 Z-1.000000 F100.0(Penetrate)
G03 X11.750167 Y1.769332 Z-1.000000 I-0.000000 J-0.104068 F3500.000000
G03 X11.721760 Y1.703576 Z-1.000000 I0.061903 J-0.065756
G03 X11.738040 Y1.625901 Z-1.000000 I0.193437 J-0.000000
G01 X11.763100 Y1.609526 Z-1.000000
G01 X11.797114 Y1.623013 Z-1.000000
G03 X11.862840 Y1.703576 Z-1.000000 I-0.271739 J0.288786
G03 X11.867357 Y1.767672 Z-1.000000 I-0.058720 J0.036345
G03 X11.821500 Y1.797626 Z-1.000000 I-0.045857 J-0.020124
G01 X11.821500 Y1.797626 Z-1.000000
G00 Z5.000000

(End cutting path id: path2)


(Start cutting path id: path2)
(Change tool to Default tool)

G00 Z5.000000
G00 X12.340848 Y0.457645

G01 Z-1.000000 F100.0(Penetrate)
G01 X12.320291 Y0.449805 Z-1.000000 F3500.000000
G03 X12.241108 Y0.388915 Z-1.000000 I0.784537 J-1.102166
G03 X12.112208 Y0.267137 Z-1.000000 I0.885280 J-1.066160
G03 X12.097965 Y0.235436 Z-1.000000 I0.039532 J-0.036811
G01 X12.097965 Y0.234919 Z-1.000000
G03 X12.176675 Y0.187192 Z-1.000000 I0.053825 J-0.000000
G03 X12.324824 Y0.353258 Z-1.000000 I-0.145361 J0.278793
G03 X12.352338 Y0.439171 Z-1.000000 I-0.741921 J0.284964
G01 X12.349114 Y0.454544 Z-1.000000
G01 X12.349114 Y0.455061 Z-1.000000
G01 X12.348597 Y0.455578 Z-1.000000
G01 X12.348080 Y0.456094 Z-1.000000
G01 X12.347564 Y0.456094 Z-1.000000
G01 X12.347047 Y0.456611 Z-1.000000
G01 X12.344949 Y0.457259 Z-1.000000
G01 X12.341847 Y0.457611 Z-1.000000
G01 X12.341331 Y0.457611 Z-1.000000
G01 X12.340848 Y0.457645 Z-1.000000
G00 Z5.000000

(End cutting path id: path2)


(Start cutting path id: path2)
(Change tool to Default tool)

G00 Z5.000000
G00 X29.345495 Y0.998745

G01 Z-1.000000 F100.0(Penetrate)
G01 X29.524295 Y0.786872 Z-1.000000 F3500.000000
G03 X29.704815 Y0.590743 Z-1.000000 I2.464343 J2.087080
G03 X29.735135 Y0.575515 Z-1.000000 I0.038129 J0.038119
G01 X29.735652 Y0.575515 Z-1.000000
G01 X29.752748 Y0.609228 Z-1.000000
G03 X29.556851 Y0.819428 Z-1.000000 I-0.984253 J-0.720898
G01 X29.345495 Y0.998745 Z-1.000000
G00 Z5.000000

(End cutting path id: path2)


(Start cutting path id: path2)
(Change tool to Default tool)

G00 Z5.000000
G00 X35.748724 Y4.483288

G01 Z-1.000000 F100.0(Penetrate)
G03 X35.643092 Y4.469024 Z-1.000000 I0.000143 J-0.399325 F3500.000000
G01 X35.633486 Y4.444528 Z-1.000000
G03 X35.685957 Y4.405855 Z-1.000000 I0.074694 J0.046411
G03 X35.921840 Y4.368568 Z-1.000000 I0.306196 J1.172294
G03 X36.114255 Y4.380482 Z-1.000000 I0.045864 J0.819007
G01 X36.121828 Y4.404738 Z-1.000000
G03 X36.009072 Y4.462423 Z-1.000000 I-0.145611 J-0.145580
G03 X35.748724 Y4.483288 Z-1.000000 I-0.259847 J-1.607599
G01 X35.748724 Y4.483288 Z-1.000000
G00 Z5.000000

(End cutting path id: path2)


(Start cutting path id: path2)
(Change tool to Default tool)

G00 Z5.000000
G00 X35.451589 Y6.841797

G01 Z-1.000000 F100.0(Penetrate)
G01 X35.422658 Y6.827100 Z-1.000000 F3500.000000
G03 X35.407659 Y6.784957 Z-1.000000 I0.051703 J-0.042143
G03 X35.435953 Y6.713624 Z-1.000000 I0.104068 J-0.000000
G03 X35.501709 Y6.685217 Z-1.000000 I0.065756 J0.061903
G03 X35.579384 Y6.701497 Z-1.000000 I0.000000 J0.193437
G01 X35.595759 Y6.726557 Z-1.000000
G01 X35.582272 Y6.760571 Z-1.000000
G03 X35.501709 Y6.826297 Z-1.000000 I-0.288786 J-0.271739
G03 X35.476156 Y6.838250 Z-1.000000 I-0.063811 J-0.103118
G03 X35.456749 Y6.841797 Z-1.000000 I-0.022266 J-0.066972
G03 X35.454149 Y6.841858 Z-1.000000 I-0.002954 J-0.070899
G01 X35.451549 Y6.841797 Z-1.000000
G01 X35.451589 Y6.841797 Z-1.000000
G00 Z5.000000

(End cutting path id: path2)


(Start cutting path id: path2)
(Change tool to Default tool)

G00 Z5.000000
G00 X27.465507 Y15.615451

G01 Z-1.000000 F100.0(Penetrate)
G01 X27.183354 Y15.555501 Z-1.000000 F3500.000000
G03 X26.911968 Y15.475451 Z-1.000000 I0.379383 J-1.786231
G03 X26.812317 Y15.413908 Z-1.000000 I0.111163 J-0.291447
G01 X26.847168 Y15.340978 Z-1.000000
G03 X27.230379 Y15.476958 Z-1.000000 I-0.159287 J1.056857
G01 X27.465507 Y15.615451 Z-1.000000
G00 Z5.000000

(End cutting path id: path2)


(Start cutting path id: path2)
(Change tool to Default tool)

G00 Z5.000000
G00 X27.928528 Y16.273288

G01 Z-1.000000 F100.0(Penetrate)
G03 X27.828932 Y16.245427 Z-1.000000 I0.003066 J-0.202908 F3500.000000
G03 X27.540955 Y16.035060 Z-1.000000 I0.899251 J-1.533300
G01 X27.277405 Y15.798381 Z-1.000000
G01 X27.559558 Y15.859871 Z-1.000000
G03 X27.836429 Y15.936543 Z-1.000000 I-0.554566 J2.540845
G03 X28.123348 Y16.050041 Z-1.000000 I-0.962408 J2.852339
G01 X28.405501 Y16.178715 Z-1.000000
G01 X28.138851 Y16.127555 Z-1.000000
G02 X27.951416 Y16.130605 Z-1.000000 I-0.086433 J0.449266
G01 X27.933179 Y16.174065 Z-1.000000
G03 X27.951454 Y16.252774 Z-1.000000 I-0.107469 J0.066429
G01 X27.928479 Y16.273285 Z-1.000000
G01 X27.928528 Y16.273288 Z-1.000000
G00 Z5.000000

(End cutting path id: path2)


(Start cutting path id: path2)
(Change tool to Default tool)

G00 Z5.000000
G00 X26.666589 Y16.137896

G01 Z-1.000000 F100.0(Penetrate)
G03 X26.508440 Y16.107945 Z-1.000000 I-0.000000 J-0.432506 F3500.000000
G01 X26.478487 Y16.063996 Z-1.000000
G01 X26.508439 Y16.020048 Z-1.000000
G03 X26.666589 Y15.990096 Z-1.000000 I0.158150 J0.402549
G03 X26.824737 Y16.020045 Z-1.000000 I-0.000000 J0.432532
G01 X26.854692 Y16.063996 Z-1.000000
G01 X26.824740 Y16.107944 Z-1.000000
G03 X26.666589 Y16.137896 Z-1.000000 I-0.158151 J-0.402553
G01 X26.666589 Y16.137896 Z-1.000000
G00 Z5.000000

(End cutting path id: path2)


(Start cutting path id: path2)
(Change tool to Default tool)

G00 Z5.000000
G00 X26.282633 Y16.542522

G01 Z-1.000000 F100.0(Penetrate)
G03 X26.232634 Y16.539218 Z-1.000000 I-0.009438 J-0.237110 F3500.000000
G03 X26.178764 Y16.523922 Z-1.000000 I0.045716 J-0.263522
G03 X26.143930 Y16.505203 Z-1.000000 I0.065512 J-0.163682
G01 X26.135874 Y16.495502 Z-1.000000
G01 X26.135481 Y16.493655 Z-1.000000
G03 X26.135358 Y16.491902 Z-1.000000 I0.099845 J-0.007862
G01 X26.135358 Y16.491385 Z-1.000000
G01 X26.135358 Y16.490869 Z-1.000000
G01 X26.135874 Y16.490352 Z-1.000000
G01 X26.135874 Y16.489835 Z-1.000000
G01 X26.135874 Y16.489318 Z-1.000000
G01 X26.135874 Y16.488802 Z-1.000000
G01 X26.150824 Y16.478650 Z-1.000000
G03 X26.235614 Y16.467612 Z-1.000000 I0.104672 J0.472876
G03 X26.353078 Y16.487531 Z-1.000000 I0.011853 J0.286404
G01 X26.359121 Y16.516702 Z-1.000000
G03 X26.331216 Y16.533808 Z-1.000000 I-0.049654 J-0.049686
G03 X26.282641 Y16.542542 Z-1.000000 I-0.055988 J-0.171943
G01 X26.282633 Y16.542522 Z-1.000000
G00 Z5.000000

(End cutting path id: path2)


(Start cutting path id: path2)
(Change tool to Default tool)

G00 Z5.000000
G00 X26.564270 Y16.687733

G01 Z-1.000000 F100.0(Penetrate)
G03 X26.497632 Y16.674760 Z-1.000000 I-0.002602 J-0.164275 F3500.000000
G01 X26.478490 Y16.645873 Z-1.000000
G03 X26.506883 Y16.589511 Z-1.000000 I0.070137 J-0.000000
G03 X26.642821 Y16.524433 Z-1.000000 I0.236264 J0.319002
G03 X26.887348 Y16.501472 Z-1.000000 I0.192474 J0.736218
G01 X26.908438 Y16.542523 Z-1.000000
G03 X26.776023 Y16.649478 Z-1.000000 I-0.218453 J-0.135009
G03 X26.564273 Y16.687734 Z-1.000000 I-0.222257 J-0.625051
G01 X26.564270 Y16.687733 Z-1.000000
G00 Z5.000000

(End cutting path id: path2)


(Start cutting path id: path2)
(Change tool to Default tool)

G00 Z5.000000
G00 X26.543599 Y17.355313

G01 Z-1.000000 F100.0(Penetrate)
G03 X26.475942 Y17.351682 Z-1.000000 I-0.004411 J-0.550001 F3500.000000
G03 X26.407174 Y17.338773 Z-1.000000 I0.057256 J-0.494625
G03 X26.275176 Y17.253222 Z-1.000000 I0.063392 J-0.242414
G03 X26.259896 Y17.155322 Z-1.000000 I0.077531 J-0.062243
G03 X26.329619 Y17.051431 Z-1.000000 I0.262145 J0.100588
G03 X26.399939 Y17.023547 Z-1.000000 I0.070320 J0.074726
G01 X26.441434 Y17.050398 Z-1.000000
G03 X26.437659 Y17.107777 Z-1.000000 I-0.055956 J0.025132
G02 X26.438183 Y17.174186 Z-1.000000 I0.052965 J0.032788
G02 X26.526029 Y17.245753 Z-1.000000 I0.152979 J-0.098078
G02 X26.632104 Y17.249733 Z-1.000000 I0.058866 J-0.153370
G01 X26.666589 Y17.203383 Z-1.000000
G01 X26.697440 Y17.162209 Z-1.000000
G03 X26.772526 Y17.172373 Z-1.000000 I0.026140 J0.089315
G03 X26.775400 Y17.281809 Z-1.000000 I-0.034399 J0.055659
G03 X26.543599 Y17.355307 Z-1.000000 I-0.235106 J-0.339204
G01 X26.543599 Y17.355313 Z-1.000000
G00 Z5.000000

(End cutting path id: path2)


(Start cutting path id: path2)
(Change tool to Default tool)

G00 Z5.000000
G00 X27.330632 Y17.865359

G01 Z-1.000000 F100.0(Penetrate)
G01 X27.330632 Y17.864842 Z-1.000000 F3500.000000
G01 X27.330115 Y17.864842 Z-1.000000
G01 X27.329427 Y17.864640 Z-1.000000
G01 X27.328515 Y17.864325 Z-1.000000
G01 X27.327999 Y17.864325 Z-1.000000
G01 X27.327482 Y17.863808 Z-1.000000
G01 X27.326965 Y17.863292 Z-1.000000
G01 X27.326448 Y17.863292 Z-1.000000
G01 X27.325932 Y17.862775 Z-1.000000
G01 X27.321883 Y17.846334 Z-1.000000
G03 X27.350732 Y17.751671 Z-1.000000 I0.767702 J0.182232
G02 X27.346241 Y17.632800 Z-1.000000 I-0.144281 J-0.054070
G02 X27.274252 Y17.586823 Z-1.000000 I-0.071989 J0.033372
G03 X27.168764 Y17.554266 Z-1.000000 I0.000000 J-0.187176
G03 X27.136276 Y17.492773 Z-1.000000 I0.041953 J-0.061493
G03 X27.207077 Y17.435933 Z-1.000000 I0.058217 J0.000000
G03 X27.465972 Y17.565633 Z-1.000000 I-0.128232 J0.579205
G03 X27.610136 Y17.693458 Z-1.000000 I-4.312514 J5.008948
G01 X27.619451 Y17.705677 Z-1.000000
G01 X27.619451 Y17.706193 Z-1.000000
G01 X27.619451 Y17.706710 Z-1.000000
G01 X27.618934 Y17.706710 Z-1.000000
G01 X27.617924 Y17.706309 Z-1.000000
G01 X27.615834 Y17.705210 Z-1.000000
G01 X27.578541 Y17.704222 Z-1.000000
G02 X27.432900 Y17.799260 Z-1.000000 I0.385116 J0.749283
G03 X27.352836 Y17.859045 Z-1.000000 I-0.778311 J-0.958813
G01 X27.332648 Y17.865410 Z-1.000000
G01 X27.332131 Y17.865410 Z-1.000000
G01 X27.331614 Y17.865410 Z-1.000000
G01 X27.331097 Y17.865410 Z-1.000000
G01 X27.330632 Y17.865359 Z-1.000000
G00 Z5.000000

(End cutting path id: path2)


(Start cutting path id: path2)
(Change tool to Default tool)

G00 Z5.000000
G00 X27.635006 Y18.140281

G01 Z-1.000000 F100.0(Penetrate)
G03 X27.621537 Y18.140366 Z-1.000000 I-0.007947 J-0.192787 F3500.000000
G03 X27.609166 Y18.139765 Z-1.000000 I0.008908 J-0.311136
G03 X27.565500 Y18.130583 Z-1.000000 I0.011094 J-0.161177
G03 X27.536816 Y18.112375 Z-1.000000 I0.026408 J-0.073300
G01 X27.537532 Y18.080269 Z-1.000000
G03 X27.597276 Y18.057085 Z-1.000000 I0.059744 J0.065387
G02 X27.702512 Y18.030123 Z-1.000000 I0.000000 J-0.218856
G02 X27.854625 Y17.916009 Z-1.000000 I-0.323032 J-0.589039
G03 X27.982115 Y17.861541 Z-1.000000 I0.131595 J0.131578
G01 X28.017922 Y17.912409 Z-1.000000
G03 X27.874242 Y18.075133 Z-1.000000 I-0.290032 J-0.111294
G03 X27.635000 Y18.140302 Z-1.000000 I-0.262247 J-0.491011
G01 X27.635006 Y18.140281 Z-1.000000
G00 Z5.000000

(End cutting path id: path2)


(Start cutting path id: path2)
(Change tool to Default tool)

G00 Z5.000000
G00 X28.315068 Y17.587853

G01 Z-1.000000 F100.0(Penetrate)
G01 X28.315584 Y17.587853 Z-1.000000 F3500.000000
G01 X28.316101 Y17.587853 Z-1.000000
G01 X28.316609 Y17.587849 Z-1.000000
G01 X28.317101 Y17.587853 Z-1.000000
G01 X28.342098 Y17.571541 Z-1.000000
G02 X28.358441 Y17.493803 Z-1.000000 I-0.176710 J-0.077738
G02 X28.330039 Y17.428052 Z-1.000000 I-0.090309 J0.000000
G02 X28.258701 Y17.399753 Z-1.000000 I-0.071338 J0.075768
G02 X28.212861 Y17.429723 Z-1.000000 I-0.000000 J0.050042
G02 X28.217361 Y17.493803 Z-1.000000 I0.063372 J0.027748
G02 X28.280356 Y17.571709 Z-1.000000 I0.336457 J-0.207640
G02 X28.315031 Y17.587853 Z-1.000000 I0.041055 J-0.042870
G01 X28.315068 Y17.587853 Z-1.000000
G00 Z5.000000

(End cutting path id: path2)


(Start cutting path id: path2)
(Change tool to Default tool)

G00 Z5.000000
G00 X28.443225 Y17.617313

G01 Z-1.000000 F100.0(Penetrate)
G03 X27.649636 Y17.418517 Z-1.000000 I0.017045 J-1.751438 F3500.000000
G03 X27.564726 Y17.109334 Z-1.000000 I0.101328 J-0.194078
G02 X27.564807 Y17.051757 Z-1.000000 I-0.046701 J-0.028855
G02 X27.446903 Y16.917097 Z-1.000000 I-0.454685 J0.279163
G02 X27.346204 Y16.841871 Z-1.000000 I-0.962367 J1.183244
G01 X27.327531 Y16.839067 Z-1.000000
G01 X27.327014 Y16.839584 Z-1.000000
G01 X27.326497 Y16.839584 Z-1.000000
G01 X27.325981 Y16.840100 Z-1.000000
G01 X27.325464 Y16.840617 Z-1.000000
G01 X27.324947 Y16.841134 Z-1.000000
G01 X27.324430 Y16.841134 Z-1.000000
G01 X27.320965 Y16.857937 Z-1.000000
G02 X27.351820 Y16.955339 Z-1.000000 I0.946692 J-0.246306
G01 X27.323280 Y17.018031 Z-1.000000
G03 X27.205059 Y17.010119 Z-1.000000 I-0.050359 J-0.134715
G02 X27.008027 Y16.916623 Z-1.000000 I-1.064574 J1.989107
G02 X26.973548 Y16.912969 Z-1.000000 I-0.023381 J0.056128
G01 X26.973032 Y16.912969 Z-1.000000
G01 X26.972515 Y16.913486 Z-1.000000
G01 X26.971998 Y16.914003 Z-1.000000
G03 X26.756322 Y16.951504 Z-1.000000 I-0.149577 J-0.221298
G03 X26.666590 Y16.835973 Z-1.000000 I0.029507 J-0.115531
G03 X26.790609 Y16.720790 Z-1.000000 I0.115498 J0.000000
G03 X26.980266 Y16.859223 Z-1.000000 I-0.016394 J0.221593
G01 X27.007246 Y16.861067 Z-1.000000
G02 X27.035046 Y16.763103 Z-1.000000 I-0.184092 J-0.105168
G03 X27.113283 Y16.670205 Z-1.000000 I0.098293 J0.003387
G03 X27.335286 Y16.700573 Z-1.000000 I0.068255 J0.327679
G02 X27.619018 Y16.793489 Z-1.000000 I0.428305 J-0.828228
G02 X27.718726 Y16.761033 Z-1.000000 I0.017937 J-0.114282
G03 X27.810729 Y16.741249 Z-1.000000 I0.061313 J0.061313
G03 X28.037052 Y16.881439 Z-1.000000 I-0.245885 J0.649740
G03 X28.140448 Y17.101943 Z-1.000000 I-0.220405 J0.237842
G03 X28.053072 Y17.180129 Z-1.000000 I-0.075072 J0.004020
G02 X27.943706 Y17.166397 Z-1.000000 I-0.228257 J1.375558
G01 X27.930082 Y17.168759 Z-1.000000
G01 X27.929565 Y17.168759 Z-1.000000
G01 X27.929565 Y17.169276 Z-1.000000
G01 X27.929049 Y17.169276 Z-1.000000
G01 X27.929049 Y17.169793 Z-1.000000
G01 X27.928532 Y17.169793 Z-1.000000
G01 X27.928532 Y17.170310 Z-1.000000
G01 X27.928532 Y17.170827 Z-1.000000
G01 X27.929049 Y17.171343 Z-1.000000
G01 X27.929565 Y17.171860 Z-1.000000
G01 X27.935115 Y17.175576 Z-1.000000
G02 X27.959025 Y17.185300 Z-1.000000 I0.098972 J-0.209094
G03 X28.053886 Y17.241443 Z-1.000000 I-0.087763 J0.256497
G03 X28.076330 Y17.292270 Z-1.000000 I-0.046329 J0.050827
G01 X28.103019 Y17.333625 Z-1.000000
G02 X28.240661 Y17.366170 Z-1.000000 I0.152341 J-0.336962
G03 X28.402428 Y17.386422 Z-1.000000 I-0.038277 J0.961930
G03 X28.593095 Y17.441100 Z-1.000000 I-0.294843 J1.387929
G02 X28.697137 Y17.475202 Z-1.000000 I0.576404 J-1.582816
G01 X28.714018 Y17.474170 Z-1.000000
G01 X28.714534 Y17.474170 Z-1.000000
G01 X28.715051 Y17.473653 Z-1.000000
G01 X28.715568 Y17.473653 Z-1.000000
G01 X28.716085 Y17.473137 Z-1.000000
G01 X28.716601 Y17.472620 Z-1.000000
G01 X28.716601 Y17.472103 Z-1.000000
G01 X28.716601 Y17.471586 Z-1.000000
G01 X28.717118 Y17.471070 Z-1.000000
G01 X28.717137 Y17.470405 Z-1.000000
G02 X28.717118 Y17.469470 Z-1.000000 I-0.161035 J0.002822
G01 X28.707620 Y17.450145 Z-1.000000
G02 X28.569840 Y17.322192 Z-1.000000 I-2.820441 J2.898904
G03 X28.465092 Y17.111559 Z-1.000000 I0.208149 J-0.234874
G03 X28.546590 Y17.023503 Z-1.000000 I0.081498 J-0.006314
G03 X28.687291 Y17.070566 Z-1.000000 I-0.000000 J0.233853
G03 X28.734175 Y17.164579 Z-1.000000 I-0.070816 J0.094013
G02 X28.768606 Y17.271180 Z-1.000000 I0.182237 J-0.000000
G02 X28.835978 Y17.305656 Z-1.000000 I0.067372 J-0.048590
G03 X28.888147 Y17.412782 Z-1.000000 I0.000000 J0.066266
G03 X28.606018 Y17.599178 Z-1.000000 I-0.419939 J-0.328906
G03 X28.531358 Y17.613033 Z-1.000000 I-0.126054 J-0.471162
G03 X28.443237 Y17.617268 Z-1.000000 I-0.080808 J-0.762592
G01 X28.443225 Y17.617313 Z-1.000000
G00 Z5.000000

(End cutting path id: path2)


(Start cutting path id: path2)
(Change tool to Default tool)

G00 Z5.000000
G00 X28.981177 Y18.092221

G01 Z-1.000000 F100.0(Penetrate)
G03 X28.886077 Y18.085350 Z-1.000000 I-0.011691 J-0.499752 F3500.000000
G03 X28.734163 Y18.050361 Z-1.000000 I0.221562 J-1.309252
G03 X28.584727 Y18.004233 Z-1.000000 I1.533374 J-5.232574
G01 X28.568282 Y17.992481 Z-1.000000
G01 X28.567765 Y17.991964 Z-1.000000
G01 X28.567765 Y17.991447 Z-1.000000
G01 X28.567249 Y17.990930 Z-1.000000
G01 X28.567249 Y17.990414 Z-1.000000
G01 X28.567249 Y17.989897 Z-1.000000
G01 X28.567249 Y17.989380 Z-1.000000
G01 X28.567249 Y17.988863 Z-1.000000
G01 X28.567765 Y17.988347 Z-1.000000
G01 X28.567765 Y17.987830 Z-1.000000
G01 X28.568282 Y17.987313 Z-1.000000
G01 X28.568799 Y17.986796 Z-1.000000
G01 X28.590475 Y17.978183 Z-1.000000
G03 X28.781189 Y17.961476 Z-1.000000 I0.630969 J6.105759
G02 X28.932107 Y17.941106 Z-1.000000 I-0.087843 J-1.220075
G01 X28.951204 Y17.928916 Z-1.000000
G01 X28.951721 Y17.928399 Z-1.000000
G01 X28.952238 Y17.927882 Z-1.000000
G01 X28.952238 Y17.927365 Z-1.000000
G01 X28.952238 Y17.926849 Z-1.000000
G01 X28.952238 Y17.926332 Z-1.000000
G01 X28.952755 Y17.925815 Z-1.000000
G01 X28.952238 Y17.925298 Z-1.000000
G01 X28.952238 Y17.924782 Z-1.000000
G01 X28.952238 Y17.924265 Z-1.000000
G01 X28.952238 Y17.923748 Z-1.000000
G01 X28.951721 Y17.923231 Z-1.000000
G01 X28.942415 Y17.914735 Z-1.000000
G02 X28.893841 Y17.897391 Z-1.000000 I-0.121123 J0.262525
G03 X28.814924 Y17.824138 Z-1.000000 I0.028504 J-0.109844
G03 X28.833891 Y17.721175 Z-1.000000 I0.101417 J-0.034546
G03 X28.989305 Y17.686089 Z-1.000000 I0.100496 J0.083402
G03 X29.135681 Y17.861218 Z-1.000000 I-0.112533 J0.242794
G03 X29.108284 Y18.022640 Z-1.000000 I-0.192578 J0.050351
G03 X28.981169 Y18.092211 Z-1.000000 I-0.130694 J-0.087881
G01 X28.981177 Y18.092221 Z-1.000000
G00 Z5.000000

(End cutting path id: path2)


(Start cutting path id: path2)
(Change tool to Default tool)

G00 Z5.000000
G00 X28.629260 Y18.326831

G01 Z-1.000000 F100.0(Penetrate)
G03 X28.549949 Y18.323039 Z-1.000000 I-0.008188 J-0.660101 F3500.000000
G03 X28.477848 Y18.309781 Z-1.000000 I0.053481 J-0.493521
G03 X28.441277 Y18.297076 Z-1.000000 I0.060331 J-0.232640
G01 X28.433408 Y18.290661 Z-1.000000
G01 X28.432891 Y18.290144 Z-1.000000
G01 X28.432891 Y18.289627 Z-1.000000
G01 X28.432891 Y18.289111 Z-1.000000
G01 X28.432374 Y18.288594 Z-1.000000
G01 X28.432374 Y18.288077 Z-1.000000
G01 X28.432374 Y18.287560 Z-1.000000
G01 X28.432374 Y18.287043 Z-1.000000
G01 X28.432891 Y18.286527 Z-1.000000
G01 X28.432891 Y18.286010 Z-1.000000
G01 X28.432891 Y18.285493 Z-1.000000
G01 X28.433408 Y18.284976 Z-1.000000
G01 X28.450993 Y18.274541 Z-1.000000
G03 X28.593088 Y18.263276 Z-1.000000 I0.155059 J1.054119
G03 X28.754548 Y18.272173 Z-1.000000 I0.014915 J1.198859
G01 X28.780156 Y18.284466 Z-1.000000
G01 X28.780673 Y18.284982 Z-1.000000
G02 X28.781210 Y18.285708 Z-1.000000 I0.181223 J-0.133368
G01 X28.781673 Y18.286582 Z-1.000000
G01 X28.781673 Y18.287098 Z-1.000000
G01 X28.782189 Y18.287615 Z-1.000000
G01 X28.782189 Y18.288132 Z-1.000000
G01 X28.782189 Y18.288649 Z-1.000000
G01 X28.782189 Y18.289166 Z-1.000000
G01 X28.782189 Y18.289682 Z-1.000000
G01 X28.782189 Y18.290199 Z-1.000000
G01 X28.782189 Y18.290716 Z-1.000000
G01 X28.781673 Y18.291233 Z-1.000000
G01 X28.781156 Y18.291749 Z-1.000000
G01 X28.780639 Y18.292266 Z-1.000000
G01 X28.780639 Y18.292783 Z-1.000000
G01 X28.780122 Y18.293300 Z-1.000000
G01 X28.780122 Y18.293816 Z-1.000000
G01 X28.774376 Y18.298949 Z-1.000000
G03 X28.759452 Y18.306736 Z-1.000000 I-0.047713 J-0.073252
G03 X28.708300 Y18.320626 Z-1.000000 I-0.083432 J-0.206118
G03 X28.629227 Y18.326886 Z-1.000000 I-0.086409 J-0.588934
G01 X28.629260 Y18.326831 Z-1.000000
G00 Z5.000000

(End cutting path id: path2)


(Start cutting path id: path2)
(Change tool to Default tool)

G00 Z5.000000
G00 X29.010632 Y18.526867

G01 Z-1.000000 F100.0(Penetrate)
G03 X28.946598 Y18.502692 Z-1.000000 I0.000000 J-0.096894 F3500.000000
G03 X28.922262 Y18.448837 Z-1.000000 I0.047423 J-0.053855
G03 X28.951007 Y18.399163 Z-1.000000 I0.057293 J0.000000
G03 X29.059204 Y18.370287 Z-1.000000 I0.108197 J0.188265
G03 X29.140621 Y18.401275 Z-1.000000 I-0.000000 J0.122450
G01 X29.147574 Y18.448837 Z-1.000000
G03 X29.087668 Y18.506538 Z-1.000000 I-0.142636 J-0.088138
G03 X29.010632 Y18.526867 Z-1.000000 I-0.077036 J-0.135801
G01 X29.010632 Y18.526867 Z-1.000000
G00 Z5.000000

(End cutting path id: path2)


(Start cutting path id: path2)
(Change tool to Default tool)

G00 Z5.000000
G00 X29.916003 Y19.336113

G01 Z-1.000000 F100.0(Penetrate)
G03 X29.879565 Y19.315512 Z-1.000000 I0.006723 J-0.054417 F3500.000000
G03 X29.821433 Y19.212606 Z-1.000000 I0.310531 J-0.243291
G03 X29.790392 Y19.116877 Z-1.000000 I0.935603 J-0.356276
G01 X29.793013 Y19.102019 Z-1.000000
G01 X29.793013 Y19.101502 Z-1.000000
G01 X29.793529 Y19.101502 Z-1.000000
G01 X29.794046 Y19.100985 Z-1.000000
G01 X29.794563 Y19.100468 Z-1.000000
G01 X29.795080 Y19.100468 Z-1.000000
G01 X29.795080 Y19.099952 Z-1.000000
G01 X29.795596 Y19.099952 Z-1.000000
G01 X29.809095 Y19.102933 Z-1.000000
G03 X29.873626 Y19.159892 Z-1.000000 I-0.452639 J0.577845
G03 X29.949336 Y19.275863 Z-1.000000 I-0.232947 J0.234773
G01 X29.938226 Y19.328358 Z-1.000000
G01 X29.927553 Y19.334980 Z-1.000000
G01 X29.916006 Y19.336158 Z-1.000000
G01 X29.916003 Y19.336113 Z-1.000000
G00 Z5.000000

(End cutting path id: path2)


(Start cutting path id: path2)
(Change tool to Default tool)

G00 Z5.000000
G00 X28.506787 Y21.117954

G01 Z-1.000000 F100.0(Penetrate)
G03 X27.840211 Y21.081342 Z-1.000000 I0.169945 J-9.180441 F3500.000000
G03 X27.726473 Y21.028034 Z-1.000000 I0.016822 J-0.183881
G03 X27.759805 Y20.733003 Z-1.000000 I0.134237 J-0.134233
G03 X28.566215 Y20.500935 Z-1.000000 I0.806410 J1.285058
G02 X28.856010 Y20.457804 Z-1.000000 I0.000000 J-0.995129
G01 X28.875240 Y20.406885 Z-1.000000
G01 X28.884038 Y20.349295 Z-1.000000
G03 X28.987378 Y20.309735 Z-1.000000 I0.106112 J0.122434
G01 X29.028378 Y20.262757 Z-1.000000
G02 X28.969288 Y20.156256 Z-1.000000 I-0.159573 J0.018892
G01 X28.781186 Y20.005361 Z-1.000000
G01 X28.969288 Y20.077191 Z-1.000000
G02 X29.159933 Y20.138762 Z-1.000000 I0.685372 J-1.796213
G02 X29.392001 Y20.189846 Z-1.000000 I0.701630 J-2.634743
G02 X29.542471 Y20.210977 Z-1.000000 I0.390611 J-2.235183
G01 X29.564084 Y20.204836 Z-1.000000
G01 X29.564601 Y20.204319 Z-1.000000
G01 X29.565117 Y20.203802 Z-1.000000
G01 X29.565634 Y20.203286 Z-1.000000
G01 X29.566151 Y20.202769 Z-1.000000
G03 X29.566409 Y20.202073 Z-1.000000 I0.052840 J0.019172
G01 X29.566668 Y20.201169 Z-1.000000
G01 X29.566687 Y20.200446 Z-1.000000
G01 X29.566668 Y20.199569 Z-1.000000
G01 X29.558290 Y20.180856 Z-1.000000
G02 X29.462798 Y20.097250 Z-1.000000 I-1.227239 J1.305372
G03 X29.321605 Y19.952239 Z-1.000000 I0.556128 J-0.682730
G03 X29.298467 Y19.884343 Z-1.000000 I0.088049 J-0.067896
G01 X29.323446 Y19.865706 Z-1.000000
G03 X29.411122 Y19.917933 Z-1.000000 I-0.059097 J0.198917
G02 X29.563659 Y19.952968 Z-1.000000 I0.104241 J-0.104272
G02 X29.627129 Y19.843003 Z-1.000000 I-0.031769 J-0.091636
G03 X29.697837 Y19.737752 Z-1.000000 I0.088357 J-0.017018
G03 X29.862257 Y19.795973 Z-1.000000 I0.033397 J0.166962
G03 X29.899794 Y19.899380 Z-1.000000 I-0.125266 J0.103989
G01 X29.862774 Y19.936533 Z-1.000000
G02 X29.801831 Y19.979543 Z-1.000000 I0.000000 J0.064682
G02 X29.795594 Y20.124635 Z-1.000000 I0.232479 J0.082673
G03 X29.804205 Y20.296228 Z-1.000000 I-0.407466 J0.106461
G03 X29.757874 Y20.365964 Z-1.000000 I-0.098964 J-0.015492
G02 X29.713454 Y20.429524 Z-1.000000 I0.051430 J0.083244
G02 X29.727904 Y20.511175 Z-1.000000 I0.110123 J0.022616
G03 X29.722006 Y20.946536 Z-1.000000 I-0.344711 J0.213050
G03 X29.394591 Y21.019154 Z-1.000000 I-0.201013 J-0.131894
G02 X29.320794 Y21.008519 Z-1.000000 I-0.049132 J0.079576
G02 X29.256098 Y21.056874 Z-1.000000 I0.029083 J0.106368
G03 X29.174025 Y21.105649 Z-1.000000 I-0.087762 J-0.054237
G03 X28.506790 Y21.117854 Z-1.000000 I-0.499001 J-9.035266
G01 X28.506787 Y21.117954 Z-1.000000
G00 Z5.000000

(End cutting path id: path2)


(Start cutting path id: path2)
(Change tool to Default tool)

G00 Z5.000000
G00 X26.287284 Y21.088504

G01 Z-1.000000 F100.0(Penetrate)
G03 X26.030400 Y21.068861 Z-1.000000 I-0.005093 J-1.622958 F3500.000000
G01 X26.008748 Y21.043544 Z-1.000000
G02 X25.981322 Y20.998884 Z-1.000000 I-0.050074 J0.000000
G02 X25.867672 Y20.971714 Z-1.000000 I-0.113650 J0.224106
G03 X25.788824 Y20.880001 Z-1.000000 I0.000000 J-0.079750
G03 X25.918312 Y20.638918 Z-1.000000 I0.403012 J0.061145
G03 X26.048924 Y20.528699 Z-1.000000 I1.662415 J1.837504
G01 X26.069724 Y20.523163 Z-1.000000
G01 X26.070240 Y20.523163 Z-1.000000
G01 X26.070757 Y20.523163 Z-1.000000
G01 X26.071548 Y20.523402 Z-1.000000
G01 X26.072357 Y20.523679 Z-1.000000
G01 X26.072874 Y20.524196 Z-1.000000
G01 X26.073391 Y20.524713 Z-1.000000
G01 X26.073391 Y20.525230 Z-1.000000
G01 X26.073908 Y20.525746 Z-1.000000
G01 X26.074424 Y20.526263 Z-1.000000
G01 X26.076226 Y20.542476 Z-1.000000
G03 X26.050134 Y20.622893 Z-1.000000 I-0.782546 J-0.209460
G02 X26.068791 Y20.745413 Z-1.000000 I0.116926 J0.044876
G02 X26.254772 Y20.881792 Z-1.000000 I0.339968 J-0.268615
G02 X26.497301 Y20.906138 Z-1.000000 I0.166425 J-0.437713
G02 X26.640278 Y20.818232 Z-1.000000 I-0.036047 J-0.218857
G02 X26.817257 Y20.254796 Z-1.000000 I-0.741791 J-0.542514
G02 X26.614958 Y19.696854 Z-1.000000 I-0.928892 J0.021152
G02 X26.524316 Y19.590853 Z-1.000000 I-1.564034 J1.245658
G01 X26.504887 Y19.582649 Z-1.000000
G01 X26.504370 Y19.582649 Z-1.000000
G01 X26.503854 Y19.582649 Z-1.000000
G01 X26.503337 Y19.582649 Z-1.000000
G01 X26.502527 Y19.583175 Z-1.000000
G01 X26.501837 Y19.583649 Z-1.000000
G01 X26.501320 Y19.584166 Z-1.000000
G01 X26.500803 Y19.584683 Z-1.000000
G01 X26.500286 Y19.585199 Z-1.000000
G01 X26.494026 Y19.611101 Z-1.000000
G02 X26.528706 Y19.819810 Z-1.000000 I4.086980 J-0.571870
G03 X26.503289 Y20.026998 Z-1.000000 I-0.333328 J0.064261
G03 X26.415535 Y20.063723 Z-1.000000 I-0.063993 J-0.029704
G03 X26.249810 Y19.990862 Z-1.000000 I0.431067 J-1.205381
G03 X26.126147 Y19.911278 Z-1.000000 I0.395186 J-0.749937
G02 X26.055544 Y19.915866 Z-1.000000 I-0.032705 J0.042258
G02 X26.008841 Y20.029100 Z-1.000000 I0.113920 J0.113234
G03 X25.970503 Y20.225622 Z-1.000000 I-0.522858 J0.000000
G03 X25.804203 Y20.533979 Z-1.000000 I-1.488481 J-0.603730
G03 X25.599325 Y20.830677 Z-1.000000 I-353.152448 J-243.641531
G02 X25.582511 Y20.855923 Z-1.000000 I0.725525 J0.501443
G01 X25.582511 Y20.856440 Z-1.000000
G01 X25.581994 Y20.856440 Z-1.000000
G01 X25.581477 Y20.856956 Z-1.000000
G03 X25.539868 Y20.857029 Z-1.000000 I-0.020915 J-0.062960
G03 X25.021822 Y20.672988 Z-1.000000 I3.551931 J-10.819239
G03 X24.517704 Y20.401599 Z-1.000000 I0.799246 J-2.088540
G03 X23.741796 Y19.754698 Z-1.000000 I4.049619 J-5.645982
G03 X23.119256 Y18.994111 Z-1.000000 I2.919914 J-3.025018
G03 X22.987837 Y18.574925 Z-1.000000 I0.706727 J-0.451759
G02 X22.944573 Y18.113124 Z-1.000000 I-4.235213 J0.163853
G02 X22.903607 Y18.010619 Z-1.000000 I-0.237380 J0.035429
G03 X22.625565 Y17.239107 Z-1.000000 I1.275704 J-0.895604
G03 X22.824547 Y17.023599 Z-1.000000 I0.198982 J-0.015892
G02 X22.877245 Y16.994107 Z-1.000000 I-0.000000 J-0.061827
G02 X22.906707 Y16.889757 Z-1.000000 I-0.170063 J-0.104350
G03 X22.947632 Y16.788167 Z-1.000000 I0.146554 J-0.000000
G03 X23.071555 Y16.718191 Z-1.000000 I0.178845 J0.172005
G03 X23.304254 Y16.738112 Z-1.000000 I0.085114 J0.374825
G01 X23.301515 Y16.813791 Z-1.000000
G02 X23.226532 Y16.878612 Z-1.000000 I0.041123 J0.123350
G02 X23.188860 Y17.037034 Z-1.000000 I0.314270 J0.158422
G03 X23.150445 Y17.153912 Z-1.000000 I-0.197009 J0.000000
G01 X23.094810 Y17.164674 Z-1.000000
G02 X23.029717 Y17.158629 Z-1.000000 I-0.038633 J0.062514
G01 X23.000760 Y17.200844 Z-1.000000
G02 X23.117762 Y17.384306 Z-1.000000 I0.202337 J0.000000
G02 X23.261726 Y17.322283 Z-1.000000 I0.044305 J-0.095253
G03 X23.376037 Y17.279766 Z-1.000000 I0.074271 J0.024757
G03 X23.471016 Y17.446824 Z-1.000000 I-0.099430 J0.167058
G03 X23.420001 Y17.630965 Z-1.000000 I-0.357842 J0.000000
G03 X23.329939 Y17.681951 Z-1.000000 I-0.090062 J-0.054050
G02 X23.221630 Y17.714758 Z-1.000000 I-0.000000 J0.195192
G02 X23.188862 Y17.776001 Z-1.000000 I0.040849 J0.061243
G02 X23.313632 Y17.878685 Z-1.000000 I0.104638 J0.000000
G02 X23.510807 Y17.712951 Z-1.000000 I-0.051178 J-0.261045
G03 X23.588726 Y17.639542 Z-1.000000 I0.115178 J0.044198
G03 X23.675654 Y17.660761 Z-1.000000 I0.026012 J0.082106
G02 X23.794081 Y17.719768 Z-1.000000 I0.147339 J-0.147364
G02 X24.045658 Y17.712441 Z-1.000000 I0.104228 J-0.743971
G03 X24.311509 Y17.694952 Z-1.000000 I0.198925 J0.994487
G03 X24.948445 Y17.771871 Z-1.000000 I-0.391156 J5.914540
G03 X26.538755 Y18.638673 Z-1.000000 I-0.492414 J2.795687
G03 X27.084749 Y20.078707 Z-1.000000 I-1.505580 J1.394371
G02 X27.100816 Y20.729409 Z-1.000000 I6.956248 J0.153786
G02 X27.142629 Y20.880726 Z-1.000000 I0.397776 J-0.028481
G03 X27.141695 Y20.984538 Z-1.000000 I-0.101118 J0.051000
G03 X27.058399 Y21.040406 Z-1.000000 I-0.093411 J-0.049242
G03 X26.560267 Y21.079664 Z-1.000000 I-1.382459 J-14.361706
G03 X26.287386 Y21.088466 Z-1.000000 I-0.287716 J-4.685356
G01 X26.287284 Y21.088504 Z-1.000000
G00 Z5.000000

(End cutting path id: path2)


(Start cutting path id: path2)
(Change tool to Default tool)

G00 Z5.000000
G00 X26.301754 Y19.373883

G01 Z-1.000000 F100.0(Penetrate)
G01 X26.343701 Y19.344902 Z-1.000000 F3500.000000
G02 X26.337414 Y19.279833 Z-1.000000 I-0.069154 J-0.026157
G02 X26.266554 Y19.208876 Z-1.000000 I-0.186221 J0.115105
G02 X26.185486 Y19.185783 Z-1.000000 I-0.081068 J0.130752
G01 X26.143275 Y19.214754 Z-1.000000
G02 X26.149316 Y19.279833 Z-1.000000 I0.068637 J0.026448
G02 X26.220428 Y19.350840 Z-1.000000 I0.185493 J-0.114655
G02 X26.301762 Y19.373883 Z-1.000000 I0.081334 J-0.132020
G01 X26.301754 Y19.373883 Z-1.000000
G00 Z5.000000

(End cutting path id: path2)


(Start cutting path id: path2)
(Change tool to Default tool)

G00 Z5.000000
G00 X23.564970 Y19.279783

G01 Z-1.000000 F100.0(Penetrate)
G02 X23.626672 Y19.247616 Z-1.000000 I-0.000000 J-0.075261 F3500.000000
G02 X23.658500 Y19.146458 Z-1.000000 I-0.144838 J-0.101158
G03 X23.692022 Y19.036754 Z-1.000000 I0.196268 J-0.000000
G03 X23.776322 Y18.971274 Z-1.000000 I0.141856 J0.095623
G02 X23.840534 Y18.916279 Z-1.000000 I-0.040263 J-0.111996
G01 X23.834202 Y18.864821 Z-1.000000
G02 X23.620913 Y18.855015 Z-1.000000 I-0.111599 J0.102863
G02 X23.470917 Y19.192450 Z-1.000000 I0.304554 J0.337435
G02 X23.497437 Y19.253263 Z-1.000000 I0.082985 J0.000000
G02 X23.564967 Y19.279780 Z-1.000000 I0.067530 J-0.072730
G01 X23.564970 Y19.279783 Z-1.000000
G00 Z5.000000

(End cutting path id: path2)


(Start cutting path id: path2)
(Change tool to Default tool)

G00 Z5.000000
G00 X23.611995 Y18.809527

G01 Z-1.000000 F100.0(Penetrate)
G02 X23.720584 Y18.777407 Z-1.000000 I0.000000 J-0.199614 F3500.000000
G02 X23.752555 Y18.718577 Z-1.000000 I-0.038140 J-0.058830
G01 X23.785697 Y18.675763 Z-1.000000
G03 X23.893632 Y18.681887 Z-1.000000 I0.044409 J0.171551
G02 X24.000314 Y18.685808 Z-1.000000 I0.059074 J-0.154018
G01 X24.034709 Y18.639517 Z-1.000000
G02 X24.007092 Y18.561962 Z-1.000000 I-0.122705 J0.000000
G02 X23.917403 Y18.495856 Z-1.000000 I-0.173517 J0.141523
G01 X23.917732 Y18.469646 Z-1.000000
G03 X24.063647 Y18.441076 Z-1.000000 I0.158676 J0.423498
G02 X24.258089 Y18.396039 Z-1.000000 I-0.014221 J-0.503651
G01 X24.273454 Y18.345476 Z-1.000000
G03 X24.272383 Y18.271153 Z-1.000000 I0.061570 J-0.038056
G03 X24.375773 Y18.169259 Z-1.000000 I0.237308 J0.137392
G02 X24.457248 Y18.117099 Z-1.000000 I-0.398447 J-0.712092
G01 X24.464143 Y18.102079 Z-1.000000
G01 X24.464143 Y18.101562 Z-1.000000
G01 X24.463897 Y18.100781 Z-1.000000
G02 X24.463626 Y18.100062 Z-1.000000 I-0.051448 J0.018984
G01 X24.463626 Y18.099545 Z-1.000000
G01 X24.446971 Y18.088668 Z-1.000000
G02 X24.307563 Y18.081975 Z-1.000000 I-0.133792 J1.331467
G02 X24.102945 Y18.135337 Z-1.000000 I0.001779 J0.425809
G02 X23.776329 Y18.376014 Z-1.000000 I0.764258 J1.379114
G02 X23.549425 Y18.718944 Z-1.000000 I0.645385 J0.673559
G02 X23.611998 Y18.809579 Z-1.000000 I0.062573 J0.023717
G01 X23.611995 Y18.809527 Z-1.000000
G00 Z5.000000

(End cutting path id: path2)


(Start cutting path id: path2)
(Change tool to Default tool)

G00 Z5.000000
G00 X25.642879 Y22.937476

G01 Z-1.000000 F100.0(Penetrate)
G03 X25.590135 Y22.920732 Z-1.000000 I0.012255 J-0.130046 F3500.000000
G03 X25.513688 Y22.862026 Z-1.000000 I0.179462 J-0.312824
G03 X25.456755 Y22.797928 Z-1.000000 I0.549137 J-0.545090
G01 X25.453748 Y22.784516 Z-1.000000
G01 X25.453748 Y22.784000 Z-1.000000
G01 X25.453748 Y22.783483 Z-1.000000
G01 X25.454265 Y22.783483 Z-1.000000
G01 X25.454265 Y22.782966 Z-1.000000
G01 X25.454782 Y22.782449 Z-1.000000
G01 X25.455299 Y22.781933 Z-1.000000
G01 X25.455299 Y22.781416 Z-1.000000
G01 X25.470236 Y22.778766 Z-1.000000
G03 X25.566403 Y22.809836 Z-1.000000 I-0.253217 J0.948118
G03 X25.682252 Y22.885272 Z-1.000000 I-0.116119 J0.305000
G01 X25.682158 Y22.926625 Z-1.000000
G01 X25.666558 Y22.935571 Z-1.000000
G03 X25.642888 Y22.937475 Z-1.000000 I-0.017197 J-0.065712
G01 X25.642879 Y22.937476 Z-1.000000
G00 Z5.000000

(End cutting path id: path2)


(Start cutting path id: path2)
(Change tool to Default tool)

G00 Z5.000000
G00 X25.522990 Y23.602639

G01 Z-1.000000 F100.0(Penetrate)
G03 X25.478918 Y23.583041 Z-1.000000 I0.008991 J-0.079574 F3500.000000
G03 X25.256856 Y23.367512 Z-1.000000 I2.222604 J-2.512132
G03 X25.085459 Y23.166315 Z-1.000000 I1.974456 J-1.855614
G01 X25.078056 Y23.136518 Z-1.000000
G01 X25.078056 Y23.136001 Z-1.000000
G01 X25.078573 Y23.135484 Z-1.000000
G01 X25.078573 Y23.134968 Z-1.000000
G01 X25.078573 Y23.134451 Z-1.000000
G01 X25.079089 Y23.133934 Z-1.000000
G01 X25.079606 Y23.133417 Z-1.000000
G01 X25.080123 Y23.133417 Z-1.000000
G01 X25.080123 Y23.132901 Z-1.000000
G01 X25.080640 Y23.132901 Z-1.000000
G01 X25.081156 Y23.132901 Z-1.000000
G01 X25.081673 Y23.132901 Z-1.000000
G01 X25.082309 Y23.132903 Z-1.000000
G01 X25.082673 Y23.132901 Z-1.000000
G03 X25.123074 Y23.148085 Z-1.000000 I0.000002 J0.061333
G03 X25.350357 Y23.367512 Z-1.000000 I-2.134406 J2.438251
G03 X25.521771 Y23.569160 Z-1.000000 I-1.936740 J1.820033
G01 X25.529157 Y23.599022 Z-1.000000
G01 X25.529157 Y23.599539 Z-1.000000
G01 X25.529157 Y23.600055 Z-1.000000
G01 X25.528640 Y23.600055 Z-1.000000
G01 X25.528640 Y23.600572 Z-1.000000
G01 X25.528124 Y23.601089 Z-1.000000
G01 X25.528124 Y23.601606 Z-1.000000
G01 X25.527607 Y23.601606 Z-1.000000
G01 X25.527090 Y23.602123 Z-1.000000
G01 X25.526573 Y23.602123 Z-1.000000
G01 X25.526056 Y23.602639 Z-1.000000
G01 X25.525540 Y23.602639 Z-1.000000
G01 X25.524904 Y23.602637 Z-1.000000
G01 X25.524540 Y23.602639 Z-1.000000
G01 X25.524023 Y23.602639 Z-1.000000
G01 X25.523023 Y23.602639 Z-1.000000
G01 X25.522990 Y23.602639 Z-1.000000
G00 Z5.000000

(End cutting path id: path2)


(Start cutting path id: path2)
(Change tool to Default tool)

G00 Z5.000000
G00 X25.853202 Y23.602639

G01 Z-1.000000 F100.0(Penetrate)
G03 X25.781411 Y23.569673 Z-1.000000 I0.012937 J-0.122830 F3500.000000
G03 X25.654248 Y23.414537 Z-1.000000 I0.538277 J-0.570902
G03 X25.570688 Y23.260846 Z-1.000000 I1.226076 J-0.766160
G03 X25.566398 Y23.230569 Z-1.000000 I0.047375 J-0.022155
G01 X25.566398 Y23.230052 Z-1.000000
G01 X25.566398 Y23.229535 Z-1.000000
G01 X25.566398 Y23.229019 Z-1.000000
G01 X25.566915 Y23.228502 Z-1.000000
G01 X25.566915 Y23.227985 Z-1.000000
G01 X25.567432 Y23.227985 Z-1.000000
G01 X25.567432 Y23.227468 Z-1.000000
G01 X25.567948 Y23.227468 Z-1.000000
G01 X25.567948 Y23.226952 Z-1.000000
G01 X25.568465 Y23.226952 Z-1.000000
G01 X25.568982 Y23.226952 Z-1.000000
G01 X25.569499 Y23.226952 Z-1.000000
G01 X25.570015 Y23.226435 Z-1.000000
G01 X25.598347 Y23.237516 Z-1.000000
G03 X25.773621 Y23.414537 Z-1.000000 I-1.890799 J2.047421
G03 X25.877033 Y23.572969 Z-1.000000 I-0.454231 J0.409451
G01 X25.857851 Y23.602639 Z-1.000000
G01 X25.855580 Y23.602699 Z-1.000000
G01 X25.853151 Y23.602639 Z-1.000000
G01 X25.853202 Y23.602639 Z-1.000000
G00 Z5.000000

(End cutting path id: path2)


(Start cutting path id: path2)
(Change tool to Default tool)

G00 Z5.000000
G00 X25.316284 Y23.948353

G01 Z-1.000000 F100.0(Penetrate)
G03 X25.284875 Y23.938127 Z-1.000000 I0.006303 J-0.072708 F3500.000000
G03 X25.209831 Y23.884793 Z-1.000000 I0.318198 J-0.527187
G03 X25.105839 Y23.751792 Z-1.000000 I0.252901 J-0.304896
G03 X25.079606 Y23.614525 Z-1.000000 I0.244861 J-0.117936
G03 X25.087910 Y23.535562 Z-1.000000 I1.205101 J0.086813
G01 X25.093046 Y23.521505 Z-1.000000
G01 X25.093563 Y23.520989 Z-1.000000
G01 X25.094080 Y23.520472 Z-1.000000
G01 X25.094596 Y23.519955 Z-1.000000
G01 X25.095113 Y23.519955 Z-1.000000
G01 X25.095630 Y23.519955 Z-1.000000
G01 X25.096147 Y23.519955 Z-1.000000
G01 X25.096663 Y23.519955 Z-1.000000
G01 X25.097180 Y23.519955 Z-1.000000
G01 X25.097697 Y23.520472 Z-1.000000
G01 X25.098214 Y23.520989 Z-1.000000
G01 X25.098730 Y23.521505 Z-1.000000
G01 X25.107066 Y23.536284 Z-1.000000
G03 X25.133350 Y23.625892 Z-1.000000 I-1.505055 J0.490116
G02 X25.200091 Y23.759969 Z-1.000000 I0.353770 J-0.092451
G02 X25.263574 Y23.790739 Z-1.000000 I0.063483 J-0.050102
G03 X25.322613 Y23.818629 Z-1.000000 I0.000000 J0.076433
G03 X25.350394 Y23.896159 Z-1.000000 I-0.094292 J0.077530
G03 X25.339961 Y23.936790 Z-1.000000 I-0.084337 J-0.000000
G01 X25.320934 Y23.948349 Z-1.000000
G02 X25.318743 Y23.948412 Z-1.000000 I0.005709 J0.235067
G01 X25.316234 Y23.948349 Z-1.000000
G01 X25.316284 Y23.948353 Z-1.000000
G00 Z5.000000

(End cutting path id: path2)


(Start cutting path id: path2)
(Change tool to Default tool)

G00 Z5.000000
G00 X24.419698 Y24.779319

G01 Z-1.000000 F100.0(Penetrate)
G01 X24.412148 Y24.777238 Z-1.000000 F3500.000000
G03 X24.402128 Y24.772119 Z-1.000000 I0.029386 J-0.069886
G03 X24.343029 Y24.704928 Z-1.000000 I0.080972 J-0.130807
G03 X24.316858 Y24.584017 Z-1.000000 I0.266225 J-0.120911
G01 X24.365461 Y24.552191 Z-1.000000
G03 X24.437781 Y24.636727 Z-1.000000 I-0.050929 J0.116773
G03 X24.445992 Y24.759068 Z-1.000000 I-0.315487 J0.082622
G01 X24.421761 Y24.779354 Z-1.000000
G01 X24.421244 Y24.779354 Z-1.000000
G01 X24.420728 Y24.779354 Z-1.000000
G01 X24.420211 Y24.779354 Z-1.000000
G01 X24.419698 Y24.779319 Z-1.000000
G00 Z5.000000

(End cutting path id: path2)


(Start cutting path id: path2)
(Change tool to Default tool)

G00 Z5.000000
G00 X23.749972 Y24.449106

G01 Z-1.000000 F100.0(Penetrate)
G01 X23.735448 Y24.442784 Z-1.000000 F3500.000000
G03 X23.635250 Y24.366426 Z-1.000000 I2.704562 J-3.652882
G02 X23.511145 Y24.320259 Z-1.000000 I-0.134400 J0.171396
G01 X23.470919 Y24.358626 Z-1.000000
G03 X23.445422 Y24.417995 Z-1.000000 I-0.081869 J-0.000000
G01 X23.408909 Y24.417536 Z-1.000000
G03 X23.396875 Y24.354212 Z-1.000000 I0.040502 J-0.040502
G03 X23.517946 Y24.166388 Z-1.000000 I0.632407 J0.274715
G03 X23.689080 Y24.029056 Z-1.000000 I0.513804 J0.464976
G01 X23.744289 Y24.037714 Z-1.000000
G01 X23.748626 Y24.085494 Z-1.000000
G03 X23.678659 Y24.141583 Z-1.000000 I-0.115897 J-0.072888
G02 X23.632746 Y24.206691 Z-1.000000 I0.023208 J0.065108
G02 X23.678659 Y24.340021 Z-1.000000 I0.216551 J-0.000000
G03 X23.747786 Y24.431656 Z-1.000000 I-2.667330 J2.084057
G01 X23.753589 Y24.445441 Z-1.000000
G01 X23.753589 Y24.445958 Z-1.000000
G01 X23.753589 Y24.446474 Z-1.000000
G01 X23.753589 Y24.446991 Z-1.000000
G01 X23.753589 Y24.447508 Z-1.000000
G01 X23.753072 Y24.448025 Z-1.000000
G01 X23.753072 Y24.448541 Z-1.000000
G01 X23.752555 Y24.448541 Z-1.000000
G01 X23.752039 Y24.448541 Z-1.000000
G01 X23.751522 Y24.449058 Z-1.000000
G01 X23.751005 Y24.449058 Z-1.000000
G01 X23.750488 Y24.449058 Z-1.000000
G01 X23.749972 Y24.449106 Z-1.000000
G00 Z5.000000

(End cutting path id: path2)


(Start cutting path id: path2)
(Change tool to Default tool)

G00 Z5.000000
G00 X23.429578 Y23.925613

G01 Z-1.000000 F100.0(Penetrate)
G01 X23.403019 Y23.900603 Z-1.000000 F3500.000000
G03 X23.336558 Y23.649661 Z-1.000000 I1.696818 J-0.583669
G02 X23.232865 Y23.296182 Z-1.000000 I-1.832728 J0.345684
G02 X23.156724 Y23.204727 Z-1.000000 I-0.180818 J0.073117
G03 X23.103464 Y23.159516 Z-1.000000 I0.137318 J-0.215745
G01 X23.103494 Y23.145297 Z-1.000000
G01 X23.117175 Y23.138618 Z-1.000000
G03 X23.169124 Y23.133927 Z-1.000000 I0.055763 J0.327543
G01 X23.206137 Y23.096463 Z-1.000000
G02 X23.169124 Y23.002152 Z-1.000000 I-0.138661 J-0.000000
G02 X23.054283 Y22.943239 Z-1.000000 I-0.138437 J0.128472
G02 X22.978955 Y22.978382 Z-1.000000 I-0.009748 J0.077409
G03 X22.934896 Y23.033660 Z-1.000000 I-0.296469 J-0.191102
G01 X22.921595 Y23.036262 Z-1.000000
G01 X22.920758 Y23.035734 Z-1.000000
G01 X22.920095 Y23.035262 Z-1.000000
G01 X22.913275 Y23.023427 Z-1.000000
G03 X22.908205 Y22.974802 Z-1.000000 I0.261979 J-0.051892
G03 X22.933659 Y22.875077 Z-1.000000 I0.198024 J-0.002568
G03 X23.052899 Y22.717970 Z-1.000000 I0.631734 J0.355667
G02 X23.148329 Y22.550047 Z-1.000000 I-0.257567 J-0.257452
G02 X23.209996 Y22.100436 Z-1.000000 I-1.966467 J-0.498748
G03 X23.250675 Y21.669899 Z-1.000000 I3.034450 J0.069515
G03 X23.288026 Y21.629147 Z-1.000000 I0.050022 J0.008355
G01 X23.289042 Y21.628946 Z-1.000000
G01 X23.290626 Y21.628631 Z-1.000000
G02 X23.350585 Y21.561632 Z-1.000000 I0.000000 J-0.060329
G02 X23.251356 Y21.276197 Z-1.000000 I-0.676657 J0.075269
G03 X23.212922 Y21.158678 Z-1.000000 I0.218163 J-0.136394
G03 X23.235856 Y21.064841 Z-1.000000 I0.156373 J-0.011503
G02 X23.236229 Y21.003116 Z-1.000000 I-0.050346 J-0.031168
G02 X23.179016 Y20.970791 Z-1.000000 I-0.057213 J0.034469
G03 X23.123019 Y20.946291 Z-1.000000 I0.000000 J-0.076243
G01 X23.123726 Y20.910331 Z-1.000000
G03 X23.186128 Y20.893228 Z-1.000000 I0.046210 J0.046210
G03 X23.315962 Y20.959421 Z-1.000000 I-0.082336 J0.321925
G02 X23.416742 Y20.972331 Z-1.000000 I0.060567 J-0.072990
G02 X23.498897 Y20.873641 Z-1.000000 I-0.064081 J-0.136886
G03 X23.587202 Y20.796927 Z-1.000000 I0.100246 J0.026212
G03 X23.745394 Y20.845221 Z-1.000000 I0.023810 J0.205240
G03 X23.914001 Y21.025335 Z-1.000000 I-0.728547 J0.850975
G03 X23.942798 Y21.109287 Z-1.000000 I-0.115913 J0.086676
G02 X23.966589 Y21.198288 Z-1.000000 I0.193346 J-0.004003
G02 X24.120048 Y21.433299 Z-1.000000 I1.604393 J-0.880039
G03 X24.229930 Y21.672841 Z-1.000000 I-0.467431 J0.359391
G03 X24.220817 Y21.916990 Z-1.000000 I-0.499118 J0.103616
G02 X24.196817 Y22.160816 Z-1.000000 I0.653340 J0.187404
G02 X24.250787 Y22.277175 Z-1.000000 I0.185785 J-0.015476
G01 X24.252041 Y22.338278 Z-1.000000
G03 X24.155707 Y22.380528 Z-1.000000 I-0.096334 J-0.088700
G02 X24.034375 Y22.465603 Z-1.000000 I0.000000 J0.129058
G02 X24.027549 Y22.733478 Z-1.000000 I0.397679 J0.144158
G01 X24.028035 Y22.756013 Z-1.000000
G03 X24.011529 Y22.793938 Z-1.000000 I-0.130716 J-0.034337
G01 X24.011607 Y22.829369 Z-1.000000
G02 X24.175860 Y23.050770 Z-1.000000 I1.674390 J-1.070569
G03 X24.278258 Y23.177178 Z-1.000000 I-2.300839 J1.968492
G01 X24.285414 Y23.194430 Z-1.000000
G01 X24.285414 Y23.194947 Z-1.000000
G01 X24.285414 Y23.195464 Z-1.000000
G01 X24.285414 Y23.195981 Z-1.000000
G01 X24.285414 Y23.196498 Z-1.000000
G01 X24.284898 Y23.197014 Z-1.000000
G01 X24.284381 Y23.197531 Z-1.000000
G01 X24.283864 Y23.198048 Z-1.000000
G01 X24.283347 Y23.198048 Z-1.000000
G01 X24.282831 Y23.198048 Z-1.000000
G01 X24.282314 Y23.198048 Z-1.000000
G01 X24.269343 Y23.193428 Z-1.000000
G03 X24.199114 Y23.143268 Z-1.000000 I0.611968 J-0.931058
G02 X24.063787 Y23.075490 Z-1.000000 I-0.239551 J0.309303
G01 X24.034266 Y23.097798 Z-1.000000
G03 X24.032695 Y23.112884 Z-1.000000 I-0.078575 J-0.000559
G01 X24.030166 Y23.118468 Z-1.000000
G01 X24.029649 Y23.118985 Z-1.000000
G01 X24.029132 Y23.119502 Z-1.000000
G01 X24.028615 Y23.119502 Z-1.000000
G01 X24.028099 Y23.120018 Z-1.000000
G01 X24.027582 Y23.120535 Z-1.000000
G01 X24.027065 Y23.120535 Z-1.000000
G01 X24.026548 Y23.120535 Z-1.000000
G01 X24.026032 Y23.121052 Z-1.000000
G03 X23.883095 Y23.038092 Z-1.000000 I-0.009261 J-0.148662
G03 X23.749563 Y22.487499 Z-1.000000 I1.170722 J-0.575417
G02 X23.721586 Y22.340973 Z-1.000000 I-0.447597 J0.009528
G02 X23.604869 Y22.098892 Z-1.000000 I-1.353124 J0.503219
G02 X23.520907 Y21.963909 Z-1.000000 I-4.831097 J2.911437
G01 X23.503583 Y21.950581 Z-1.000000
G01 X23.503066 Y21.950064 Z-1.000000
G01 X23.502549 Y21.950064 Z-1.000000
G01 X23.502033 Y21.950064 Z-1.000000
G01 X23.501516 Y21.950064 Z-1.000000
G01 X23.500999 Y21.950581 Z-1.000000
G01 X23.500482 Y21.950581 Z-1.000000
G01 X23.499966 Y21.950581 Z-1.000000
G01 X23.499966 Y21.951097 Z-1.000000
G01 X23.499449 Y21.951097 Z-1.000000
G01 X23.498919 Y21.951826 Z-1.000000
G01 X23.498449 Y21.952697 Z-1.000000
G02 X23.495104 Y21.990083 Z-1.000000 I0.053652 J0.023643
G02 X23.659680 Y22.648778 Z-1.000000 I40.114637 J-9.672795
G03 X23.733520 Y23.049027 Z-1.000000 I-2.721096 J0.708937
G03 X23.711870 Y23.110766 Z-1.000000 I-0.075177 J0.008303
G01 X23.682586 Y23.106180 Z-1.000000
G03 X23.658640 Y23.007413 Z-1.000000 I0.191712 J-0.098767
G02 X23.626288 Y22.883370 Z-1.000000 I-0.253976 J0.000000
G02 X23.570790 Y22.850833 Z-1.000000 I-0.055498 J0.031062
G02 X23.512302 Y22.911954 Z-1.000000 I0.000000 J0.058544
G02 X23.609030 Y23.720548 Z-1.000000 I5.426213 J-0.239024
G03 X23.599899 Y23.825280 Z-1.000000 I-0.185917 J0.036555
G01 X23.564070 Y23.837336 Z-1.000000
G02 X23.504059 Y23.836983 Z-1.000000 I-0.030295 J0.049032
G02 X23.447282 Y23.907616 Z-1.000000 I0.067754 J0.112599
G01 X23.440917 Y23.920070 Z-1.000000
G01 X23.435912 Y23.924666 Z-1.000000
G01 X23.435395 Y23.925183 Z-1.000000
G01 X23.434878 Y23.925183 Z-1.000000
G01 X23.434362 Y23.925183 Z-1.000000
G01 X23.433845 Y23.925700 Z-1.000000
G01 X23.433328 Y23.925700 Z-1.000000
G01 X23.432811 Y23.925700 Z-1.000000
G01 X23.431990 Y23.925718 Z-1.000000
G01 X23.431311 Y23.925700 Z-1.000000
G01 X23.430794 Y23.925700 Z-1.000000
G01 X23.430277 Y23.925700 Z-1.000000
G01 X23.429578 Y23.925613 Z-1.000000
G00 Z5.000000

(End cutting path id: path2)


(Start cutting path id: path2)
(Change tool to Default tool)

G00 Z5.000000
G00 X23.126237 Y24.321976

G01 Z-1.000000 F100.0(Penetrate)
G01 X23.115150 Y24.310798 Z-1.000000 F3500.000000
G03 X23.102467 Y24.221207 Z-1.000000 I0.463722 J-0.111342
G03 X23.122809 Y24.104156 Z-1.000000 I0.281529 J-0.011366
G01 X23.152077 Y24.098217 Z-1.000000
G03 X23.179285 Y24.160730 Z-1.000000 I-0.067473 J0.066544
G03 X23.159277 Y24.278051 Z-1.000000 I-0.283257 J0.012060
G03 X23.140359 Y24.314163 Z-1.000000 I-0.185777 J-0.074311
G01 X23.130857 Y24.321971 Z-1.000000
G01 X23.130340 Y24.321971 Z-1.000000
G01 X23.129823 Y24.321971 Z-1.000000
G01 X23.128332 Y24.321990 Z-1.000000
G02 X23.127223 Y24.321971 Z-1.000000 I-0.003830 J0.190434
G01 X23.126706 Y24.321971 Z-1.000000
G01 X23.126237 Y24.321976 Z-1.000000
G00 Z5.000000

(End cutting path id: path2)


(Start cutting path id: path2)
(Change tool to Default tool)

G00 Z5.000000
G00 X24.231596 Y25.813137

G01 Z-1.000000 F100.0(Penetrate)
G01 X24.224046 Y25.811056 Z-1.000000 F3500.000000
G03 X24.214026 Y25.805937 Z-1.000000 I0.029386 J-0.069886
G03 X24.154927 Y25.738746 Z-1.000000 I0.080972 J-0.130807
G03 X24.128756 Y25.617835 Z-1.000000 I0.266225 J-0.120911
G01 X24.177571 Y25.585807 Z-1.000000
G03 X24.250195 Y25.670545 Z-1.000000 I-0.050786 J0.117014
G03 X24.258031 Y25.792895 Z-1.000000 I-0.310304 J0.081300
G01 X24.233655 Y25.813172 Z-1.000000
G01 X24.233138 Y25.813172 Z-1.000000
G01 X24.232621 Y25.813172 Z-1.000000
G01 X24.232105 Y25.813172 Z-1.000000
G01 X24.231596 Y25.813137 Z-1.000000
G00 Z5.000000

(End cutting path id: path2)


(Start cutting path id: path2)
(Change tool to Default tool)

G00 Z5.000000
G00 X24.950932 Y26.091678

G01 Z-1.000000 F100.0(Penetrate)
G03 X24.905559 Y26.069379 Z-1.000000 I0.006892 J-0.071335 F3500.000000
G03 X24.795903 Y25.924246 Z-1.000000 I0.624021 J-0.585475
G03 X24.717839 Y25.790161 Z-1.000000 I4.969123 J-2.982803
G01 X24.712703 Y25.772318 Z-1.000000
G01 X24.712703 Y25.771801 Z-1.000000
G01 X24.712703 Y25.771284 Z-1.000000
G01 X24.712703 Y25.770767 Z-1.000000
G01 X24.712703 Y25.770251 Z-1.000000
G01 X24.713220 Y25.769734 Z-1.000000
G01 X24.713220 Y25.769217 Z-1.000000
G01 X24.713737 Y25.769217 Z-1.000000
G01 X24.714254 Y25.769217 Z-1.000000
G01 X24.714771 Y25.769217 Z-1.000000
G01 X24.715287 Y25.769217 Z-1.000000
G01 X24.730095 Y25.776511 Z-1.000000
G03 X24.840861 Y25.879288 Z-1.000000 I-3.185077 J3.543749
G03 X24.970846 Y26.041979 Z-1.000000 I-0.544561 J0.568360
G01 X24.965401 Y26.086510 Z-1.000000
G01 X24.960309 Y26.090128 Z-1.000000
G01 X24.954031 Y26.091710 Z-1.000000
G02 X24.952556 Y26.091758 Z-1.000000 I0.027101 J0.846899
G01 X24.950931 Y26.091710 Z-1.000000
G01 X24.950932 Y26.091678 Z-1.000000
G00 Z5.000000

(End cutting path id: path2)


(Start cutting path id: path2)
(Change tool to Default tool)

G00 Z5.000000
G00 X25.991178 Y26.650294

G01 Z-1.000000 F100.0(Penetrate)
G03 X25.959101 Y26.646831 Z-1.000000 I0.014803 J-0.287444 F3500.000000
G03 X25.914698 Y26.637374 Z-1.000000 I0.079968 J-0.484416
G03 X25.742120 Y26.576175 Z-1.000000 I0.273462 J-1.045078
G01 X25.726596 Y26.552104 Z-1.000000
G03 X25.834890 Y26.459021 Z-1.000000 I0.094170 J0.000022
G03 X26.050091 Y26.601194 Z-1.000000 I-0.046068 J0.303688
G01 X26.047783 Y26.631904 Z-1.000000
G03 X26.010821 Y26.650284 Z-1.000000 I-0.039870 J-0.033823
G03 X26.001758 Y26.650542 Z-1.000000 I-0.009251 J-0.165982
G03 X25.991181 Y26.650284 Z-1.000000 I-0.000235 J-0.207672
G01 X25.991178 Y26.650294 Z-1.000000
G00 Z5.000000

(End cutting path id: path2)


(Start cutting path id: path2)
(Change tool to Default tool)

G00 Z5.000000
G00 X26.381335 Y26.422414

G01 Z-1.000000 F100.0(Penetrate)
G01 X26.365543 Y26.414912 Z-1.000000 F3500.000000
G03 X26.267131 Y26.340254 Z-1.000000 I2.290969 J-3.122078
G03 X26.115002 Y26.205000 Z-1.000000 I1.016580 J-1.296591
G01 X26.102799 Y26.175406 Z-1.000000
G01 X26.139415 Y26.155476 Z-1.000000
G03 X26.302787 Y26.304597 Z-1.000000 I-0.363536 J0.562332
G03 X26.379611 Y26.406268 Z-1.000000 I-2.798006 J2.194084
G01 X26.384957 Y26.419835 Z-1.000000
G01 X26.384957 Y26.420352 Z-1.000000
G01 X26.384957 Y26.420869 Z-1.000000
G01 X26.384957 Y26.421386 Z-1.000000
G01 X26.384957 Y26.421902 Z-1.000000
G01 X26.384440 Y26.421902 Z-1.000000
G01 X26.384440 Y26.422419 Z-1.000000
G01 X26.383923 Y26.422419 Z-1.000000
G01 X26.383407 Y26.422419 Z-1.000000
G01 X26.382890 Y26.422419 Z-1.000000
G01 X26.382373 Y26.422419 Z-1.000000
G01 X26.381856 Y26.422419 Z-1.000000
G01 X26.381335 Y26.422414 Z-1.000000
G00 Z5.000000

(End cutting path id: path2)


(Start cutting path id: path2)
(Change tool to Default tool)

G00 Z5.000000
G00 X26.841772 Y26.515944

G01 Z-1.000000 F100.0(Penetrate)
G03 X26.789565 Y26.487575 Z-1.000000 I0.032687 J-0.122376 F3500.000000
G03 X26.478487 Y26.187281 Z-1.000000 I4.358247 J-4.826033
G03 X26.214621 Y25.895150 Z-1.000000 I4.024896 J-3.900706
G01 X26.203052 Y25.861203 Z-1.000000
G01 X26.203052 Y25.860686 Z-1.000000
G01 X26.203569 Y25.860170 Z-1.000000
G01 X26.203569 Y25.859653 Z-1.000000
G01 X26.204085 Y25.859136 Z-1.000000
G01 X26.204085 Y25.858619 Z-1.000000
G01 X26.204602 Y25.858619 Z-1.000000
G01 X26.205119 Y25.858619 Z-1.000000
G01 X26.205636 Y25.858103 Z-1.000000
G01 X26.206152 Y25.858103 Z-1.000000
G01 X26.206669 Y25.858103 Z-1.000000
G03 X26.247109 Y25.873624 Z-1.000000 I-0.000000 J0.060444
G03 X26.572538 Y26.187281 Z-1.000000 I-4.440231 J4.932529
G03 X26.833745 Y26.475855 Z-1.000000 I-4.100027 J3.973705
G03 X26.847974 Y26.512326 Z-1.000000 I-0.046195 J0.039034
G01 X26.847974 Y26.512843 Z-1.000000
G01 X26.847974 Y26.513360 Z-1.000000
G01 X26.847457 Y26.513876 Z-1.000000
G01 X26.847457 Y26.514393 Z-1.000000
G01 X26.847457 Y26.514910 Z-1.000000
G01 X26.846940 Y26.514910 Z-1.000000
G01 X26.846940 Y26.515427 Z-1.000000
G01 X26.846423 Y26.515427 Z-1.000000
G01 X26.846423 Y26.515944 Z-1.000000
G01 X26.845907 Y26.515944 Z-1.000000
G01 X26.845390 Y26.515944 Z-1.000000
G01 X26.844873 Y26.515944 Z-1.000000
G01 X26.844356 Y26.515944 Z-1.000000
G01 X26.843840 Y26.515944 Z-1.000000
G01 X26.843323 Y26.515944 Z-1.000000
G01 X26.842806 Y26.515944 Z-1.000000
G01 X26.842289 Y26.515944 Z-1.000000
G01 X26.841772 Y26.515944 Z-1.000000
G00 Z5.000000

(End cutting path id: path2)


(Start cutting path id: path2)
(Change tool to Default tool)

G00 Z5.000000
G00 X25.886792 Y27.167645

G01 Z-1.000000 F100.0(Penetrate)
G03 X25.849470 Y27.163173 Z-1.000000 I0.000143 J-0.159152 F3500.000000
G03 X25.765869 Y27.137155 Z-1.000000 I0.160925 J-0.664415
G02 X25.615419 Y27.090088 Z-1.000000 I-0.446916 J1.164573
G02 X25.534359 Y27.080315 Z-1.000000 I-0.081060 J0.331288
G03 X25.467713 Y27.052857 Z-1.000000 I-0.000000 J-0.094612
G03 X25.357625 Y26.905132 Z-1.000000 I0.437830 J-0.441162
G03 X25.310321 Y26.807398 Z-1.000000 I1.176085 J-0.629550
G01 X25.310605 Y26.783692 Z-1.000000
G01 X25.311335 Y26.782306 Z-1.000000
G01 X25.312105 Y26.781092 Z-1.000000
G01 X25.340220 Y26.774766 Z-1.000000
G03 X25.589091 Y26.877722 Z-1.000000 I-1.422307 J3.790332
G03 X25.912050 Y27.109405 Z-1.000000 I-0.419741 J0.926044
G01 X25.886747 Y27.167626 Z-1.000000
G01 X25.886792 Y27.167645 Z-1.000000
G00 Z5.000000

(End cutting path id: path2)


(Start cutting path id: path2)
(Change tool to Default tool)

G00 Z5.000000
G00 X26.160160 Y28.190391

G01 Z-1.000000 F100.0(Penetrate)
G01 X26.145178 Y28.181563 Z-1.000000 F3500.000000
G03 X26.055774 Y28.072569 Z-1.000000 I1.880531 J-1.633711
G03 X25.982042 Y27.902348 Z-1.000000 I0.296151 J-0.229359
G03 X26.016504 Y27.827106 Z-1.000000 I0.073658 J-0.011777
G01 X26.022845 Y27.778439 Z-1.000000
G02 X25.903332 Y27.707733 Z-1.000000 I-0.183438 J0.173703
G03 X25.755498 Y27.633357 Z-1.000000 I0.100328 J-0.383529
G01 X25.752954 Y27.586810 Z-1.000000
G02 X25.762348 Y27.525700 Z-1.000000 I-0.036970 J-0.036960
G02 X25.654774 Y27.398191 Z-1.000000 I-0.338091 J0.176100
G03 X25.542023 Y27.298068 Z-1.000000 I0.595503 J-0.784161
G01 X25.535401 Y27.279335 Z-1.000000
G01 X25.535655 Y27.278525 Z-1.000000
G01 X25.535918 Y27.277835 Z-1.000000
G01 X25.536438 Y27.276969 Z-1.000000
G01 X25.536918 Y27.276335 Z-1.000000
G01 X25.537434 Y27.275818 Z-1.000000
G01 X25.537951 Y27.275301 Z-1.000000
G01 X25.582109 Y27.272185 Z-1.000000
G03 X25.960664 Y27.479940 Z-1.000000 I-1.209703 J2.652994
G03 X26.290227 Y27.820408 Z-1.000000 I-0.576750 J0.888015
G03 X26.230415 Y27.926424 Z-1.000000 I-0.059812 J0.036135
G02 X26.149559 Y27.973957 Z-1.000000 I-0.000000 J0.092536
G02 X26.139465 Y28.090755 Z-1.000000 I0.125140 J0.069651
G03 X26.165678 Y28.174417 Z-1.000000 I-1.308988 J0.456067
G01 X26.164785 Y28.187905 Z-1.000000
G01 X26.164268 Y28.188422 Z-1.000000
G01 X26.164268 Y28.188939 Z-1.000000
G01 X26.163752 Y28.188939 Z-1.000000
G01 X26.163235 Y28.189455 Z-1.000000
G01 X26.163235 Y28.189972 Z-1.000000
G01 X26.162718 Y28.189972 Z-1.000000
G01 X26.162201 Y28.189972 Z-1.000000
G01 X26.161685 Y28.190489 Z-1.000000
G01 X26.161168 Y28.190489 Z-1.000000
G01 X26.160651 Y28.190489 Z-1.000000
G01 X26.160160 Y28.190391 Z-1.000000
G00 Z5.000000

(End cutting path id: path2)


(Start cutting path id: path2)
(Change tool to Default tool)

G00 Z5.000000
G00 X26.296069 Y29.711741

G01 Z-1.000000 F100.0(Penetrate)
G03 X26.219927 Y29.689659 Z-1.000000 I-0.000000 J-0.142319 F3500.000000
G03 X26.149308 Y29.618211 Z-1.000000 I0.119554 J-0.188789
G01 X26.155294 Y29.559812 Z-1.000000
G03 X26.238188 Y29.524161 Z-1.000000 I0.082894 J0.078546
G03 X26.351311 Y29.557459 Z-1.000000 I-0.000000 J0.208807
G03 X26.384432 Y29.618211 Z-1.000000 I-0.039157 J0.060752
G03 X26.357708 Y29.685239 Z-1.000000 I-0.097421 J0.000000
G03 X26.296062 Y29.711741 Z-1.000000 I-0.061646 J-0.058447
G01 X26.296069 Y29.711741 Z-1.000000
G00 Z5.000000

(End cutting path id: path2)


(Start cutting path id: path2)
(Change tool to Default tool)

G00 Z5.000000
G00 X25.673885 Y30.087944

G01 Z-1.000000 F100.0(Penetrate)
G03 X25.398396 Y30.054842 Z-1.000000 I0.000000 J-1.162934 F3500.000000
G01 X25.382947 Y30.017147 Z-1.000000
G03 X25.785314 Y29.791325 Z-1.000000 I0.404998 J0.250242
G03 X26.008748 Y30.013527 Z-1.000000 I0.001228 J0.222202
G01 X25.975576 Y30.054867 Z-1.000000
G03 X25.673885 Y30.087941 Z-1.000000 I-0.301691 J-1.359438
G01 X25.673885 Y30.087944 Z-1.000000
G00 Z5.000000

(End cutting path id: path2)


(Start cutting path id: path2)
(Change tool to Default tool)

G00 Z5.000000
G00 X25.820646 Y30.357694

G01 Z-1.000000 F100.0(Penetrate)
G03 X25.755041 Y30.352451 Z-1.000000 I-0.000000 J-0.413066 F3500.000000
G03 X25.703341 Y30.338057 Z-1.000000 I0.038119 J-0.236960
G03 X25.680320 Y30.325343 Z-1.000000 I0.040634 J-0.100776
G01 X25.675431 Y30.318420 Z-1.000000
G01 X25.675431 Y30.316870 Z-1.000000
G01 X25.675431 Y30.316354 Z-1.000000
G01 X25.675431 Y30.315837 Z-1.000000
G01 X25.675431 Y30.315320 Z-1.000000
G01 X25.675948 Y30.314803 Z-1.000000
G01 X25.676465 Y30.314287 Z-1.000000
G01 X25.676465 Y30.313770 Z-1.000000
G01 X25.695227 Y30.301493 Z-1.000000
G03 X25.820642 Y30.290516 Z-1.000000 I0.125415 J0.710912
G03 X25.945708 Y30.301558 Z-1.000000 I0.000000 J0.713783
G01 X25.964303 Y30.313770 Z-1.000000
G01 X25.964819 Y30.314287 Z-1.000000
G01 X25.965099 Y30.315063 Z-1.000000
G01 X25.965336 Y30.315837 Z-1.000000
G01 X25.965336 Y30.316353 Z-1.000000
G01 X25.965336 Y30.316870 Z-1.000000
G01 X25.965336 Y30.317387 Z-1.000000
G01 X25.965336 Y30.317904 Z-1.000000
G01 X25.964819 Y30.317904 Z-1.000000
G01 X25.964819 Y30.318420 Z-1.000000
G01 X25.960176 Y30.325366 Z-1.000000
G03 X25.937949 Y30.338057 Z-1.000000 I-0.057749 J-0.075326
G03 X25.886242 Y30.352451 Z-1.000000 I-0.089859 J-0.222734
G03 X25.820643 Y30.357694 Z-1.000000 I-0.065599 J-0.407721
G01 X25.820646 Y30.357694 Z-1.000000
G00 Z5.000000

(End cutting path id: path2)


(Start cutting path id: path2)
(Change tool to Default tool)

G00 Z5.000000
G00 X25.350391 Y29.618211

G01 Z-1.000000 F100.0(Penetrate)
G03 X25.196115 Y29.584722 Z-1.000000 I0.000000 J-0.372102 F3500.000000
G03 X25.162805 Y29.532941 Z-1.000000 I0.023592 J-0.051781
G01 X25.196734 Y29.491811 Z-1.000000
G03 X25.350391 Y29.496771 Z-1.000000 I0.065920 J0.340417
G03 X25.522971 Y29.557961 Z-1.000000 I-0.273189 J1.044461
G01 X25.538493 Y29.582041 Z-1.000000
G01 X25.538493 Y29.582558 Z-1.000000
G01 X25.538493 Y29.583075 Z-1.000000
G01 X25.538128 Y29.584097 Z-1.000000
G01 X25.537493 Y29.585675 Z-1.000000
G01 X25.536977 Y29.586191 Z-1.000000
G01 X25.536977 Y29.586708 Z-1.000000
G01 X25.506977 Y29.604478 Z-1.000000
G03 X25.350425 Y29.618228 Z-1.000000 I-0.156552 J-0.884317
G01 X25.350391 Y29.618211 Z-1.000000
G00 Z5.000000

(End cutting path id: path2)


(Start cutting path id: path2)
(Change tool to Default tool)

G00 Z5.000000
G00 X23.529313 Y28.359351

G01 Z-1.000000 F100.0(Penetrate)
G03 X23.493323 Y28.348599 Z-1.000000 I0.008578 J-0.094322 F3500.000000
G03 X23.423893 Y28.301991 Z-1.000000 I0.194624 J-0.364944
G03 X23.296199 Y28.182388 Z-1.000000 I0.927057 J-1.117737
G01 X23.282817 Y28.153163 Z-1.000000
G01 X23.282817 Y28.152646 Z-1.000000
G01 X23.282817 Y28.152129 Z-1.000000
G01 X23.282817 Y28.151613 Z-1.000000
G01 X23.283039 Y28.150884 Z-1.000000
G01 X23.283333 Y28.150013 Z-1.000000
G01 X23.283333 Y28.149497 Z-1.000000
G01 X23.283845 Y28.148673 Z-1.000000
G01 X23.284333 Y28.147897 Z-1.000000
G01 X23.285027 Y28.147381 Z-1.000000
G01 X23.285933 Y28.146897 Z-1.000000
G01 X23.311549 Y28.142183 Z-1.000000
G03 X23.423909 Y28.173767 Z-1.000000 I-0.114009 J0.621241
G03 X23.535229 Y28.248518 Z-1.000000 I-0.107605 J0.280511
G03 X23.564986 Y28.323629 Z-1.000000 I-0.079917 J0.075111
G01 X23.554756 Y28.350095 Z-1.000000
G01 X23.533976 Y28.359289 Z-1.000000
G01 X23.531700 Y28.359341 Z-1.000000
G01 X23.529276 Y28.359289 Z-1.000000
G01 X23.529313 Y28.359351 Z-1.000000
G00 Z5.000000

(End cutting path id: path2)


(Start cutting path id: path2)
(Change tool to Default tool)

G00 Z5.000000
G00 X23.083862 Y28.723705

G01 Z-1.000000 F100.0(Penetrate)
G01 X23.052430 Y28.704737 Z-1.000000 F3500.000000
G03 X23.032182 Y28.627065 Z-1.000000 I0.138957 J-0.077699
G03 X23.061036 Y28.518890 Z-1.000000 I0.217215 J0.000003
G03 X23.110732 Y28.490122 Z-1.000000 I0.049696 J0.028541
G03 X23.164580 Y28.514450 Z-1.000000 I0.000000 J0.071757
G03 X23.188762 Y28.578492 Z-1.000000 I-0.072709 J0.064042
G03 X23.168427 Y28.655548 Z-1.000000 I-0.156165 J-0.000000
G03 X23.110732 Y28.715434 Z-1.000000 I-0.145752 J-0.082684
G03 X23.095979 Y28.722086 Z-1.000000 I-0.032960 J-0.053417
G01 X23.083862 Y28.723734 Z-1.000000
G01 X23.083862 Y28.723705 Z-1.000000
G00 Z5.000000

(End cutting path id: path2)


(Start cutting path id: path2)
(Change tool to Default tool)

G00 Z5.000000
G00 X23.063192 Y29.572741

G01 Z-1.000000 F100.0(Penetrate)
G03 X23.017458 Y29.555573 Z-1.000000 I0.004319 J-0.081006 F3500.000000
G01 X23.000662 Y29.521061 Z-1.000000
G03 X23.032809 Y29.462138 Z-1.000000 I0.070074 J0.000000
G03 X23.141739 Y29.430111 Z-1.000000 I0.108930 J0.169233
G03 X23.263841 Y29.445227 Z-1.000000 I-0.000000 J0.500697
G01 X23.282816 Y29.465251 Z-1.000000
G01 X23.282834 Y29.466020 Z-1.000000
G01 X23.282816 Y29.466751 Z-1.000000
G01 X23.268158 Y29.493612 Z-1.000000
G03 X23.141739 Y29.557701 Z-1.000000 I-0.374603 J-0.582197
G03 X23.096802 Y29.570448 Z-1.000000 I-0.093166 J-0.242851
G03 X23.063189 Y29.572691 Z-1.000000 I-0.026115 J-0.138401
G01 X23.063192 Y29.572741 Z-1.000000
G00 Z5.000000

(End cutting path id: path2)


(Start cutting path id: path2)
(Change tool to Default tool)

G00 Z5.000000
G00 X23.164994 Y30.236255

G01 Z-1.000000 F100.0(Penetrate)
G01 X23.124561 Y30.208014 Z-1.000000 F3500.000000
G03 X23.094714 Y30.046603 Z-1.000000 I0.421525 J-0.161411
G03 X23.132859 Y29.843981 Z-1.000000 I0.557218 J-0.000000
G03 X23.188764 Y29.805791 Z-1.000000 I0.055905 J0.021823
G03 X23.247179 Y29.841388 Z-1.000000 I0.000000 J0.065728
G03 X23.282814 Y29.988209 Z-1.000000 I-0.284642 J0.146821
G03 X23.251700 Y30.153491 Z-1.000000 I-0.454559 J0.000000
G03 X23.188764 Y30.229021 Z-1.000000 I-0.144458 J-0.056386
G03 X23.175865 Y30.234777 Z-1.000000 I-0.027536 J-0.044378
G01 X23.164994 Y30.236251 Z-1.000000
G01 X23.164994 Y30.236255 Z-1.000000
G00 Z5.000000

(End cutting path id: path2)


(Start cutting path id: path2)
(Change tool to Default tool)

G00 Z5.000000
G00 X25.129215 Y32.667631

G01 Z-1.000000 F100.0(Penetrate)
G03 X25.051120 Y32.651694 Z-1.000000 I0.014071 J-0.268261 F3500.000000
G03 X24.857914 Y32.566862 Z-1.000000 I0.570287 J-1.561270
G03 X24.709133 Y32.417305 Z-1.000000 I0.158438 J-0.306399
G03 X24.740092 Y32.335868 Z-1.000000 I0.052323 J-0.026712
G02 X24.833663 Y32.287982 Z-1.000000 I-0.189475 J-0.485605
G01 X24.843962 Y32.270756 Z-1.000000
G01 X24.843962 Y32.270240 Z-1.000000
G01 X24.843962 Y32.269723 Z-1.000000
G01 X24.843445 Y32.269723 Z-1.000000
G01 X24.843445 Y32.269206 Z-1.000000
G01 X24.843445 Y32.268689 Z-1.000000
G01 X24.843206 Y32.267912 Z-1.000000
G01 X24.842928 Y32.267139 Z-1.000000
G01 X24.842022 Y32.265862 Z-1.000000
G01 X24.840828 Y32.264559 Z-1.000000
G01 X24.832593 Y32.260177 Z-1.000000
G02 X24.810338 Y32.256289 Z-1.000000 I-0.027686 J0.092845
G03 X24.727925 Y32.217422 Z-1.000000 I0.006812 J-0.121252
G03 X24.696133 Y32.132266 Z-1.000000 I0.088205 J-0.081442
G03 X24.928483 Y32.047058 Z-1.000000 I0.133193 J0.003800
G03 X25.162254 Y32.651614 Z-1.000000 I-0.680034 J0.610433
G01 X25.156874 Y32.661668 Z-1.000000
G01 X25.138484 Y32.667634 Z-1.000000
G03 X25.134203 Y32.667747 Z-1.000000 I-0.005042 J-0.110019
G03 X25.129184 Y32.667634 Z-1.000000 I-0.000591 J-0.085428
G01 X25.129215 Y32.667631 Z-1.000000
G00 Z5.000000

(End cutting path id: path2)


(Start cutting path id: path2)
(Change tool to Default tool)

G00 Z5.000000
G00 X27.147697 Y31.027937

G01 Z-1.000000 F100.0(Penetrate)
G03 X27.066398 Y31.004897 Z-1.000000 I0.000000 J-0.154954 F3500.000000
G03 X26.995251 Y30.933886 Z-1.000000 I0.114633 J-0.186000
G03 X26.989190 Y30.868794 Z-1.000000 I0.062416 J-0.038640
G01 X27.031421 Y30.839835 Z-1.000000
G03 X27.112518 Y30.862923 Z-1.000000 I-0.000000 J0.153976
G03 X27.183350 Y30.933886 Z-1.000000 I-0.115020 J0.185638
G03 X27.189621 Y30.998940 Z-1.000000 I-0.063042 J0.038906
G01 X27.147690 Y31.027937 Z-1.000000
G01 X27.147697 Y31.027937 Z-1.000000
G00 Z5.000000

(End cutting path id: path2)


(Start cutting path id: path2)
(Change tool to Default tool)

G00 Z5.000000
G00 X28.166756 Y30.746301

G01 Z-1.000000 F100.0(Penetrate)
G01 X28.151032 Y30.738748 Z-1.000000 F3500.000000
G03 X28.053068 Y30.663619 Z-1.000000 I3.412295 J-4.550917
G03 X27.900497 Y30.528805 Z-1.000000 I1.069249 J-1.363822
G01 X27.888220 Y30.499288 Z-1.000000
G01 X27.924833 Y30.479360 Z-1.000000
G03 X28.088208 Y30.628479 Z-1.000000 I-0.363562 J0.562373
G03 X28.165503 Y30.730148 Z-1.000000 I-3.357960 J2.633138
G01 X28.170888 Y30.743718 Z-1.000000
G01 X28.170888 Y30.744234 Z-1.000000
G01 X28.170888 Y30.744751 Z-1.000000
G01 X28.170888 Y30.745268 Z-1.000000
G01 X28.170372 Y30.745784 Z-1.000000
G01 X28.170372 Y30.746301 Z-1.000000
G01 X28.169855 Y30.746301 Z-1.000000
G01 X28.169338 Y30.746301 Z-1.000000
G01 X28.168821 Y30.746301 Z-1.000000
G01 X28.168367 Y30.746275 Z-1.000000
G01 X28.167321 Y30.746301 Z-1.000000
G01 X28.166756 Y30.746301 Z-1.000000
G00 Z5.000000

(End cutting path id: path2)


(Start cutting path id: path2)
(Change tool to Default tool)

G00 Z5.000000
G00 X28.443742 Y27.059125

G01 Z-1.000000 F100.0(Penetrate)
G03 X28.395159 Y27.045620 Z-1.000000 I0.001174 J-0.098365 F3500.000000
G03 X28.332638 Y26.997115 Z-1.000000 I0.154958 J-0.264278
G03 X28.272495 Y26.929634 Z-1.000000 I0.597509 J-0.593077
G01 X28.269588 Y26.916505 Z-1.000000
G01 X28.269588 Y26.915988 Z-1.000000
G01 X28.269588 Y26.915471 Z-1.000000
G01 X28.270105 Y26.915471 Z-1.000000
G01 X28.270105 Y26.914955 Z-1.000000
G01 X28.270622 Y26.914438 Z-1.000000
G01 X28.270622 Y26.913921 Z-1.000000
G01 X28.271139 Y26.913921 Z-1.000000
G01 X28.271894 Y26.913383 Z-1.000000
G01 X28.272739 Y26.912921 Z-1.000000
G01 X28.287949 Y26.912121 Z-1.000000
G03 X28.360069 Y26.935141 Z-1.000000 I-0.174891 J0.672405
G02 X28.484642 Y26.929629 Z-1.000000 I0.055904 J-0.147010
G02 X28.639122 Y26.799749 Z-1.000000 I-0.179998 J-0.370899
G03 X28.843513 Y26.655675 Z-1.000000 I0.310961 J0.224129
G03 X28.969334 Y26.704149 Z-1.000000 I0.030993 J0.107082
G03 X28.969547 Y26.765867 Z-1.000000 I-0.050127 J0.031033
G03 X28.911974 Y26.798199 Z-1.000000 I-0.057573 J-0.035094
G02 X28.806622 Y26.824986 Z-1.000000 I0.000000 J0.220568
G02 X28.622070 Y26.955812 Z-1.000000 I0.456217 J0.839153
G03 X28.505468 Y27.042419 Z-1.000000 I-0.504599 J-0.557564
G03 X28.443786 Y27.059165 Z-1.000000 I-0.060288 J-0.100093
G01 X28.443742 Y27.059125 Z-1.000000
G00 Z5.000000

(End cutting path id: path2)


(Start cutting path id: path2)
(Change tool to Default tool)

G00 Z5.000000
G00 X28.314551 Y26.798144

G01 Z-1.000000 F100.0(Penetrate)
G03 X28.280102 Y26.782003 Z-1.000000 I0.006211 J-0.058087 F3500.000000
G03 X28.217401 Y26.704094 Z-1.000000 I0.282992 J-0.291939
G03 X28.212901 Y26.640014 Z-1.000000 I0.058872 J-0.036332
G03 X28.258741 Y26.610044 Z-1.000000 I0.045840 J0.020071
G03 X28.330074 Y26.638338 Z-1.000000 I-0.000000 J0.104068
G03 X28.358481 Y26.704094 Z-1.000000 I-0.061903 J0.065756
G03 X28.341868 Y26.781792 Z-1.000000 I-0.190000 J-0.000000
G01 X28.316621 Y26.798144 Z-1.000000
G03 X28.315806 Y26.798138 Z-1.000000 I0.000000 J-0.053557
G01 X28.315121 Y26.798144 Z-1.000000
G01 X28.314551 Y26.798144 Z-1.000000
G00 Z5.000000

(End cutting path id: path2)


(Start cutting path id: path2)
(Change tool to Default tool)

G00 Z5.000000
G00 X28.506270 Y26.559864

G01 Z-1.000000 F100.0(Penetrate)
G03 X28.452244 Y26.544734 Z-1.000000 I0.011387 J-0.144686 F3500.000000
G03 X28.316618 Y26.461674 Z-1.000000 I0.437860 J-0.867221
G03 X28.255704 Y26.368012 Z-1.000000 I0.092914 J-0.127067
G01 X28.287678 Y26.328349 Z-1.000000
G03 X28.424294 Y26.358565 Z-1.000000 I-0.000000 J0.323948
G03 X28.503169 Y26.428601 Z-1.000000 I-0.077583 J0.166808
G03 X28.533013 Y26.535358 Z-1.000000 I-0.170044 J0.105087
G01 X28.506269 Y26.559859 Z-1.000000
G01 X28.506270 Y26.559864 Z-1.000000
G00 Z5.000000

(End cutting path id: path2)


(Start cutting path id: path2)
(Change tool to Default tool)

G00 Z5.000000
G00 X28.696956 Y26.112348

G01 Z-1.000000 F100.0(Penetrate)
G03 X28.673602 Y26.108591 Z-1.000000 I0.001790 J-0.085580 F3500.000000
G03 X28.606526 Y26.085478 Z-1.000000 I0.309310 J-1.006550
G03 X28.480628 Y26.006891 Z-1.000000 I0.139463 J-0.363562
G03 X28.452530 Y25.942334 Z-1.000000 I0.060114 J-0.064557
G01 X28.500837 Y25.906736 Z-1.000000
G03 X28.642182 Y26.001244 Z-1.000000 I-0.088434 J0.285212
G03 X28.708324 Y26.090087 Z-1.000000 I-0.808536 J0.670988
G01 X28.709882 Y26.106664 Z-1.000000
G01 X28.709882 Y26.107181 Z-1.000000
G01 X28.709366 Y26.107698 Z-1.000000
G01 X28.708849 Y26.108214 Z-1.000000
G01 X28.708849 Y26.108731 Z-1.000000
G01 X28.708332 Y26.109248 Z-1.000000
G01 X28.704475 Y26.111275 Z-1.000000
G01 X28.696962 Y26.112348 Z-1.000000
G01 X28.696956 Y26.112348 Z-1.000000
G00 Z5.000000

(End cutting path id: path2)


(Start cutting path id: path2)
(Change tool to Default tool)

G00 Z5.000000
G00 X29.048873 Y25.982638

G01 Z-1.000000 F100.0(Penetrate)
G03 X28.920511 Y25.956142 Z-1.000000 I0.008227 J-0.364033 F3500.000000
G03 X28.816329 Y25.876184 Z-1.000000 I0.092321 J-0.228142
G01 X28.815812 Y25.876184 Z-1.000000
G03 X28.747190 Y25.780867 Z-1.000000 I2.336573 J-1.754547
G01 X28.742952 Y25.769214 Z-1.000000
G01 X28.742952 Y25.768697 Z-1.000000
G01 X28.742952 Y25.768181 Z-1.000000
G01 X28.742952 Y25.767664 Z-1.000000
G01 X28.743469 Y25.767664 Z-1.000000
G01 X28.743469 Y25.767147 Z-1.000000
G01 X28.743986 Y25.767147 Z-1.000000
G01 X28.744503 Y25.767147 Z-1.000000
G01 X28.745019 Y25.767147 Z-1.000000
G01 X28.756127 Y25.772827 Z-1.000000
G03 X28.820989 Y25.827097 Z-1.000000 I-0.935151 J1.183561
G02 X28.952859 Y25.895644 Z-1.000000 I0.202864 J-0.229152
G02 X29.074720 Y25.887557 Z-1.000000 I0.047877 J-0.200760
G03 X29.178984 Y25.865038 Z-1.000000 I0.124816 J0.325266
G01 X29.202878 Y25.878757 Z-1.000000
G03 X29.203726 Y25.881047 Z-1.000000 I-0.047712 J0.018975
G01 X29.204478 Y25.883957 Z-1.000000
G01 X29.204490 Y25.884504 Z-1.000000
G01 X29.204478 Y25.884957 Z-1.000000
G03 X29.161967 Y25.955779 Z-1.000000 I-0.080249 J0.000000
G03 X29.048932 Y25.982627 Z-1.000000 I-0.107722 J-0.202161
G01 X29.048873 Y25.982638 Z-1.000000
G00 Z5.000000

(End cutting path id: path2)


(Start cutting path id: path2)
(Change tool to Default tool)

G00 Z5.000000
G00 X29.032853 Y25.475708

G01 Z-1.000000 F100.0(Penetrate)
G01 X29.029757 Y25.475516 Z-1.000000 F3500.000000
G02 X29.026653 Y25.475191 Z-1.000000 I-0.026104 J0.234368
G03 X28.973909 Y25.458447 Z-1.000000 I0.012255 J-0.130046
G03 X28.897462 Y25.399741 Z-1.000000 I0.179462 J-0.312824
G03 X28.840532 Y25.335644 Z-1.000000 I0.547722 J-0.543815
G01 X28.837522 Y25.322221 Z-1.000000
G01 X28.837522 Y25.321704 Z-1.000000
G01 X28.837522 Y25.321187 Z-1.000000
G01 X28.838039 Y25.320671 Z-1.000000
G01 X28.838556 Y25.320154 Z-1.000000
G01 X28.838556 Y25.319637 Z-1.000000
G01 X28.839073 Y25.319120 Z-1.000000
G01 X28.853940 Y25.316435 Z-1.000000
G03 X28.949660 Y25.347030 Z-1.000000 I-0.232572 J0.892669
G03 X29.065951 Y25.422447 Z-1.000000 I-0.117347 J0.308316
G01 X29.065932 Y25.463818 Z-1.000000
G01 X29.052432 Y25.472401 Z-1.000000
G03 X29.032862 Y25.475708 Z-1.000000 I-0.018884 J-0.052187
G01 X29.032853 Y25.475708 Z-1.000000
G00 Z5.000000

(End cutting path id: path2)


(Start cutting path id: path2)
(Change tool to Default tool)

G00 Z5.000000
G00 X29.157393 Y25.215778

G01 Z-1.000000 F100.0(Penetrate)
G01 X28.867489 Y25.056098 Z-1.000000 F3500.000000
G03 X28.620859 Y24.870665 Z-1.000000 I0.531435 J-0.963546
G03 X28.577584 Y24.766194 Z-1.000000 I0.104464 J-0.104471
G03 X28.631048 Y24.689746 Z-1.000000 I0.081389 J0.000001
G03 X28.932084 Y24.636486 Z-1.000000 I0.301036 J0.824120
G03 X29.208661 Y24.708558 Z-1.000000 I-0.000000 J0.566721
G03 X29.272115 Y24.826655 Z-1.000000 I-0.060820 J0.108774
G03 X29.216948 Y24.950692 Z-1.000000 I-0.200863 J-0.015050
G03 X29.137240 Y24.967732 Z-1.000000 I-0.052362 J-0.049987
G02 X28.828315 Y24.855086 Z-1.000000 I-1.641708 J4.022339
G01 X28.793591 Y24.859728 Z-1.000000
G01 X28.791722 Y24.861724 Z-1.000000
G01 X28.790491 Y24.863828 Z-1.000000
G01 X28.790189 Y24.864707 Z-1.000000
G01 X28.789974 Y24.865328 Z-1.000000
G01 X28.798012 Y24.890168 Z-1.000000
G02 X28.922266 Y25.011056 Z-1.000000 I1.153153 J-1.060964
G01 X29.157393 Y25.215778 Z-1.000000
G00 Z5.000000

(End cutting path id: path2)


(Start cutting path id: path2)
(Change tool to Default tool)

G00 Z5.000000
G00 X29.215271 Y26.609984

G01 Z-1.000000 F100.0(Penetrate)
G03 X29.134174 Y26.586897 Z-1.000000 I0.000000 J-0.153978 F3500.000000
G03 X29.063342 Y26.515934 Z-1.000000 I0.115016 J-0.185635
G03 X29.057071 Y26.450881 Z-1.000000 I0.063041 J-0.038905
G01 X29.099002 Y26.421884 Z-1.000000
G03 X29.180368 Y26.444926 Z-1.000000 I-0.000000 J0.155181
G03 X29.251447 Y26.515934 Z-1.000000 I-0.114090 J0.185284
G03 X29.257488 Y26.581013 Z-1.000000 I-0.062596 J0.038631
G01 X29.215277 Y26.609984 Z-1.000000
G01 X29.215271 Y26.609984 Z-1.000000
G00 Z5.000000

(End cutting path id: path2)


(Start cutting path id: path2)
(Change tool to Default tool)

G00 Z5.000000
G00 X27.146663 Y25.287088

G01 Z-1.000000 F100.0(Penetrate)
G03 X27.093926 Y25.270513 Z-1.000000 I0.012407 J-0.131660 F3500.000000
G03 X27.017472 Y25.212158 Z-1.000000 I0.173640 J-0.306755
G03 X26.960512 Y25.147625 Z-1.000000 I0.520772 J-0.517057
G01 X26.957532 Y25.134128 Z-1.000000
G01 X26.957532 Y25.133611 Z-1.000000
G01 X26.958048 Y25.133094 Z-1.000000
G01 X26.958048 Y25.132577 Z-1.000000
G01 X26.958565 Y25.132061 Z-1.000000
G01 X26.959082 Y25.131544 Z-1.000000
G01 X26.974020 Y25.128830 Z-1.000000
G03 X27.070186 Y25.159444 Z-1.000000 I-0.227259 J0.880214
G03 X27.186037 Y25.234879 Z-1.000000 I-0.116018 J0.304856
G01 X27.185941 Y25.276233 Z-1.000000
G01 X27.170341 Y25.285179 Z-1.000000
G03 X27.146671 Y25.287083 Z-1.000000 I-0.017197 J-0.065712
G01 X27.146663 Y25.287088 Z-1.000000
G00 Z5.000000

(End cutting path id: path2)


(Footer)
M5
G00 X0.0000 Y0.0000
M2
(Using default footer. To add your own footer create file "footer" in the output dir.)
(end)
%